Width,Height,Die #,New Die ID Format,# Per Page,Description,Shape,Corner,# Per Stroke,Strokes Per Page,Image,Prodcut Type,Cutter
2,3.5,P0002,P0001-P0002,25,Business Card ( See also P0001 ),Square,Square,5,5,https://media.magnetguys.com/diecut_proof/D__P0001-P0002__3.5-x-2_P0001-P0002_Square-corner.jpg,Magnets,Preco
2,3.5,P0003,P0003-P0176,25,Business Card (See also P0176),Round,Round,5,5,https://media.magnetguys.com/diecut_proof/D__P0003-P0176__3.5-x-2_P0003-P0176_Round-corner.jpg,Magnets,Preco
3.5,4,P0004,P0004-P0005,12,Rectangle ( See also P0005 ),Round,Round,6,2,https://media.magnetguys.com/diecut_proof/D__P0004-P0005__3.5-x-4_P0004-P0005_Round-corner.jpg,Magnets,Preco
3.5,4,P0005,P0004-P0005,12,Rectangle ( See also P0004 ),Round,Round,6,2,https://media.magnetguys.com/diecut_proof/D__P0004-P0005__3.5-x-4_P0004-P0005_Round-corner.jpg,Magnets,Preco
3.5,4,P0006,P0006,12,Rectangle,Square,Square,6,2,https://media.magnetguys.com/diecut_proof/D__P0006__3.5-x-4_P0006_Square-corner.jpg,Magnets,Preco
2,3,P0007,P0007,25,Rectangle,Square,Square,5,5,https://media.magnetguys.com/diecut_proof/D__P0007__3-x-2_P0007_Square-corner.jpg,Magnets,Preco
2,3,P0008,P0008-P0110,25,Rectangle(See also -P0110),Round,Round,5,5,https://media.magnetguys.com/diecut_proof/D__P0008-P0110__3-x-2_P0008-P0110_Round-corner.jpg,Magnets,Preco
3,3.5,P0009,P0009-P0113,15,Rectangle See also P0113,Square,Square,3,5,https://media.magnetguys.com/diecut_proof/D__P0009-P0113__3.5-x-3_P0009-P0113_Square-corner.jpg,Magnets,Preco
3,3.5,P0010,P0010-P0112,15,Rectangle See also P0112,Round,Round,3,5,https://media.magnetguys.com/diecut_proof/D__P0010-P0112__3.5-x-3_P0010-P0112_Round-corner.jpg,Magnets,Preco
3.5,5,P0011,P0011,9,Rectangle,Round,Round,3,3,#N/A,Magnets,Preco
3.5,5,P0012,P0012,9,Rectangle,Square,Square,3,3,#N/A,Magnets,Preco
3,6,P0013,P0013,9,Rectangle,Square,Square,3,3,https://media.magnetguys.com/diecut_proof/D__P0013__3-x-6_P0013_Square-Corner.jpg,Magnets,Preco
3,6,P0014,P0014,9,Rectangle,Round,Round,3,3,https://media.magnetguys.com/diecut_proof/D__P0014__3-x-6_P0014_Round-corner.jpg,Magnets,Preco
3.5,6,P0015,P0015,9,Rectangle,Square,Square,3,3,#N/A,Magnets,Preco
3.5,6,P0016,P0016-P0117,9,Rectangle (See also P0117 ),Round,Round,3,3,#N/A,Magnets,Preco
3.75,6.12,P0017,P0017,6,Rectangle,Square,Square,3,2,#N/A,Magnets,Preco
3.75,6.12,P0018,P0018,6,Rectangle,Round,Round,3,2,#N/A,Magnets,Preco
4.5,4.5,P0019,P0019,6,Circle,Circle,NA,2,3,#N/A,Magnets,Preco
4,4,P0020,P0020,9,Circle,Circle,NA,3,3,#N/A,Magnets,Preco
4,4,P0021,P0021,8,Rectangle,Square,Square,4,2,#N/A,Magnets,Preco
4,4,P0022,P0022,8,Rectangle,Round,Round,4,2,#N/A,Magnets,Preco
5,8,P0023,P0023,4,Rectangle,Round,Round,2,2,#N/A,Magnets,Preco
5,8,P0024,P0024-P1111,4,Rectangle ( See also P1111 ),Square,Square,2,2,#N/A,Magnets,Preco
3,5,P0025,P0025-P1325,10,Oval (See also P1325 ),Oval,NA,2,5,#N/A,Magnets,Preco
6,6.75,P0026,P0026,3,Rectangle,Square,Square,1,3,#N/A,Magnets,Preco
6,6.75,P0027,P0027-P0116,3,Rectangle (See also P0116 ),Round,Round,1,3,#N/A,Magnets,Preco
6,6,P0028,P0028-P0641,3,Circle (See also P0641),Circle,NA,1,3,#N/A,Magnets,Preco
4,6,P0029,P0029-P0178-P1374,6,Oval (See also P0178-P1374),Oval,NA,2,3,#N/A,Magnets,Preco
4,6,P0030,P0030-P0339,6,Rectangle (See also P0339),Square,Square,3,2,#N/A,Magnets,Preco
4,6,P0031,P0031-P0177,6,Rectangle (See also P0177),Round,Round,3,2,#N/A,Magnets,Preco
4,7,P0032,P0032-P0040,6,Rectangle (See also P0040),Square,Square,3,2,#N/A,Magnets,Preco
4,7,P0033,P0033-P0129-P1216,6,Rectangle (see also P0129-P1216),Round,Round,3,2,#N/A,Magnets,Preco
3,5,P0034,P0034-P0845,10,Rectangle (See also P0845),Round,Round,2,5,https://media.magnetguys.com/diecut_proof/D__P0034-P0845__3-x-5_P0034-P0845_Round-corner.jpg,Magnets,Preco
3,5,P0035,P0035-P0844,10,Rectangle ( See also P0844 ),Square,Square,2,5,https://media.magnetguys.com/diecut_proof/D__P0035-P0844__3-x-5_P0035-P0844_Square-corner.jpg,Magnets,Preco
3,3,P0036,P0036-P0114,15,Rectangle (See also P0114),Round,Round,3,5,https://media.magnetguys.com/diecut_proof/D__P0036-P0114__3-x-3_P0036-P0114_Round-corner.jpg,Magnets,Preco
3,3,P0037,P0037,15,Rectangle,Square,Square,3,5,https://media.magnetguys.com/diecut_proof/D__P0037__3-x-3_P0037_Square-corner.jpg,Magnets,Preco
4,2,P0038,P0038-P1260,20,Rectangle ( See also P1260 ),Round,Round,10,2,https://media.magnetguys.com/diecut_proof/D__P0038-P1260__4-x-2_P0038-P1260_Round-corner.jpg,Magnets,Preco
4,2,P0039,P0039,20,Rectangle,Square,Square,10,2,https://media.magnetguys.com/diecut_proof/D__P0039__4-x-2_P0039_Square-corner.jpg,Magnets,Preco
4,7,P0040,P0032-P0040,6,Rectangle (See also P0032),Square,Square,3,2,#N/A,Magnets,Preco
3.5,3.5,P0041,P0041,15,Circle,Circle,NA,3,5,https://media.magnetguys.com/diecut_proof/D__P0041__3.5_P0041_Circle.jpg,Magnets,Preco
3.75,5.5,P0042,P0042,9,Rectangle,Square,Square,3,3,#N/A,Magnets,Preco
3,4,P0043,P0043-P1045-P0185,12,Rectangle (See also P0185-P1045),Square,Square,6,2,https://media.magnetguys.com/diecut_proof/D__P0043-P1045-P0185__3-x-4_P0043-P1045-P0185_Square-corner.jpg,Magnets,Preco
3,4,P0044,P0044,12,Rectangle,Round,Round,6,2,https://media.magnetguys.com/diecut_proof/D__P0044__3-x-4_P0044_Round-corner.jpg,Magnets,Preco
4.5,5.75,P0045,P0045,6,Rectangle,Round,Round,2,3,#N/A,Magnets,Preco
2.25,4.25,P0046,P0046,-,Custom,Die Cut,NA,3,,#N/A,Magnets,Preco
3.5,5.5,P0047,P0047,9,Rectangle,Round,Round,3,3,#N/A,Magnets,Preco
3.5,3.5,P0048,P0048,12,Custom - House,Shaped,NA,6,2,#N/A,Magnets,Preco
6,7,P0049,P0049,3,Rectangle,Square,Square,1,3,#N/A,Magnets,Preco
6,8,P0050,P0050,3,Rectangle,Square,Square,1,3,#N/A,Magnets,Preco
4.5,10,P0051,P0051,3,Rectangle,Square,Square,1,3,#N/A,Magnets,Preco
2.2918,2.598,P0052,P0052,28,Custom State of Minnesota,Shaped,NA,4,7,#N/A,Magnets,Preco
6,4,P0053,P0053,6,Picture Frame - Circle,Die Cut,Square,3,2,#N/A,Magnets,Preco
5.5,5.5,P0054,P0054,6,Circle,Circle,NA,2,3,#N/A,Magnets,Preco
6,2.14,P0055,P0055,15,Custom Shape - Police Car,Shaped,NA,5,3,https://media.magnetguys.com/diecut_proof/D__P0055__6-x-2.14_P0055_CMD17110207_Police-Car.jpg,Magnets,Preco
6.95,5.69,P0056,P0056,4,Custom Shape - Circle with Ridges,Shaped,NA,2,2,#N/A,Magnets,Preco
5,5,P0057,P0057,9,Custom Shape - Triangle,Shaped,NA,3,3,#N/A,Magnets,Preco
4,5,P0058,P0058,8,Sheild,Shaped,NA,4,2,#N/A,Magnets,Preco
5,5,P0059,P0059-P0130,6,Circle (see also P0130),Circle,NA,2,3,#N/A,Magnets,Preco
2.76,5.06,P0060,P0060,12,Custom Shape - HVAC Guy,Shaped,NA,6,2,#N/A,Magnets,Preco
8,4,P0061,P0061,6,Custom Shape - Merry Christmas,Shaped,NA,3,2,#N/A,Magnets,Preco
5,5.75,P0062,P0062,6,Rectangle,Square,Square,2,3,#N/A,Magnets,Preco
5,5.75,P0063,P0063,6,Rectangle,Round,Round,2,3,#N/A,Magnets,Preco
4.75,3.875,P0064,P0064,8,House,Shaped,NA,4,2,#N/A,Magnets,Preco
2.17,5.6,P0065,P0065,14,Rectangle,Square,Square,2,7,https://media.magnetguys.com/diecut_proof/D__P0065__2.17-x-5.6_P0065_Square-corner.jpg,Magnets,Preco
2.75,1.875,P0066,P0066,30,House,Shaped,NA,15,2,https://media.magnetguys.com/diecut_proof/D__P0066__2.75-x-1.875_P0066_CM212291_House.jpg,Magnets,Preco
2.125,2.625,P0067,P0067,30,Mortar & Pestal,Shaped,NA,15,2,https://media.magnetguys.com/diecut_proof/D__P0067__2.125-x-2.625_P0067_CMD17111022_CM212028_Mortar.jpg,Magnets,Preco
3.8,8,P0068,P0068,4,Awareness Ribbon,Shaped,NA,2,2,#N/A,Magnets,Preco
5.5909,2.1298,P0069,P0069-P1503,14,Car shape (See also P1503),Shaped,NA,2,7,#N/A,Magnets,Preco
3.4181,4.4692,P0070,P0070,9,Custom Shape - Shield,Shaped,NA,3,3,https://media.magnetguys.com/diecut_proof/D__P0070__3.42-x-4.47_P0070_CMD17110627_Custom-Shield.jpg,Magnets,Preco
1.925,5.125,P0071,P0071,16,Pill Capsule Shape,Shaped,NA,8,2,https://media.magnetguys.com/diecut_proof/D__P0071__1.925-x-5.125_P0071_CM212158_Pill-Capsule-Shape.jpg,Magnets,Preco
2.25,3.5,P0072,P0072,21,Rectangle,Round,Round,3,7,https://media.magnetguys.com/diecut_proof/D__P0072__3.5-x-2.25_P0072_Round-corner.jpg,Magnets,Preco
1.5,3.5,P0073,P0073,30,Rectangle,Square,Square,15,2,https://media.magnetguys.com/diecut_proof/D__P0073__1.5-x-3.5_P0073_Square-corner.jpg,Magnets,Preco
2.4391,2.3488,P0074,P0074,28,Custom Shape - Typewriter,Die Cut,NA,4,7,https://media.magnetguys.com/diecut_proof/D__P0074__2.4391-x-2.3488_P0074_Typewriter.jpg,Magnets,Preco
2,2,P0075,P0075,40,Circle,Circle,NA,20,2,https://media.magnetguys.com/diecut_proof/D__P0075__2_P0075_Circle.jpg,Magnets,Preco
4.75,7,P0076,P0076-P0439,4,Picture Frame (See also P0439),Picture Frame,Square,2,2,#N/A,Magnets,Preco
5,7,P0077,P0077-P1173-P1174,4,Rectangle (See also P1173-P1174),Round,Round,2,2,#N/A,Magnets,Preco
4.18,5.43,P0078,P0078,8,Rectangle,Square,Square,4,2,#N/A,Magnets,Preco
4.25,3.5,P0079,P0079,12,House,Shaped,NA,6,2,#N/A,Magnets,Preco
3.75,6.12,P0080,P0080,6,House - Right,Shaped,NA,3,2,#N/A,Magnets,Preco
6,6,P0081,P0081,3,Rectangle,Shaped,Round,1,3,#N/A,Magnets,Preco
3.9,2.11,P0082,P0082,20,Custom (Chemical Chain),Shaped,NA,10,2,#N/A,Magnets,Preco
4.75,3.875,P0083,P0083,8,Real Estate House,Shaped,NA,4,2,#N/A,Magnets,Preco
4.125,1.875,P0084,P0084,20,Van Shape - Left,Shaped,NA,10,2,#N/A,Magnets,Preco
6,4,P0085,P0085,6,Custom Shape,Die Cut,NA,3,2,#N/A,Magnets,Preco
5.25,2.25,P0086,P0086,14,Van Shape,Shaped,NA,2,7,#N/A,Magnets,Preco
4.75,6.25,P0087,P0087,4,Rectangle,Square,Square,2,2,#N/A,Magnets,Preco
4.77,2.33,P0088,P0088,14,Custom Shape - Ship,Shaped,NA,2,7,#N/A,Magnets,Preco
3,3.375,P0089,P0089,15,Clover - 4 leaf,Shaped,NA,3,5,https://media.magnetguys.com/diecut_proof/D__P0089__3-x-3.375_P0089_CM21190_Leaf-Clover.jpg,Magnets,Preco
3.5,8.5,P0090,P0090,4,Rectangle,Round,Round,2,2,#N/A,Magnets,Preco
4.5,1.87,P0091,P0091,20,Van,Shaped,NA,10,2,#N/A,Magnets,Preco
2,3,P0092,P0092-P0096,25,Oval (See also P0096 ),Oval,NA,5,5,https://media.magnetguys.com/diecut_proof/D__P0092-P0096__3-x-2_P0092-P0096_Oval.jpg,Magnets,Preco
3.5,3.88,P0093,P0093-P1202,12,Rectangle (P1202),Square,Square,6,2,https://media.magnetguys.com/diecut_proof/D__P0093-P1202__3.88-x-3.5_P0093-P1202_Square-corner_template.jpg,Magnets,Preco
4.5,6.5,P0094,P0094,4,Rectangle,Round,Round,2,2,#N/A,Magnets,Preco
10,7,P0095,P0095,2,Rectangle,Round,Round,1,2,#N/A,Magnets,Preco
3,2,P0096,P0092-P0096,25,Oval ( See also P0092 ),Oval,NA,5,5,https://media.magnetguys.com/diecut_proof/D__P0092-P0096__3-x-2_P0092-P0096_Oval.jpg,Magnets,Preco
3,3,P0097,P0561-P0097,15,Circle (See also P0561),Circle,NA,3,5,#N/A,Magnets,Preco
4,6.25,P0098,P0098-P0128,6,Rectangle (see also P0128),Round,Round,3,2,#N/A,Magnets,Preco
5.5,5.5,P0099,P0099,6,Square,Square,Square,2,3,#N/A,Magnets,Preco
8,4,P0100,P0100,4,Rectangle,Round,Round,2,2,#N/A,Magnets,Preco
NA,NA,P0101,P0101,-,Tooth Picture Frame,Picture Frame,NA,3,,#N/A,Magnets,Preco
5,5,P0102,P0102,6,Rectangle,Round,Round,2,3,#N/A,Magnets,Preco
2.25,4.25,P0103,P0103-P0108,16,Rectangle (See also P0108 ),Round,Round,8,2,https://media.magnetguys.com/diecut_proof/D__P0103-P0108__2.25-x-4.25_P0103-P0108_Round-corner.jpg,Magnets,Preco
5.875,7.25,P0104,P0104,3,Rectangle,Round,Round,1,3,#N/A,Magnets,Preco
4,5.25,P0105,P0105,8,Rectangle,Round,Round,4,2,#N/A,Magnets,Preco
4,5.25,P0106,P0106,8,Rectangle,Square,Square,4,2,#N/A,Magnets,Preco
4.5,5,P0107,P0107-P0115,6,Rectangle ( See also P0115 ),Round,Round,2,3,#N/A,Magnets,Preco
2.25,4.25,P0108,P0103-P0108,16,Rectangle (See also P0103 ),Round,Round,8,2,https://media.magnetguys.com/diecut_proof/D__P0103-P0108__2.25-x-4.25_P0103-P0108_Round-corner.jpg,Magnets,Preco
2,2.5,P0109,P0109-P0126,30,Rectangle (see also P0126),Round,Round,15,2,https://media.magnetguys.com/diecut_proof/D__P0109-P0126__2-x-2.5_P0109-P0126_Round-corner.jpg,Magnets,Preco
3,2,P0110,P0008-P0110,25,Rectangle(See also -P0008),Round,Round,5,5,https://media.magnetguys.com/diecut_proof/D__P0008-P0110__3-x-2_P0008-P0110_Round-corner.jpg,Magnets,Preco
3.5,3.88,P0111,P0111,12,Rectangle,Round,Round,6,2,#N/A,Magnets,Preco
3.5,3,P0112,P0010-P0112,15,Rectangle See also P0010,Round,Round,3,5,https://media.magnetguys.com/diecut_proof/D__P0010-P0112__3.5-x-3_P0010-P0112_Round-corner.jpg,Magnets,Preco
3.5,3,P0113,P0009-P0113,15,Rectangle See also P0009,Square,Square,3,5,https://media.magnetguys.com/diecut_proof/D__P0009-P0113__3.5-x-3_P0009-P0113_Square-corner.jpg,Magnets,Preco
3,3,P0114,P0036-P0114,15,Rectangle (See also P0036),Round,Round,3,5,https://media.magnetguys.com/diecut_proof/D__P0036-P0114__3-x-3_P0036-P0114_Round-corner.jpg,Magnets,Preco
4.5,5,P0115,P0107-P0115,6,Rectangle ( See also P0107 ),Round,Round,2,3,#N/A,Magnets,Preco
6,6.75,P0116,P0027-P0116,3,Rectangle ( See also P0027 ),Round,Round,1,3,#N/A,Magnets,Preco
3.5,6,P0117,P0016-P0117,9,Rectangle (See also P0016),Round,Round,3,3,#N/A,Magnets,Preco
6,4.25,P0118,P0118-P0145-P0267,6,Rectangle (See also P0145-P0267),Round,Round,3,2,#N/A,Magnets,Preco
3.5,4.5,P0119,P0119-P0140-P0751,9,Picture Frame (See also P0751-P0140),Picture Frame,Round,3,3,#N/A,Magnets,Preco
2.25,2.75,P0120,P0120-P0736,24,Real Estate Sold Sign -(See also -P0736),Shaped,NA,4,6,#N/A,Magnets,Preco
6.09,4.3448,P0121,P0121-P0215,6,Rectangle -(See also P0215),Die Cut,NA,3,2,#N/A,Magnets,Preco
5.25,5.25,P0122,P0122,6,Circle,Circle,NA,2,3,#N/A,Magnets,Preco
4,3,P0123,P0123,12,Oval,Oval,NA,6,2,#N/A,Magnets,Preco
1.25,4,P0124,P0124,32,Bandage,Shaped,NA,16,2,https://media.magnetguys.com/diecut_proof/D__P0124__4-x-1.25_P0124_Bandage-Shape.jpg,Magnets,Preco
2.25,3.5,P0125,P0125,21,Rectangle,Square,Square,3,7,https://media.magnetguys.com/diecut_proof/D__P0125__2.25-x-3.5_P0125_Square-corner.jpg,Magnets,Preco
2,2.5,P0126,P0109-P0126,30,Rectangle (see also P0109),Round,Round,15,2,https://media.magnetguys.com/diecut_proof/D__P0109-P0126__2-x-2.5_P0109-P0126_Round-corner.jpg,Magnets,Preco
8,4,P0127,P0127,4,Rectangle,Square,Square,2,2,#N/A,Magnets,Preco
4,6.25,P0128,P0098-P0128,6,Rectangle (see also P0098),Round,Round,3,2,#N/A,Magnets,Preco
4,7,P0129,P0033-P0129-P1216,6,Rectangle (see also P0033-P1216),Round,Round,3,2,#N/A,Magnets,Preco
5,5,P0130,P0059-P0130,6,Circle (see also P0059),Circle,NA,2,3,#N/A,Magnets,Preco
6,4.75,P0131,P0131,6,House,Shaped,NA,2,3,#N/A,Magnets,Preco
4,5,P0132,P0132-P0188-P0193,8,"Rectangle (See also P0188, P0193)",Square,Square,4,2,#N/A,Magnets,Preco
4.54,1.69,P0133,P0133,18,Police Car,Shaped,NA,6,3,#N/A,Magnets,Preco
3.5,3,P0134,P0134-P0823,15,Picture Frame (See also P0823 ) Oval,Picture Frame,Round,3,5,https://media.magnetguys.com/diecut_proof/D__P0134-P0823__3.5-x-3_P0134-P0823_Picture-Frame---Oval.jpg,Magnets,Preco
4.82,2.17,P0135,P0135,14,Religious Fish,Shaped,NA,2,7,#N/A,Magnets,Preco
3,2.25,P0136,P0136,35,Triangle,Shaped,NA,5,7,https://media.magnetguys.com/diecut_proof/D__P0136__3-x-2.25_P0136_CM21864_Triangle-Shape.jpg,Magnets,Preco
3.5,2.5,P0137,P0137-P0227,18,House (see also P0227 ),Shaped,NA,9,2,https://media.magnetguys.com/diecut_proof/D__P0137-P0227__3.5-x-2.5_P0137-P0227_CM212183_House-Shape.jpg,Magnets,Preco
4,6,P0138,P0138-P1933,6,Picture Frame (See also P1933),Picture Frame,Square,3,2,#N/A,Magnets,Preco
3.5,7,P0139,P0139,6,Rectangle,Round,Round,3,2,#N/A,Magnets,Preco
3.5,4.5,P0140,P0119-P0140-P0751,9,Picture Frame (See also P0119-P0751),Picture Frame,Round,3,3,#N/A,Magnets,Preco
5,4,P0141,P0141,8,Oval,Oval,NA,4,2,#N/A,Magnets,Preco
4.88,2.12,P0142,P0142,12,School Bus,Shaped,NA,4,3,#N/A,Magnets,Preco
NA,NA,P0143,P0143,-,Truck Sample Kit,Shaped,NA,2,,#N/A,Magnets,Preco
7.5,5.5,P0144,P0144,4,Picture Frame,Picture Frame,Square,2,2,#N/A,Magnets,Preco
6,4.25,P0145,P0118-P0145-P0267,6,Rectangle (See also P0118-P0267),Round,Round,3,2,#N/A,Magnets,Preco
2.25,2.75,P0146,P0146,-,Rectangle,Square,Square,3,,#N/A,Magnets,Preco
3,10,P0147,P0147,5,Rectangle,Square,Square,1,5,https://media.magnetguys.com/diecut_proof/D__P0147__3-x-10_P0147_Square-Corner.jpg,Magnets,Preco
3.817,7.1003,P0148,P0148,6,Custom shape - Shield,Shaped,NA,3,2,#N/A,Magnets,Preco
5,6.5,P0149,P0149,4,Rectangle,Round,Round,2,2,#N/A,Magnets,Preco
3.5,3,P0150,P0150,15,Building Shape,Shaped,NA,3,5,https://media.magnetguys.com/diecut_proof/D__P0150__P0150_CM41949_3.5-x-3_Building-Shape.jpg,Magnets,Preco
6,6,P0151,P1418-P0151,3,Square ( See also P1418 ),Square,Square,1,3,#N/A,Magnets,Preco
5.5,8,P0152,P0152-P0259-P1213,4,Rectangle(See also P0259-P1213),Round,Round,2,2,#N/A,Magnets,Preco
11,8.5,P0153,P0153,2,Rectangle,Square,Square,1,2,#N/A,Magnets,Preco
1.5,3,P0154,P0154,30,Rectangle,Square,Square,15,2,https://media.magnetguys.com/diecut_proof/D__P0154__3-x-1.5_P0154_Square-corner.jpg,Magnets,Preco
4,1,P0155,P0155,36,Pencil Shape,Shaped,NA,18,2,#N/A,Magnets,Preco
3,7,P0156,P0156,6,Rectanlge,Square,Square,3,2,https://media.magnetguys.com/diecut_proof/D__P0156__3-x-7_P0156_Square-corner.jpg,Magnets,Preco
2,5,P0157,P0157,15,Rectangle,Square,Square,5,3,https://media.magnetguys.com/diecut_proof/D__P0157__2-x-5_P0157_Square-corner.jpg,Magnets,Preco
5,5,P0158,P0158,6,Rectangle,Square,Square,2,3,#N/A,Magnets,Preco
3.25,5,P0159,P0159,9,Rectangle,Square,Square,3,3,https://media.magnetguys.com/diecut_proof/D__P0159__3.25-x-5_P0159_Square-corner.jpg,Magnets,Preco
3.7644,1.667,P0160,P0160-P0197,20,Promotional Logo Van Shaped (P0197) Left,Shaped,NA,10,2,#N/A,Magnets,Preco
5,7,P0161,P0161-P0189,4,Rectangle (See also P0189),Square,Square,2,2,#N/A,Magnets,Preco
5,2.25,P0162,P0162,14,Rectangle,Square,Square,2,7,https://media.magnetguys.com/diecut_proof/D__P0162__2.25-x-5_P0162_square-corner_template.jpg,Magnets,Preco
5.5,4,P0163,P0163,6,Rectangle,Round,Round,2,3,#N/A,Magnets,Preco
5.5,3,P0164,P0164,9,Rectangle,Round,Round,3,3,https://media.magnetguys.com/diecut_proof/D__P0164__5.5-x-3_P0164_Round-corner.jpg,Magnets,Preco
6.75,8.25,P0165,P0165,2,Rectangle,Square,Square,1,2,#N/A,Magnets,Preco
7,5,P0166,P0166,4,Oval,Oval,NA,2,2,#N/A,Magnets,Preco
2.5,2.81,P0167,P0167,18,Butterfly,Shaped,NA,9,2,#N/A,Magnets,Preco
2.85,1.11,P0168,P0168,54,Truck,Shaped,NA,18,3,#N/A,Magnets,Preco
5.75,5.75,P0169,P0169-P0200,4,Circle (See also P0200),Circle,NA,2,2,#N/A,Magnets,Preco
4.75,2.213,P0170,P0170-P0187,14,Van (Sprinter) (See also P0187),Shaped,NA,2,7,#N/A,Magnets,Preco
2.91,4.94,P0171,P0171,10,Rectangle,Square,Square,2,5,https://media.magnetguys.com/diecut_proof/D__P0171__2.91-x-4.94_P0171_square-corner.jpg,Magnets,Preco
4.53,6.06,P0172,P0172,6,Christmas Tree,Shaped,NA,3,2,#N/A,Magnets,Preco
3.25,1.65,P0173,P0173,27,Truck,Shaped,NA,3,9,https://media.magnetguys.com/diecut_proof/D__P0173__3.25-x-1.65_P0173_CM218142_Truck-Shaped.jpg,Magnets,Preco
6.5,4.25,P0174,P0174,6,Oval,Oval,NA,3,2,#N/A,Magnets,Preco
6.5,6.24,P0175,P0175,2,Paw,Shaped,NA,1,2,#N/A,Magnets,Preco
2,3.5,P0176,P0003-P0176,25,Business Card (See also P0003),Round,Round,5,5,https://media.magnetguys.com/diecut_proof/D__P0003-P0176__3.5-x-2_P0003-P0176_Round-corner.jpg,Magnets,Preco
4,6,P0177,P0031-P0177,6,Rectangle (See also P0031),Round,Round,3,2,#N/A,Magnets,Preco
4,6,P0178,P0029-P0178-P1374,6,Oval (See also P0029-P1374),Oval,NA,2,3,#N/A,Magnets,Preco
2,2.75,P0179,P0179,30,Rectangle,Square,Square,15,2,https://media.magnetguys.com/diecut_proof/D__P0179__2-x-2.75_P0179_Square-corner.jpg,Magnets,Preco
2,3.5,P0180,P0180-P0500,20,Penguin (See also P0500),Shaped,NA,10,2,#N/A,Magnets,Preco
3.5,8,P0181,P0181,6,Rectangle,Round,Round,3,2,#N/A,Magnets,Preco
2.25,3,P0182,P0182,20,Oval,Oval,NA,4,5,https://media.magnetguys.com/diecut_proof/D__P0182__3-x-2.25_P0182_Oval.jpg,Magnets,Preco
1.5,8,P0183,P0183,12,Rectangle,Square,Square,6,2,https://media.magnetguys.com/diecut_proof/D__P0183__8-x-1.5_P0183_Square-Corner.jpg,Magnets,Preco
3,2.25,P0184,P0184,21,House,Shaped,NA,3,7,https://media.magnetguys.com/diecut_proof/D__P0184__3-x-2.25_P0184_CMD17112043_House.jpg,Magnets,Preco
3,4,P0185,P0043-P1045-P0185,12,Rectangle (See also P0043-P1045),Square,Square,6,2,https://media.magnetguys.com/diecut_proof/D__P0043-P1045-P0185__3-x-4_P0043-P1045-P0185_Square-corner.jpg,Magnets,Preco
5.25,8,P0186,P0186,4,Rectangle,Round,Round,2,2,#N/A,Magnets,Preco
4.75,2.213,P0187,P0170-P0187,14,Van (Sprinter) (See also P0170),Shaped,NA,2,7,#N/A,Magnets,Preco
4,5,P0188,P0132-P0188-P0193,8,Rectangle (See also P0132-P0193),Square,Square,4,2,#N/A,Magnets,Preco
5,7,P0189,P0161-P0189,4,Rectangle (See also P0161),Square,Square,2,2,#N/A,Magnets,Preco
4,1.9,P0190,P0190,20,Train,Shaped,NA,10,2,#N/A,Magnets,Preco
4.336,1.8399,P0191,P0191,16,Car,Shaped,NA,8,2,#N/A,Magnets,Preco
3.5,2.5,P0192,P0192,18,House with Chimney - Right,Shaped,NA,9,2,https://media.magnetguys.com/diecut_proof/D__P0192__3.5-x-2.5_P0192_CM21374_House-with-Chimney-Right.jpg,Magnets,Preco
4,5,P0193,P0132-P0188-P0193,8,Rectangle (See also P0132-P0188),Square,Square,4,2,#N/A,Magnets,Preco
11,8.5,P0194,P0194,2,Rectangle,Round,Round,1,2,#N/A,Magnets,Preco
9,4,P0195,P0195-P0212,4,Rectangle - See also P0212,Round,Round,2,2,#N/A,Magnets,Preco
2.5,2.5,P0196,P0196,24,Circle,Circle,NA,12,2,https://media.magnetguys.com/diecut_proof/D__P0196__2.5_P0196_Circle.jpg,Magnets,Preco
3.7644,1.667,P0197,P0160-P0197,20,Promotional Logo Van Shaped (P0160) Left,Shaped,NA,10,2,#N/A,Magnets,Preco
2,2,P0198,P0198-P1597-P1598,40,Rectangle (see also P1597-P1598),Round,Round,20,2,https://media.magnetguys.com/diecut_proof/D__P0198-P1597-P1598__2-x-2_P0198-P1597-P1598_Round-corner.jpg,Magnets,Preco
3.5,2.5,P0199,P0199-P1252,18,Oval (See also P1252 ),Oval,NA,9,2,https://media.magnetguys.com/diecut_proof/D__P0199-P1252__3.5-x-2.5_P0199-P1252_Oval.jpg,Magnets,Preco
5.75,5.75,P0200,P0169-P0200,4,Circle (See also P0169),Circle,NA,2,2,#N/A,Magnets,Preco
3,8,P0201,P0201,6,Rectangle,,Round,3,2,https://media.magnetguys.com/diecut_proof/D__P0201__8-x-3_P0201_Round-corner.jpg,Magnets,Preco
5.0852,4.6906,P0202,P0202,6,Paw Print,,NA,2,3,#N/A,Magnets,Preco
4.5,6.75,P0203,P0203,4,Rectangle,,Round,2,2,#N/A,Magnets,Preco
3.37,4.25,P0204,P0204,12,Square,,Square,6,2,https://media.magnetguys.com/diecut_proof/D__P0204__3.37-x-4.25_P0204_Square-corner.jpg,Magnets,Preco
1,3,P0205,P0205,32,Rectangle,,Square,16,2,#N/A,Magnets,Preco
2.5,7.75,P0206,P0206,8,Rectangle,,Square,4,2,https://media.magnetguys.com/diecut_proof/D__P0206__2.5-x-7.75_P0206_Square-corner_template.jpg,Magnets,Preco
5,2.25,P0207,P0207,14,Propane Tank,,NA,2,7,#N/A,Magnets,Preco
2.88,1.38,P0208,P0208,42,Ambulance,,NA,21,2,https://media.magnetguys.com/diecut_proof/D__P0208__2.88-x1.38_P0208_CM42114_Ambulance-Shape.jpg,Magnets,Preco
4,6,P0209,P0209,6,House,,NA,2,3,#N/A,Magnets,Preco
5.5,3,P0210,P0210,9,Football,,NA,3,3,https://media.magnetguys.com/diecut_proof/D__P0210__3-x-5.5_P0210_CM218135_Football-Shape.jpg,Magnets,Preco
3.44,3.44,P0211,P0211,8,Award Seal,,NA,4,2,#N/A,Magnets,Preco
4,9,P0212,P0195-P0212,4,Rectangle - See also P0195,,Round,2,2,#N/A,Magnets,Preco
4,5,P0213,P0213,8,Rectangle,,Round,4,2,#N/A,Magnets,Preco
4.28,2.25,P0214,P0214,8,Oklahoma,,NA,4,2,#N/A,Magnets,Preco
6.09,4.3448,P0215,P0121-P0215,6,Rectangle -(See also P0121),,NA,3,2,#N/A,Magnets,Preco
6,9,P0216,P0216,3,Rectangle,,Round,1,3,#N/A,Magnets,Preco
3.5,9,P0217,P0217,6,Rectangle,Square,Square,3,2,#N/A,Magnets,Preco
3.5,8.5,P0218,P0218,6,Rectangle,,Square,3,2,#N/A,Magnets,Preco
5.5,4.25,P0219,P0219,6,Rectangle,,Square,2,3,#N/A,Magnets,Preco
7.375,10.5,P0220,P0220,2,Rectangle,,Round,1,2,#N/A,Magnets,Preco
7.5,5.5,P0221,P0221,4,Cross,,NA,2,2,#N/A,Magnets,Preco
3.75,5.25,P0222,P0222,8,Rectangle,,Round,4,2,#N/A,Magnets,Preco
2.25,3.5,P0223,P0223,20,Morter & Pestal,,NA,4,5,https://media.magnetguys.com/diecut_proof/D__P0223__2.25-x-3.5_P0223_CM212076_Mortar-&-Pestle-Shape.jpg,Magnets,Preco
3.25,1.375,P0224,P0224,30,Eye glasses Shape,,NA,6,5,https://media.magnetguys.com/diecut_proof/D__P0224__3.25-x-1.375_CM218173_P0224_EyeGlasses-Shaped.jpg,Magnets,Preco
3.25,3,P0225,P0225,18,Big Heart,Shaped,NA,3,6,https://media.magnetguys.com/diecut_proof/D__P0225__3.25-x-3_P0225_CM218148_Big-Heart-Shape.jpg,Magnets,Preco
8,10,P0226,P0226-P1169,2,Rectangle ( See also P1169 ),,Square,1,2,#N/A,Magnets,Preco
3.5,2.5,P0227,P0137-P0227,18,House (see also P0137),,NA,9,2,https://media.magnetguys.com/diecut_proof/D__P0137-P0227__3.5-x-2.5_P0137-P0227_CM212183_House-Shape.jpg,Magnets,Preco
3.33,3.41,P0228,P0228,15,Michigan,,NA,3,5,https://media.magnetguys.com/diecut_proof/D__P0228__3.3367-x-3.416_P0228_CM212190_Michigan-Shape.jpg,Magnets,Preco
3.1315,3.1315,P0229,P0229,15,Sheild,,NA,5,3,#N/A,Magnets,Preco
4,8.5,P0230,P0230,4,Rectangle,,Square,2,2,#N/A,Magnets,Preco
7.944,3.9,P0231,P0231,4,Tiger Mascot,,NA,2,2,#N/A,Magnets,Preco
4.5,11,P0232,P0232,3,Rectangle,,Round,1,3,#N/A,Magnets,Preco
6.625,1.58,P0233,P0233-P0299,12,Tractor Trailer (See also P0299),,NA,6,2,#N/A,Magnets,Preco
5.5,3,P0234,P0234,9,Rectangle,Square,Square,3,3,https://media.magnetguys.com/diecut_proof/D__P0234__3-x-5.5_P0234_Square-corner.jpg,Magnets,Preco
4.7,4.89,P0235,P0235,6,Minnestoa,,NA,2,3,#N/A,Magnets,Preco
4.6,1.87,P0236,P0236,15,Shuttle Van,,NA,5,3,#N/A,Magnets,Preco
9,4,P0237,P0237,4,Rectangle,,Square,2,2,#N/A,Magnets,Preco
7.37,8.75,P0238,P0238,2,Rectangle,,Square,1,2,#N/A,Magnets,Preco
10,5,P0239,P0239,3,Rectangle,,Round,1,3,#N/A,Magnets,Preco
8,8,P0240,P0240,2,Circle,Circle,NA,1,2,#N/A,Magnets,Preco
5.75,5.75,P0241,P0241,4,Paw Print,,NA,2,2,#N/A,Magnets,Preco
3.75,1.75,P0242,P0242,20,Sunglass Shape,,NA,10,2,#N/A,Magnets,Preco
5,5,P0243,P0243,6,Picture Frame,Picture Frame,Square,2,3,#N/A,Magnets,Preco
7.37,7.37,P0244,P0244,2,Square,,Square,1,2,#N/A,Magnets,Preco
10,10,P0245,P0245,1,Rectangle,,Square,1,1,#N/A,Magnets,Preco
4,2,P0246,P0246,20,Truck,,NA,10,2,#N/A,Magnets,Preco
3,3,P0247,P0247,15,Circle Top Square,Circle,NA,3,5,https://media.magnetguys.com/diecut_proof/D__P0247__3-x-3_P0247_CM217299_Circle-Top_Round-Corners.jpg,Magnets,Preco
7.0347,2.7,P0248,P0248,6,Custm Shape,,NA,3,2,#N/A,Magnets,Preco
5.31,5.31,P0249,P0249,6,Circle,Circle,NA,2,3,#N/A,Magnets,Preco
3.72,4.69,P0250,P0250-P0368,8,House (See also P0368),,NA,4,2,#N/A,Magnets,Preco
6,9,P0251,P0251,3,Rectangle,,Square,1,3,#N/A,Magnets,Preco
3.25,3.125,P0252,P0252,15,Paw Print,,NA,3,5,https://media.magnetguys.com/diecut_proof/D__P0252__3.25-x-3.125_P0252_CM21782_Paw-Shape.jpg,Magnets,Preco
10,7,P0253,P0253,2,Rectangle,,Square,1,2,#N/A,Magnets,Preco
5,1.5,P0254,P0254,18,Rectangle,,Round,6,3,https://media.magnetguys.com/diecut_proof/D__P0254__5-x-1.5_P0254_Round-corner.jpg,Magnets,Preco
4,2.5,P0255,P0255,16,Rectangle,,Square,8,2,https://media.magnetguys.com/diecut_proof/D__P0255__4-x-2.5_P0255_Square-corner.jpg,Magnets,Preco
9.75,1.75,P0256,P0256,5,Rectangle,,Square,5,1,https://media.magnetguys.com/diecut_proof/D__P0256__9.75-x-1.75_P0256_square-corner_template.jpg,Magnets,Preco
7.9,4.8,P0257,P0257,4,Muscle Eagle,,NA,2,2,#N/A,Magnets,Preco
4.09,1.66,P0258,P0258,20,Oil Tanker Truck,,NA,10,2,#N/A,Magnets,Preco
5.5,8,P0259,P0152-P0259-P1213,4,Rectangle(See also P0152-P1213),,Round,2,2,#N/A,Magnets,Preco
3.5,5.5,P0260,P0260,10,Oval,Oval,NA,2,5,#N/A,Magnets,Preco
3.5,4.5,P0261,P0261,9,Picture Frame with Paw punch out,Picture Frame,Round,3,3,#N/A,Magnets,Preco
2.75,3.25,P0262,P0262,18,Rectangle,,Square,9,2,https://media.magnetguys.com/diecut_proof/D__P0262__2.75-x-3.25_P0262_square-corner_template.jpg,Magnets,Preco
2.4211,3.6953,P0263,P0263,16,2 wheeler,,NA,8,2,#N/A,Magnets,Preco
7.25,3,P0264,P0264,6,Polygon,,NA,3,2,#N/A,Magnets,Preco
7,1.5384,P0265,P0265,12,Custom Shape,,NA,6,2,#N/A,Magnets,Preco
6,10,P0266,P0266,3,Rectangle,,Round,1,3,#N/A,Magnets,Preco
6,4.25,P0267,P0118-P0145-P0267,6,Rectangle (See also P0118-P0145 ),,Round,3,2,#N/A,Magnets,Preco
3.5,2.5,P0268,P0268,18,Rectangle,,Square,9,2,https://media.magnetguys.com/diecut_proof/D__P0268__3.5-x-2.5_P0268_Square-corner.jpg,Magnets,Preco
3.5,6.5,P0269,P0269,6,Rectangle,,Square,3,2,#N/A,Magnets,Preco
2.37,4,P0270,P0270,16,Van,,NA,8,2,#N/A,Magnets,Preco
5,7.25,P0271,P0271,4,Rectangle,,Square,2,2,#N/A,Magnets,Preco
5.75,2.75,P0272,P0272,9,Van,,NA,3,3,#N/A,Magnets,Preco
4.125,1.875,P0273,P0273,20,Semi Truck,,NA,10,2,#N/A,Magnets,Preco
3.5,8,P0274,P0274,6,Rectangle,,Square,3,2,#N/A,Magnets,Preco
5,7,P0275,P0275,4,Picture Frame (Punch out: 3.75x5.75),Picture Frame,Square,2,2,#N/A,Magnets,Preco
2.75,2.75,P0276,P0276-P1326,18,Circle (See also P1326),Circle,NA,9,2,https://media.magnetguys.com/diecut_proof/D__P0276-P1326__2.75_P0276-P1326_Circle.jpg,Magnets,Preco
3.0968,1.8856,P0277,P0277,25,Custom Shape,,NA,5,5,#N/A,Magnets,Preco
7,9,P0278,P0278,2,Oval,Oval,NA,1,2,#N/A,Magnets,Preco
4.25,4.25,P0279,P0279,8,Circle,Circle,NA,4,2,#N/A,Magnets,Preco
4.5,5.75,P0280,P0280,6,Rectangle,,Square,2,3,#N/A,Magnets,Preco
1.5,1.5,P0281,P0281,60,Circle,Circle,NA,30,2,#N/A,Magnets,Preco
4.5,7,P0282,P0282,4,Rectangle,,Square,2,2,#N/A,Magnets,Preco
3.5,9.5,P0283,P0283,4,Rectangle,,Round,2,2,#N/A,Magnets,Preco
3,2.25,P0284,P0284,20,Rectangle,,Square,4,5,https://media.magnetguys.com/diecut_proof/D__P0284__3-x-2.25_P0284_Square-corner.jpg,Magnets,Preco
10,4,P0285,P0285,4,Rectangle,,Round,2,2,#N/A,Magnets,Preco
3,3.75,P0286,P0286,12,Rectangle,,Square,6,2,https://media.magnetguys.com/diecut_proof/D__P0286__3-x-3.75_P0286_square-corner_template.jpg,Magnets,Preco
4.5,1.65,P0287,P0287,24,Police Car,,NA,6,4,#N/A,Magnets,Preco
1.75,1.87,P0288,P0288,45,Mouth,,NA,5,9,#N/A,Magnets,Preco
2.6932,3.0612,P0289,P0289,15,Custom,,NA,3,5,#N/A,Magnets,Preco
1.15,4.65,P0290,P0290,24,Custom,,NA,8,3,#N/A,Magnets,Preco
5.5,8.5,P0291,P0291,3,Rectangle,,Round,1,3,#N/A,Magnets,Preco
3.5,5,P0292,P0292,10,Oval,Oval,NA,2,5,#N/A,Magnets,Preco
6.5,6.5,P0293,P0293,2,Measuring Cup,,NA,1,2,#N/A,Magnets,Preco
2,4.5,P0294,P0294,15,Rectangle,,Square,5,3,https://media.magnetguys.com/diecut_proof/D__P0294__2-x-4.5_P0294_Square-Corner.jpg,Magnets,Preco
5,6.5,P0295,P0295,4,Picture Frame with word phrases-Square,Picture Frame,Round,2,2,#N/A,Magnets,Preco
5,5.5,P0296,P0296,6,Rectangle,,Round,2,3,#N/A,Magnets,Preco
3.5,8.25,P0297,P0297,6,Magna Phrase w/ Business Card,,Square,3,2,#N/A,Magnets,Preco
3.5,4.5,P0298,P0298,9,Picture Frame with House punch out,Picture Frame,Round,3,3,#N/A,Magnets,Preco
6.625,1.58,P0299,P0233-P0299,12,Tractor Trailer (See also P0233),,NA,6,2,#N/A,Magnets,Preco
3.5,2,P0300,P0300,20,Puzzle Shape,,Sqaure,10,2,https://media.magnetguys.com/diecut_proof/D__P0300__3.5-x-2_P0300_CM212232_Puzzle-Shape.jpg,Magnets,Preco
6,2,P0301,P0301,15,Rectangle,,Round,5,3,https://media.magnetguys.com/diecut_proof/D__P0301__6-x-2_P0301_Round-corner.jpg,Magnets,Preco
8.5,6,P0302,P0302,3,Rectangle,,Sqaure,1,3,#N/A,Magnets,Preco
3.5,3.75,P0303,P0303,12,Rectangle,,Sqaure,6,2,https://media.magnetguys.com/diecut_proof/D__P0303__3.5-x-3.75_P0303_Square-Corner.jpg,Magnets,Preco
2.37,2.12,P0304,P0304,28,Small Heart Shape,,NA,4,7,https://media.magnetguys.com/diecut_proof/D__P0304__2.37-x-2.12_P0304_CM211120_Small-Heart-Shape.jpg,Magnets,Preco
7.7,6.5,P0305,P0305,1,Police Shield,,NA,1,1,#N/A,Magnets,Preco
6,2.5,P0306,P0306,8,Rectangle,,Round,4,2,#N/A,Magnets,Preco
1.75,9,P0307,P0307,10,Rectangle,,Sqaure,5,2,https://media.magnetguys.com/diecut_proof/D__P0307__1.75-x-9_P0307_square-corner_template.jpg,Magnets,Preco
7,7,P0308,P0308,2,Circle,Circle,NA,1,2,#N/A,Magnets,Preco
7.3085,7.635,P0309,P0309,1,Window Cling,,NA,1,1,#N/A,Magnets,Preco
4,4.75,P0310,P0310,8,Rectangle,,Sqaure,4,2,#N/A,Magnets,Preco
3.7,4.25,P0311,P0311,12,Custom Shape- Flags,,NA,4,3,#N/A,Magnets,Preco
5.5,6,P0312,P0312,3,Rectangle,,Round,1,3,#N/A,Magnets,Preco
4,1.9,P0313,P0313,20,Train Engine Shape,,NA,5,4,#N/A,Magnets,Preco
2.5,4,P0314,P0314,16,Rectangle,,Round,8,2,https://media.magnetguys.com/diecut_proof/D__P0314__2.5-x-4_P0314_Round-corner.jpg,Magnets,Preco
3.75,6,P0315,P0315,6,Rectangle,,Sqaure,3,2,#N/A,Magnets,Preco
3.25,2.53,P0316,P0316,20,Connecticut,,NA,4,5,https://media.magnetguys.com/diecut_proof/D__P0316__3.25-x-2.53_P0316_CM212098_Connecticut-Shape.jpg,Magnets,Preco
3,4.25,P0317,P0317,12,Rectangle,,Round,6,2,https://media.magnetguys.com/diecut_proof/D__P0317__4.25-x-3_P0317_Round-corner.jpg,Magnets,Preco
2.5,2.5,P0318,P0318,24,Square,,Sqaure,12,2,https://media.magnetguys.com/diecut_proof/D__P0318__2.5-x-2.5_P0318_Square-corner.jpg,Magnets,Preco
2.638,3.0027,P0319,P0319,20,Georgia,,NA,4,5,https://media.magnetguys.com/diecut_proof/D__P0319__2.6368-x-3.0027_P0319_PIM18011033_Georgia.jpg,Magnets,Preco
6,2.25,P0320,P0320,12,Rectangle,,Square,4,3,https://media.magnetguys.com/diecut_proof/D__P0320__2.25-x-6_P0320_Square-corner.jpg,Magnets,Preco
7.2203,6.9582,P0321,P0321,2,Tick,,NA,1,2,#N/A,Magnets,Preco
2.0751,4.2505,P0322,P0322,20,Foot Print,,NA,10,2,#N/A,Magnets,Preco
4,2.25,P0323,P0323,20,Oval,Oval,NA,4,5,#N/A,Magnets,Preco
2.5,2,P0324,P0324,28,Custom Shape,,NA,4,7,#N/A,Magnets,Preco
4.5,4,P0325,P0325,8,Custom Shape,,NA,4,2,#N/A,Magnets,Preco
7.75,4.5,P0326,P0326,4,Oval,Oval,NA,2,2,#N/A,Magnets,Preco
2.75,4.75,P0327,P0327,9,Rectangle,,Square,3,3,#N/A,Magnets,Preco
4.6769,4.5836,P0328,P0328,6,Custom Shape,,NA,2,3,#N/A,Magnets,Preco
5.75,8.75,P0329,P0329,3,Rectangle,,Square,1,3,#N/A,Magnets,Preco
3,3,P0330,P0330,15,Muffin,,NA,3,5,#N/A,Magnets,Preco
1,1,P0331,P0331,126,Custom - Square,,Square,18,7,#N/A,Magnets,Preco
11,10,P0332,P0332,1,Custom - Sqaure,,Square,1,1,#N/A,Magnets,Preco
4.6539,1.7045,P0333,P0333-P0523,15,Custom Truck (See also P0523),,NA,5,3,#N/A,Magnets,Preco
2,2,P0334,P0334-P1571-P1599,40,Square (See also P1571-P1599),,Square,20,2,https://media.magnetguys.com/diecut_proof/D__P0334-P1571-P1599__2-x-2_P0334-P1571-P1599_Square-corner.jpg,Magnets,Preco
4.25,4,P0335,P0335,8,Rectangle,,Round,4,2,#N/A,Magnets,Preco
3.75,2,P0336,P0336,20,Car,,NA,10,2,#N/A,Magnets,Preco
6,8,P0337,P0337,3,Rectangle,,Round,1,3,#N/A,Magnets,Preco
3.25,3.75,P0338,P0338,12,Rectangle,,Square,6,2,https://media.magnetguys.com/diecut_proof/D__P0338__3.25-x-3.75_P0338_square-corner_template.jpg,Magnets,Preco
4,6,P0339,P0030-P0339,6,Rectangle (See also P0030),,Square,3,2,#N/A,Magnets,Preco
5.875,5.875,P0340,P0340,3,Circle,Circle,NA,1,3,#N/A,Magnets,Preco
4,3.75,P0341,P0341,8,Faucet,,NA,4,2,#N/A,Magnets,Preco
3.5,4.75,P0342,P0342,9,Rectangle,,Round,3,3,#N/A,Magnets,Preco
11.5,3,P0343,P0343,3,Rectangle,,Square,3,1,#N/A,Magnets,Preco
2.81,2.29,P0344,P0344,21,Butterfly,,NA,3,7,#N/A,Magnets,Preco
4,6,P0345,P0345,4,Photo Frame,,Square,2,2,#N/A,Magnets,Preco
5.25,1.75,P0346,P0346,15,School Bus,,NA,5,3,#N/A,Magnets,Preco
5.75,8.75,P0347,P0347,-,Kiss Cut Magnet Sheet (Pineapple),,Square,1,,#N/A,Magnets,Preco
5.75,8.75,P0348,P0348,3,Kiss Cut Magnet Sheet (Pineapple),,Square,1,3,#N/A,Magnets,Preco
4.8303,4.4041,P0349,P0349,8,Custom Shape,,NA,4,2,#N/A,Magnets,Preco
5,5.25,P0350,P0350,6,Rectangle,,Round,2,3,#N/A,Magnets,Preco
5.125,1.9,P0351,P0351,15,PickupTruck,,NA,5,3,#N/A,Magnets,Preco
5.25,8,P0352,P0352,4,Rectangle,,Square,2,2,#N/A,Magnets,Preco
3,3.5,P0353,P0353,12,Wisconsin,,NA,6,2,https://media.magnetguys.com/diecut_proof/D__P0353__3-x-3.5_P0353_CM212140_Wisconsin-Shape.jpg,Magnets,Preco
4,3.25,P0354,P0354,12,Rectangle,,Round,6,2,https://media.magnetguys.com/diecut_proof/D__P0354__4-x-3.25_P0354_Round-corner.jpg,Magnets,Preco
4.1002,2.2907,P0355,P0355,16,Kansas Shape,Shaped,NA,8,2,#N/A,Magnets,Preco
7,2.5,P0356,P0356,8,Custom Shape,,NA,4,2,#N/A,Magnets,Preco
7,2.5,P0357,P0357,8,Custom Shape,,NA,4,2,#N/A,Magnets,Preco
4,7,P0358,P0358,4,Custom Shape,,NA,2,2,#N/A,Magnets,Preco
12.9411,5.4583,P0359,P0359,2,Custom Fish,,NA,1,2,#N/A,Magnets,Preco
4.25,2.25,P0360,P0360,8,Motorcycle Custom Shape,,NA,4,2,#N/A,Magnets,Preco
5,1.7,P0361,P0361,15,Custom Semi-Truck,,NA,5,3,#N/A,Magnets,Preco
2.74,2.53,P0362,P0362,24,Custom Shape Telephone,,NA,4,6,https://media.magnetguys.com/diecut_proof/D__P0362__2.74-x-2.53_P0362_CMD18012509_Custom-Telephone.jpg,Magnets,Preco
4.125,2.5,P0363,P0363,16,Rectangle,,Round,8,2,https://media.magnetguys.com/diecut_proof/D__P0363__4.125-x-2.5_P0363_Round-corner.jpg,Magnets,Preco
2.5,4.5,P0364,P0364,12,Rectangle,,Square,4,3,https://media.magnetguys.com/diecut_proof/D__P0364__2.5-x-4.5_P0364_Square-corner.jpg,Magnets,Preco
2.5,2.5,P0365,P0365,24,Tree,,NA,4,6,https://media.magnetguys.com/diecut_proof/D__P0365__2.5-x-2.5_P0365_CM41955_Tree-shape.jpg,Magnets,Preco
4.25,1.875,P0366,P0366,20,Discount Labels Standard Van,,NA,10,2,#N/A,Magnets,Preco
5.54,7.22,P0367,P0367,4,Awareness Ribbon,,NA,2,2,#N/A,Magnets,Preco
3.72,4.69,P0368,P0250-P0368,8,House (See also P0250),,NA,4,2,#N/A,Magnets,Preco
1.81,4.31,P0369,P0369,20,Truck SHAPE,,NA,10,2,#N/A,Magnets,Preco
2.25,2.25,P0370,P0370-P0421,28,Circle (See also P0421),Circle,NA,4,7,https://media.magnetguys.com/diecut_proof/D__P0370-P0421__2.25_P0370-P0421_Circle.jpg,Magnets,Preco
2.29,3.55,P0371,P0371,16,Light bulb,,NA,8,2,https://media.magnetguys.com/diecut_proof/D__P0371__2.29-x-3.55_P0371_Bulbe-Shape.jpg,Magnets,Preco
3.5,3,P0372,P0372,15,Box,,NA,3,5,#N/A,Magnets,Preco
7.6934,4.4083,P0373,P0373,4,Bear,,NA,2,2,#N/A,Magnets,Preco
6,3,P0374,P0374,9,Custom Shape,,NA,3,3,#N/A,Magnets,Preco
5.5,5.5,P0375,P0375,3,Magna Phrase,,Square,1,3,#N/A,Magnets,Preco
3,7,P0376,P0376,6,Rectangle,,Round,3,2,https://media.magnetguys.com/diecut_proof/D__P0376__7-x-3_P0376_Round-corner.jpg,Magnets,Preco
2.25,2.25,P0377,P0377,28,Octagon,,NA,4,7,https://media.magnetguys.com/diecut_proof/D__P0377__2.25-x-2.25_P0377_Octagon-Shape.jpg,Magnets,Preco
3.4375,1.875,P0378,P0378,25,Pennant,,NA,5,5,https://media.magnetguys.com/diecut_proof/D__P0378__3.4375-x-1.875_P0378_Pennant-Shape.jpg,Magnets,Preco
3.99,6.22,P0379,P0379,6,Shark,,NA,3,2,#N/A,Magnets,Preco
10,1.5,P0380,P0380,6,Rectalngle,,Square,6,1,https://media.magnetguys.com/diecut_proof/D__P0380__10-x-1.5_P0380_Square-corner.jpg,Magnets,Preco
4,6.5,P0381,P0381,4,Cross,,NA,2,2,#N/A,Magnets,Preco
7,7,P0382,P0382,2,Shield,,NA,1,2,#N/A,Magnets,Preco
7.4073,9.9016,P0383,P0383,2,Hoops,,NA,1,2,#N/A,Magnets,Preco
3.5,3.33,P0384,P0384,15,Texas,,NA,3,5,https://media.magnetguys.com/diecut_proof/D__P0384__3.5-x-3.33_P0384_CMD18013121_CM217808_Texas-State-Shape.jpg,Magnets,Preco
5.125,1.9,P0385,P0385,15,Fire Truck,,NA,5,3,https://media.magnetguys.com/diecut_proof/D__P0385__5.125-x-1.9_P0385_CM21481_Fire-Truck-Shape.jpg,Magnets,Preco
10,2,P0386,P0386,5,Rectangle,,Square,5,1,https://media.magnetguys.com/diecut_proof/D__P0386__10-x-2_P0386_Square-corner.jpg,Magnets,Preco
3,3,P0387,P0387,15,Chat Bubble,,NA,3,5,#N/A,Magnets,Preco
4.5,4.5,P0388,P0388,6,Instapot,,NA,2,3,#N/A,Magnets,Preco
4.7,5,P0389,P0389,6,Custom Shield,,NA,2,3,#N/A,Magnets,Preco
5.0318,5.4876,P0390,P0390,6,Custom Shield,,NA,2,3,#N/A,Magnets,Preco
5.25,5.25,P0391,P0391,6,Circle (Pizza) with 6 Slices,Circle,NA,2,3,#N/A,Magnets,Preco
3.7746,1.7594,P0392,P0392,20,Police car,,NA,5,4,#N/A,Magnets,Preco
9.5,7.5,P0393,P0393,2,Retangle,,Square,1,2,#N/A,Magnets,Preco
5,6.5,P0394,P0394,4,Picture Frame - Square Center,Picture Frame,Round,2,2,#N/A,Magnets,Preco
4,7,P0395,P0395,4,Pizza Schedule,,NA,2,2,#N/A,Magnets,Preco
3.125,3.5,P0396,P0396,15,Pizza Slice Large,,NA,5,3,#N/A,Magnets,Preco
1.875,2.625,P0397,P0397,30,Pizza Slice Small,,NA,10,3,https://media.magnetguys.com/diecut_proof/D__P0397__1.875-x-2.625_P0397_Pizza-Slice-Sml.jpg,Magnets,Preco
4,6,P0398,P0398,8,Pizza Slice Jumbo,,NA,4,2,#N/A,Magnets,Preco
1.75,2.25,P0399,P0399,35,Tooth,,NA,5,7,https://media.magnetguys.com/diecut_proof/D__P0399__1.75-x-2.25_P0399_CMD18020714_CM217939_Tooth-Shape.jpg,Magnets,Preco
7.375,5,P0400,P0400,4,Picture Frame - Square (See also P1840),Picture Frame,Square,2,2,#N/A,Magnets,Preco
3.855,2.637,P0401,P0401,12,Custom,,NA,6,2,#N/A,Magnets,Preco
2.495,5.0529,P0402,P0402,12,Custom,,NA,4,3,#N/A,Magnets,Preco
4.9259,2.9152,P0403,P0403,10,Oval,Oval,NA,2,5,#N/A,Magnets,Preco
3.5347,2.7167,P0404,P0404,12,Custom,,NA,6,2,#N/A,Magnets,Preco
6,4,P0405,P0405,6,Pennant,,Na,2,3,#N/A,Magnets,Preco
4.4925,2.4719,P0406,P0406,12,Business Card House Topper,,NA,4,3,#N/A,Magnets,Preco
4,7,P0407,P0407,6,Football,,NA,2,3,#N/A,Magnets,Preco
5.37,2.68,P0408,P0408,9,Custom,,NA,3,3,#N/A,Magnets,Preco
3.25,3,P0409,P0409,15,Heart,,NA,3,5,#N/A,Magnets,Preco
5.5,4,P0410,P0410,8,Rectangle,,Square,4,2,#N/A,Magnets,Preco
3.75,3.75,P0411,P0411,8,Circle,Circle,NA,4,2,#N/A,Magnets,Preco
12,12,P0412,P0412,1,Circle,Circle,NA,1,1,#N/A,Magnets,Preco
2.75,2.75,P0413,P0413,18,Angel,,NA,9,2,#N/A,Magnets,Preco
3.5,2.5,P0414,P0414,20,CUSTOM TOOTH SHAPE,,NA,4,5,https://media.magnetguys.com/diecut_proof/D__P0414__2.5-x-3.5_P0414_CMD18021211_CM2111231_Tooth-Shape.jpg,Magnets,Preco
3.25,6,P0415,P0415,9,Rectangle,,Square,3,3,#N/A,Magnets,Preco
3.25,3,P0416,P0416,15,Rectangle,,Square,3,5,https://media.magnetguys.com/diecut_proof/D__P0416__3.25-x-3_P0416_square-corner_template.jpg,Magnets,Preco
3.06,1.37,P0417,P0417,30,CUSTOM VAN SHAPE,,NA,6,5,#N/A,Magnets,Preco
5.25,1.5,P0418,P0418,30,CUSTOM Kiss cut,,Square,6,5,#N/A,Magnets,Preco
10,2.5,P0419,P0419,4,CUSTOM RECTANGLE,,NA,4,1,#N/A,Magnets,Preco
3.75,4.75,P0420,P0420,8,DL Custom,,NA,4,2,#N/A,Magnets,Preco
2.25,2.25,P0421,P0370-P0421,28,Circle (See also P0370),Circle,NA,4,7,https://media.magnetguys.com/diecut_proof/D__P0370-P0421__2.25_P0370-P0421_Circle.jpg,Magnets,Preco
3.5,3,P0422,P0422,12,DL Custom,,NA,6,2,#N/A,Magnets,Preco
5,7.5,P0423,P0423,4,Rectangle,,Round,2,2,#N/A,Magnets,Preco
3.1875,2.875,P0424,P0424,18,Texas,,NA,9,2,#N/A,Magnets,Preco
3.4456,4.0345,P0425,P0425,12,Custom,,NA,6,2,#N/A,Magnets,Preco
4.5,2.25,P0426,P0426,16,Delivery Truck,,NA,4,4,#N/A,Magnets,Preco
2.75,4.5,P0427,P0427,12,Bear,,NA,6,2,#N/A,Magnets,Preco
2.7,2.49,P0428,P0428,24,Pizza Slice Shape,,NA,12,2,#N/A,Magnets,Preco
4,7,P0429,P0429,4,Rectangle Picture Frame,Picture Frame,Round,2,2,#N/A,Magnets,Preco
7.75,5.62,P0430,P0430,3,Circle-Arrow- Arrow Point Right,Circle,NA,1,3,#N/A,Magnets,Preco
7.75,5.62,P0431,P0431,3,Circle-Arrow- Arrow Point Left,Circle,NA,1,3,#N/A,Magnets,Preco
3,4.5,P0432,P0432,9,Rectangle,,Square,3,3,https://media.magnetguys.com/diecut_proof/D__P0432__3-x-4.5_P0432_Square-corner.jpg,Magnets,Preco
6.0451,3.2351,P0433,P0433,9,Dinosaur,,NA,3,3,#N/A,Magnets,Preco
2,1,P0434,P0434,72,Rectangle,,Square,18,4,#N/A,Magnets,Preco
7.5,5.5,P0435,P0435,3,Rectangle,,Square,1,3,#N/A,Magnets,Preco
3,8,P0436,P0436,6,Rectangle,,Square,3,2,https://media.magnetguys.com/diecut_proof/D__P0436__3-x-8_P0436_Square-corner.jpg,Magnets,Preco
2,2.75,P0437,P0437,30,Custom Shape,,NA,5,6,#N/A,Magnets,Preco
2.5,5,P0438,P0438,12,Rectangle,,Square,4,3,https://media.magnetguys.com/diecut_proof/D__P0438__5-x-2.5_P0438_Square-corner.jpg,Magnets,Preco
4.75,7,P0439,P0076-P0439,4,Picture Frame Shape (See also P0076),Picture Frame,Square,2,2,#N/A,Magnets,Preco
7.5,5.5,P0440,P0440,6,Rectangle 13.3 x 28,,Square,2,3,#N/A,Magnets,Preco
2,2,P0441,P0441,40,Custom Heart Shape,,NA,20,2,#N/A,Magnets,Preco
2,3.5,P0442,P0442,24,House Shape,,NA,12,2,#N/A,Magnets,Preco
3.6,3.5,P0443,P0443,12,Spider Shape,,NA,3,4,#N/A,Magnets,Preco
4.25,3.5,P0444,P0444,12,Rectangle,,Round,6,2,https://media.magnetguys.com/diecut_proof/D__P0444__4.25-x-3.5_P0444_Round-corner.jpg,Magnets,Preco
7.9167,2.9688,P0445,P0445,6,Kisscut,,Square,3,2,#N/A,Magnets,Preco
1.96,4.25,P0446,P0446,20,Discount Custom Van,,NA,10,2,#N/A,Magnets,Preco
3.6875,8.1875,P0447,P0447,4,Rectangle,,Square,2,2,#N/A,Magnets,Preco
3.25,3.5,P0448,P0448,12,Rectangle,,Round,6,2,https://media.magnetguys.com/diecut_proof/D__P0448__3.5-x-3.25_P0448_Round-corner.jpg,Magnets,Preco
3.0051,2.4772,P0449,P0449,18,Custom Shape - Brain,,NA,6,3,#N/A,Magnets,Preco
4.3728,4.4594,P0450,P0450,8,Custom Shape,,NA,2,4,#N/A,Magnets,Preco
3.25,2.875,P0451,P0492-P0451,18,Leaf shape (See also P0492),,NA,3,6,#N/A,Magnets,Preco
2.7758,2.8484,P0452,P0452,18,Custom Fort Shape,,NA,9,2,#N/A,Magnets,Preco
8.5,3,P0453,P0453,6,Rectangle,,Square,3,2,#N/A,Magnets,Preco
4,2.75,P0454,P0454,12,Rectangle,,Square,6,2,https://media.magnetguys.com/diecut_proof/D__P0454__4-x-2.75_P0454_Square-corner.jpg,Magnets,Preco
2.75,2.75,P0455,P0455,18,Sq with Round Corners,,Round,9,2,#N/A,Magnets,Preco
3,3,P0456,P0456,-,"16"" wide die",,Square,5,,#N/A,Magnets,Preco
3.5,4.5,P0457,P0457,9,Picture Frame with Star punch out,Picture Frame,Round,3,3,#N/A,Magnets,Preco
7,2,P0458,P0458,10,Rectangle,,Round,5,2,https://media.magnetguys.com/diecut_proof/D__P0458__7-x-2_P0458_Round-corner.jpg,Magnets,Preco
4.4757,5.3024,P0459,P0459,6,Custom Shape - Shield,,NA,2,3,#N/A,Magnets,Preco
5.1164,6.4393,P0460,P0460,4,Custom Shape,,NA,2,2,#N/A,Magnets,Preco
3,3.4,P0461,P0461,15,Minnesota,,NA,3,5,https://media.magnetguys.com/diecut_proof/D__P0461__3.0159-x-3.4039_P0461_CMD18022211_CM217814_Minnesota-Shape.jpg,Magnets,Preco
3.5,4,P0462,P0462,12,House Shape,,NA,6,2,#N/A,Magnets,Preco
3.25,2,P0463,P0463,25,Rectangle,,Square,5,5,https://media.magnetguys.com/diecut_proof/D__P0463__3.25-x-2_P0463_Square-corner.jpg,Magnets,Preco
3.7287,2.3803,P0464,P0464,16,Custom Oyster Shape,,NA,8,2,#N/A,Magnets,Preco
3.5,3,P0465,P0465,12,Custom Shape - Shield,,NA,6,2,#N/A,Magnets,Preco
5,6,P0466,P0466,6,Rectangle,,Square,2,3,#N/A,Magnets,Preco
3.5865,2.6891,P0467,P0467,16,Custom Shape,,NA,8,2,#N/A,Magnets,Preco
6.625,2.25,P0468,P0468,8,Rectangle,,Round,4,2,#N/A,Magnets,Preco
4.1894,3.0817,P0469,P0469,12,Custom Shape,,NA,6,2,#N/A,Magnets,Preco
6,8,P0470,P0470,3,Picture Frame - TRI CUT,Picture Frame,Square,1,3,#N/A,Magnets,Preco
8,10,P0471,P0471,2,Picture Frame - TRI CUT,Picture Frame,Square,1,2,#N/A,Magnets,Preco
2.5,2.75,P0472,P0472,24,Tooth Shape,,NA,12,2,#N/A,Magnets,Preco
11,11,P0473,P0473,1,Circle,Circle,NA,1,1,#N/A,Magnets,Preco
3.9201,3.5594,P0474,P0474,8,Butterfly,,NA,4,2,#N/A,Magnets,Preco
3.5,2.5,P0475,P0475,16,Blurb Space,,Na,8,2,#N/A,Magnets,Preco
4.4868,2.658,P0476,P0476,12,Custom Crown,,NA,3,4,#N/A,Magnets,Preco
3.6239,2.4789,P0477,P0477,-,Diamond Shape,,NA,7,,#N/A,Magnets,Preco
1.5,3.5,P0478,P0478,30,Rectangle (CORRECTED BY SCOTT 01/09/2020),,Round,15,2,https://media.magnetguys.com/diecut_proof/D__P0478__1.5-x-3.5_P0478_Round-corner.jpg,Magnets,Preco
3.25,3.25,P0479,P0479,15,Circle,Circle,NA,3,5,https://media.magnetguys.com/diecut_proof/D__P0479__3.25_P0479_Circle.jpg,Magnets,Preco
5,8.5,P0480,P0480,4,Rectangle,,Square,2,2,#N/A,Magnets,Preco
8.5,1.5,P0481,P0481,12,Rectangle,,Square,6,2,https://media.magnetguys.com/diecut_proof/D__P0481__8.5-x-1.5_P0481_Square-corner.jpg,Magnets,Preco
5.5,4.25,P0482,P0482,6,Rectangle,,Round,2,3,#N/A,Magnets,Preco
7,1.75,P0483,P0483,10,Rectangle,,Square,5,2,https://media.magnetguys.com/diecut_proof/D__P0483__7-x-1.75_P0483_Square-corner.jpg,Magnets,Preco
5.5,2.5,P0484,P0484,12,Bus Shape,,NA,4,3,#N/A,Magnets,Preco
4,4.5,P0485,P0485,6,Rectangle,,Square,2,3,#N/A,Magnets,Preco
2.75,2.2,P0486,P0486,24,Blob - Splash Shape,Shaped,NA,12,2,#N/A,Magnets,Preco
5.5598,5.9768,P0487,P0487,3,Custom Shape,,NA,1,3,#N/A,Magnets,Preco
4.25,2.75,P0488,P0488,12,Custom Shape,,NA,6,2,#N/A,Magnets,Preco
4,4.5,P0489,P0489,8,Rectangle,,Round,4,2,#N/A,Magnets,Preco
3.5,1.35,P0490,P0490,24,Tennis Shoe,Shaped,NA,12,2,https://media.magnetguys.com/diecut_proof/D__P0490__3.5-x-1.35_P0490_CMD18030542_CM21594_Tennis-Shoe.jpg,Magnets,Preco
3.5,5.5,P0491,P0579-P0491,9,Rectangle(See also -P0579),,Square,3,3,#N/A,Magnets,Preco
3.25,2.875,P0492,P0492-P0451,18,Leaf shape (See also P0451),,NA,3,6,#N/A,Magnets,Preco
3,3,P0493,P0493,15,Apple,,NA,3,5,#N/A,Magnets,Preco
3.5,2.5,P0494,P0494,16,Gavel,,NA,8,2,#N/A,Magnets,Preco
6,7,P0495,P0495,3,Rectangle,,Round,1,3,#N/A,Magnets,Preco
11.85,11.85,P0496,P0496,1,Circle,Circle,NA,1,1,#N/A,Magnets,Preco
4.3,6,P0497,P0497,6,House picture frame,Picture Frame,NA,2,3,#N/A,Magnets,Preco
3.5,2.125,P0498,P0498,20,Bone,,Na,4,5,https://media.magnetguys.com/diecut_proof/D__P0498__3.5-x-2.125_P0498_CMD18030830_Bone-Shape.jpg,Magnets,Preco
3.5,7,P0499,P0499,6,Rectangle,,Square,3,2,#N/A,Magnets,Preco
2,3.5,P0500,P0180-P0500,20,Penguin (See also P0180),,NA,10,2,#N/A,Magnets,Preco
11.25,11.25,P0501,P0501,1,Kiss Cut sheet,,Square,1,1,#N/A,Magnets,Preco
5.5,5.5,P0502,P0502,6,Jeep Custom,,NA,2,3,#N/A,Magnets,Preco
4.04,2.47,P0503,P0503,16,Bone,,NA,8,2,#N/A,Magnets,Preco
3,4.5,P0504,P0504,18,Custom Shape,,NA,6,3,#N/A,Magnets,Preco
5.2277,5.181,P0505,P0505,6,Custom Shape,,NA,2,3,#N/A,Magnets,Preco
4.75,4.5,P0506,P0506,6,Rectangle,,Round,2,3,#N/A,Magnets,Preco
3.19,1.38,P0507,P0507,30,Capsule,Shaped,NA,6,5,#N/A,Magnets,Preco
5,2,P0508,P0508,15,Rectangle,,Round,5,3,https://media.magnetguys.com/diecut_proof/D__P0508__5-x-2_P0508_Round-corner.jpg,Magnets,Preco
5.5,5.25,P0509,P0509,6,Rectangle,,Square,2,3,#N/A,Magnets,Preco
2.31,2.31,P0510,P0510,28,Circle,Circle,NA,4,7,https://media.magnetguys.com/diecut_proof/D__P0510__2.31_P0510_Circle.jpg,Magnets,Preco
2,8,P0511,P0511,10,Rectangle,,Square,5,2,https://media.magnetguys.com/diecut_proof/D__P0511__2-x-8_P0511_Square-corner.jpg,Magnets,Preco
4,4,P0512,P0512,8,Custom Shape,,NA,4,2,#N/A,Magnets,Preco
5,7,P0513,P0513-P1505,4,House (See also P1505 ),,NA,2,2,#N/A,Magnets,Preco
7,6.6111,P0514,P0514,2,Paw,,NA,1,2,#N/A,Magnets,Preco
5.6939,2.7454,P0515,P0515,9,Bone,,NA,3,3,#N/A,Magnets,Preco
1.75,1.75,P0516,P0516,45,Stop Sign - Octagon,,NA,5,9,#N/A,Magnets,Preco
3.5,1.12,P0517,P0517-P0762,40,Band Aid (See also P0762),,NA,8,5,https://media.magnetguys.com/diecut_proof/D__P0517-P0762__3.5-x-1.1_P0517-P0762_CMD18031242_CM212030_Band-Aid.jpg,Magnets,Preco
5.12,5.12,P0518,P0518,6,Circle,Circle,NA,2,3,#N/A,Magnets,Preco
2.25,2.5,P0519,P0519,24,Music Theme,,NA,12,2,https://media.magnetguys.com/diecut_proof/D__P0519__2.25-x-2.5_P0519_CMD18031336_Music-Themed-Shape.jpg,Magnets,Preco
3.75,2.25,P0520,P0520,16,Custom Church Shape,,NA,8,2,#N/A,Magnets,Preco
4.125,1.625,P0521,P0521,24,Oil Truck Shape,,NA,12,2,#N/A,Magnets,Preco
3.5,4.5,P0522,P0522,9,Picture Frame with Heart punch out,Picture Frame,Round,3,3,#N/A,Magnets,Preco
4.6539,1.7045,P0523,P0333-P0523,15,Custom Truck (See also P0333),,NA,5,3,#N/A,Magnets,Preco
6.39,6.55,P0524,P0524,2,Custom Paw Shape,,NA,1,2,#N/A,Magnets,Preco
3.5,4,P0525,P0525,18,Custom Shape,,NA,6,3,#N/A,Magnets,Preco
7.75,5.34,P0526,P0526,4,Rectangle Picture Frame,Picture Frame,Round,2,2,#N/A,Magnets,Preco
5.5,8.5,P0527,P0527,4,Rectangle,,Square,2,2,#N/A,Magnets,Preco
2.5,4,P0528,P0528,16,Glass,,NA,8,2,#N/A,Magnets,Preco
1.75,2.75,P0529,P0529,30,Cowboy Boot,,NA,15,2,#N/A,Magnets,Preco
4.5,3.93,P0530,P0530,8,Phone,,NA,4,2,#N/A,Magnets,Preco
7.375,5,P0531,P0531,4,Picture Frame Double Punch |Oval|Round|Square,Picture Frame,Round,2,2,#N/A,Magnets,Preco
2.5,3,P0532,P0532,20,Hammer (A),,NA,4,5,#N/A,Magnets,Preco
2.5,3,P0533,P0533-P0537B,18,Hammer (See also P0537) (B),,NA,9,2,#N/A,Magnets,Preco
8,8,P0534,P0534,2,Rectangle,,Round,1,2,#N/A,Magnets,Preco
9,9,P0535,P0535,2,Rectangle,,Round,1,2,#N/A,Magnets,Preco
6.2542,3.477,P0536,P0536,-,Laser Gun,,NA,3,,#N/A,Magnets,Preco
2.5,3,P0537,P0533B-P0537,18,Hammer (See also P0533) (B),,NA,9,2,#N/A,Magnets,Preco
3.74,3.74,P0538,P0538,8,Square,,square,4,2,#N/A,Magnets,Preco
2.6336,2.6253,P0539,P0539,18,Peach,,NA,9,2,#N/A,Magnets,Preco
3.75,9.25,P0540,P0540,4,Rectangle,,Square,2,2,#N/A,Magnets,Preco
6.2971,4.3577,P0541,P0541,4,Custom Van SHAPE - Earth Wheels,,NA,2,2,#N/A,Magnets,Preco
3.875,7.25,P0542,P0542,4,Baseball Schedule,,NA,2,2,#N/A,Magnets,Preco
3.25,4.5,P0543,P0543,10,Rectangle,,Square,2,5,https://media.magnetguys.com/diecut_proof/D__P0543__3.25-x-4.5_P0543_Square-Corner.jpg,Magnets,Preco
3.5,2.25,P0544,P0544,-,Oval,Oval,NA,3,,#N/A,Magnets,Preco
2.6,3,P0545,P0545,18,Smart Car,,NA,9,2,#N/A,Magnets,Preco
3.2196,3.0853,P0546,P0546,15,Custom Shield,,NA,3,5,#N/A,Magnets,Preco
5.9,7.48,P0547,P0547,3,Custom Shield,,NA,1,3,#N/A,Magnets,Preco
7.375,5,P0548,P0548-P0690,4,Picture Frame - Square (See also P0690),Picture Frame,Round,2,2,#N/A,Magnets,Preco
5,3.25,P0549,P0549,10,Oval,Oval,NA,2,5,#N/A,Magnets,Preco
3.17,4.35,P0550,P0550,12,Hand Print,,NA,3,4,#N/A,Magnets,Preco
5.5,4,P0551,P0551,6,Custom Shape,,NA,2,3,#N/A,Magnets,Preco
3.25,3,P0552,P0552,15,Rectangle,,Round,3,5,https://media.magnetguys.com/diecut_proof/D__P0552__3-x-3.25_P0552_Round-corner.jpg,Magnets,Preco
4.4213,3.5529,P0553,P0553,8,Custom Shape,,NA,4,2,#N/A,Magnets,Preco
1.75,8,P0554,P0554-P2089,10,Rectangle (See also P2089),,Round,5,2,https://media.magnetguys.com/diecut_proof/D__P0554-P2089__8-x-1.75_P0554-P2089_Round-corner.jpg,Magnets,Preco
5.187,2.125,P0555,P0555,12,Custom Airplane Shape,,NA,4,3,#N/A,Magnets,Preco
5.25,5.25,P0556,P0556,6,Kisscut - Circle- Pizza with 8 slices,Circle,NA,2,3,#N/A,Magnets,Preco
5.8979,3.0091,P0557,P0557,9,Custom Tractor Shape,,NA,3,3,#N/A,Magnets,Preco
3.5,3.5,P0558,P0558,15,Square,,Square,3,5,https://media.magnetguys.com/diecut_proof/D__P0558__3.5-x-3.5_P0558_Square-corner.jpg,Magnets,Preco
2.25,3.5,P0559,P0559,18,Oval,Oval,NA,9,2,#N/A,Magnets,Preco
2.375,2.375,P0560,P0560,28,Rectangle,,Square,4,7,https://media.magnetguys.com/diecut_proof/D__P0560__2.375-x-2.375_P0560_Square-corner.jpg,Magnets,Preco
3,3,P0561,P0561-P0097,15,Circle(See also P0097),Circle,NA,3,5,#N/A,Magnets,Preco
4.17,4.16,P0562,P0562,8,Shield,,NA,2,4,#N/A,Magnets,Preco
10,2.5,P0563,P0563,6,Rectangle,,Square,3,2,#N/A,Magnets,Preco
6,2,P0564,P0564,15,Rectangle,,Square,5,3,https://media.magnetguys.com/diecut_proof/D__P0564__6-x-2_P0564_Square-corne.jpg,Magnets,Preco
6.53,5.19,P0565,P0565,4,Butterfly,,NA,2,2,#N/A,Magnets,Preco
2.7103,2.9296,P0566,P0566,15,Custom Shield,,NA,3,5,#N/A,Magnets,Preco
7,5.25,P0567,P0567,4,Rectangle,,Round,2,2,#N/A,Magnets,Preco
4,4.375,P0568,P0568,8,Custom Shape,,NA,4,2,#N/A,Magnets,Preco
3.374,3.734,P0569,P0569,12,Square,,Square,6,2,#N/A,Magnets,Preco
2.5,3,P0570,P0570,20,Rectangle,,Square,4,5,https://media.magnetguys.com/diecut_proof/D__P0570__3-x-2.5_P0570_Square-corner.jpg,Magnets,Preco
6.76,3.59,P0571,P0571,6,Custom - Eagle with bat,,NA,3,2,#N/A,Magnets,Preco
6.76,3.59,P0572,P0572,6,Custom - Eagle with lacrosse stick,,NA,3,2,#N/A,Magnets,Preco
1.75,2.56,P0573,P0573,36,Airplane,,NA,4,9,#N/A,Magnets,Preco
2.9579,5.1251,P0574,P0574,9,Ear,,NA,3,3,#N/A,Magnets,Preco
2.5,8.5,P0575,P0575,8,Rectangle,,Square,4,2,https://media.magnetguys.com/diecut_proof/D__P0575__2.5-x-8.5_P0575_Square-corner.jpg,Magnets,Preco
2.87,1.25,P0576,P0576,48,Custom Van Shape,,NA,24,2,#N/A,Magnets,Preco
3,9,P0577,P0577,5,Rectangle,,Square,1,5,https://media.magnetguys.com/diecut_proof/D__P0577__3-x-9_P0577_square-corner.jpg,Magnets,Preco
3.75,1.87,P0578,P0578,20,Custom Truck Shape,,NA,10,2,#N/A,Magnets,Preco
3.5,5.5,P0579,P0579-P0491,9,Recatangle (See also P0491),,Square,3,3,#N/A,Magnets,Preco
4.6331,2.537,P0580,P0580,12,Custom Shape,,NA,4,3,#N/A,Magnets,Preco
4,1,P0581,P0581,36,Rectangle,,Round,18,2,#N/A,Magnets,Preco
3.9644,2.8955,P0582,P0582,12,Custom Shape,,NA,6,2,#N/A,Magnets,Preco
1.87,3.37,P0583,P0583,25,Light House,,NA,5,5,#N/A,Magnets,Preco
3.125,2.5,P0584,P0584,20,Ship Shape,,NA,4,5,#N/A,Magnets,Preco
3.5,4.5,P0585,P0585,9,Picture Frame with Apple punch out,Picture Frame,Round,3,3,#N/A,Magnets,Preco
2,8,P0586,P0586,10,Rectangle,,Round,5,2,https://media.magnetguys.com/diecut_proof/D__P0586__8-x-2_P0586_Round-corner.jpg,Magnets,Preco
3.75,5,P0587,P0587,8,Rectangle,,Square,4,2,#N/A,Magnets,Preco
4.25,7.25,P0588,P0588,4,Rectangle,,Square,2,2,#N/A,Magnets,Preco
5,6,P0589,P0589,4,Oval,Oval,NA,2,2,#N/A,Magnets,Preco
1.73,4.62,P0590,P0590,15,Bottle,,NA,5,3,https://media.magnetguys.com/diecut_proof/D__P0590__1.73-x-4.62_P0590_CMD18041031_Bottle.jpg,Magnets,Preco
5,9.5,P0591,P0591,3,Kiss cut,,Square,1,3,#N/A,Magnets,Preco
3.475,4,P0592,P0592,12,Trash Can,,NA,6,2,https://media.magnetguys.com/diecut_proof/D__P0592__3.475-x-4_P0592_CM218176_Trash-Can-shape.jpg,Magnets,Preco
6.25,4.42,P0593,P0593,4,Custom Circle with Wings,Circle,NA,2,2,#N/A,Magnets,Preco
2.5,4.25,P0594,P0594,16,Rectangle,,Square,8,2,#N/A,Magnets,Preco
5,6.25,P0595,P0595,4,Rectangle,,Square,2,2,#N/A,Magnets,Preco
5.865,3.7749,P0596,P0596,9,Custom Shape,,NA,3,3,#N/A,Magnets,Preco
1.5,7.375,P0597,P0597-P1458,12,Rectangle (See also P1458),,Square,6,2,#N/A,Magnets,Preco
6.5,6.5,P0598,P0598,2,Rectangle,,Square,1,2,#N/A,Magnets,Preco
2.4925,2,P0599,P0599,32,Puzzle Piece,,NA,4,8,#N/A,Magnets,Preco
6.5,4.25,P0600,P0600,4,Football,,NA,2,2,#N/A,Magnets,Preco
4.5,9,P0601,P0601,4,Rectangle,,Square,2,2,#N/A,Magnets,Preco
7,1.75,P0602,P0602,10,Rectangle,,Round,5,2,https://media.magnetguys.com/diecut_proof/D__P0602__1.75-x-7_P0602_Round-corner.jpg,Magnets,Preco
5,4,P0603,P0603,8,Heart,,NA,2,4,#N/A,Magnets,Preco
4.35,3.17,P0604,P0604,12,Monster truck,,NA,3,4,#N/A,Magnets,Preco
3,4.25,P0605,P0605,12,Rectanlge,,Square,6,2,https://media.magnetguys.com/diecut_proof/D__P0605__3-x-4.25_P0605_Square-corner.jpg,Magnets,Preco
5.75,5.4368,P0606,P0606,3,Paw,,NA,1,3,#N/A,Magnets,Preco
3,5,P0607,P0607,10,Montana,,NA,2,5,#N/A,Magnets,Preco
5.3008,5.1743,P0608,P0608,6,Custom Shield Shape,,NA,2,3,#N/A,Magnets,Preco
4,4.8,P0609,P0609,8,V Shape,,NA,4,2,#N/A,Magnets,Preco
4.23,1.79,P0610,P0610,25,Propane Truck,,NA,5,5,#N/A,Magnets,Preco
1.62,4,P0611,P0611,24,Van,,Na,6,4,#N/A,Magnets,Preco
4.7491,8.4806,P0612,P0612,4,Prize Ribbon,,NA,2,2,#N/A,Magnets,Preco
7,1.5,P0613,P0613,12,Rectangle,,Square,6,2,https://media.magnetguys.com/diecut_proof/D__P0613__7-x-1.5_P0613_Square-corner.jpg,Magnets,Preco
4.5,6.5,P0614,P0614,4,Custom,,NA,2,2,#N/A,Magnets,Preco
4.92,2,P0615,P0615,15,Custom Van Shape,,NA,5,3,#N/A,Magnets,Preco
3,4.5,P0616,P0616,9,Rectangle,,Round,3,3,#N/A,Magnets,Preco
5.24,4.9,P0617,P0617,6,Custom Circle,Circle,NA,2,3,#N/A,Magnets,Preco
3.98,3.48,P0618,P0618,10,Frame,,Square,2,5,#N/A,Magnets,Preco
7,1.5,P0619,P0619,22,Nail,,NA,11,2,#N/A,Magnets,Preco
4,5.75,P0620,P0620,6,Rectangle,,Round,2,3,#N/A,Magnets,Preco
3.75,1.87,P0621,P0621,20,Truck,,NA,5,4,#N/A,Magnets,Preco
10.6176,3.7977,P0622,P0622,4,Custom Shape,,NA,2,2,#N/A,Magnets,Preco
1.75,2.5,P0623,P0623,30,Tooth Shape,,NA,15,2,#N/A,Magnets,Preco
4.78,5.62,P0624,P0624,6,House,,NA,2,3,#N/A,Magnets,Preco
4.0326,4.1742,P0625,P0625,8,Custom Circle,Circle,NA,4,2,#N/A,Magnets,Preco
4,7,P0626,P0626-P0666,4,Picture Frame (See also P0666),Picture Frame,NA,2,2,#N/A,Magnets,Preco
7.0094,7,P0627,P0627,2,Custom,,Na,1,2,#N/A,Magnets,Preco
3.5,1.75,P0628,P0628,20,Van,,NA,10,2,https://media.magnetguys.com/diecut_proof/D__P0628__3.5-x-1.75_P0628_CMD18042370_CM218787_Van-Shape.jpg,Magnets,Preco
2.7901,2.1252,P0629,P0629,24,Custom,,NA,4,6,#N/A,Magnets,Preco
3.5,4.5,P0630,P0630,9,Picture Frame with Oval punch out,Picture Frame,Round,3,3,https://media.magnetguys.com/diecut_proof/D__P0630__4.5-x-3.5_P0630_CMD18010229_Picture-Frame-Oval.jpg,Magnets,Preco
5.1388,1.0511,P0631,P0631,24,Parts Tree,,NA,8,3,#N/A,Magnets,Preco
3.75,5.5,P0632,P0632,6,Rectangle,,Round,2,3,#N/A,Magnets,Preco
6,10,P0633,P0633,3,Rectangle,,Square,1,3,#N/A,Magnets,Preco
4.2845,5.491,P0634,P0634,6,Tooth Shape,,NA,2,3,#N/A,Magnets,Preco
2.25,4.3125,P0635,P0635,16,Medicine Pill Bottle,,NA,8,2,https://media.magnetguys.com/diecut_proof/D__P0635__2.25-x-4.35_P0635_CM218763_Medicine-Pill-Bottle-shape.jpg,Magnets,Preco
9,5,P0636,P0636,4,Rectangle,,Square,2,2,#N/A,Magnets,Preco
11.45,8.95,P0637,P0637,2,Kiss Cut sheet,,Square,1,2,#N/A,Magnets,Preco
3.31,1.68,P0638,P0638,25,Bus Shape,,NA,5,5,#N/A,Magnets,Preco
1.12,2.87,P0639,P0639,48,Foot Shape,,NA,8,6,#N/A,Magnets,Preco
6.25,3.75,P0640,P0640,6,Rectangle,,Square,3,2,#N/A,Magnets,Preco
6,6,P0641,P0028-P0641,3,Circle (See also P0028),Circle,NA,1,3,#N/A,Magnets,Preco
8.5,4.69,P0642,P0642,4,Skull,,NA,2,2,#N/A,Magnets,Preco
6,7.5,P0643,P0643,3,Rectangle,,Round,1,3,#N/A,Magnets,Preco
2.9081,2.6758,P0644,P0644,18,Custom Memorials,,NA,3,6,#N/A,Magnets,Preco
3,2,P0645,P0645,25,Gavel,,NA,5,5,https://media.magnetguys.com/diecut_proof/D__P0645__3-x-2_P0645_CMD18041831_CM41927_Gavel-Shape.jpg,Magnets,Preco
7.2,5.75,P0646,P0646,3,Heart,,NA,1,3,#N/A,Magnets,Preco
2.875,2.875,P0647,P0647,18,Rectangle,,Square,3,6,https://media.magnetguys.com/diecut_proof/D__P0647__2.87-x-2.87_P0647_Square-corner.jpg,Magnets,Preco
2.25,3.56,P0648,P0648,20,New Jersey,,NA,4,5,#N/A,Magnets,Preco
5,7,P0649,P0649,4,Rectagle Picture Frame,Picture Frame,Round,2,2,#N/A,Magnets,Preco
4,1.75,P0650,P0650,20,Rectangle,,Square,5,4,https://media.magnetguys.com/diecut_proof/D__P0650__4-x-1.75_P0650_Square-corner.jpg,Magnets,Preco
1.75,2.13,P0651,P0651,35,Apple,,NA,5,7,#N/A,Magnets,Preco
3.75,3.16,P0652,P0652,10,T-Shirt,,NA,2,5,#N/A,Magnets,Preco
1.5,3,P0653,P0653,30,Custom,,NA,6,5,#N/A,Magnets,Preco
2.5,2.5,P0654,P0654,24,Tree,,NA,4,6,#N/A,Magnets,Preco
5,2.328,P0655,P0655,12,Ambulance,,NA,4,3,#N/A,Magnets,Preco
3,1.75,P0656,P0656,25,Oval,Oval,NA,5,5,#N/A,Magnets,Preco
3.2315,2.3936,P0657,P0657,20,Crab,,NA,4,5,#N/A,Magnets,Preco
3,3.75,P0658,P0658,10,Rectangle,,Round,2,5,https://media.magnetguys.com/diecut_proof/D__P0658__3.75-x-3_P0658_Round-corner.jpg,Magnets,Preco
2.7144,2.9335,P0659,P0659,15,Custom Shape,,NA,3,5,#N/A,Magnets,Preco
6,8,P0660,P0660,3,Picture Frame - Crown,Picture Frame,Square,1,3,#N/A,Magnets,Preco
6.75,5.25,P0661,P0661,4,Custom Shape Circle,Circle,NA,2,2,#N/A,Magnets,Preco
8,2.5,P0662,P0662,8,Rectangle,,Square,4,2,https://media.magnetguys.com/diecut_proof/D__P0662__8-x-2.5_P0662_Square-corner.jpg,Magnets,Preco
3.38,3.44,P0663,P0663,15,Custom - Tree,,NA,3,5,#N/A,Magnets,Preco
3.75,5.25,P0664,P0664,8,Rectangle,,Square,4,2,#N/A,Magnets,Preco
3.5,3.5,P0665,P0665,15,Octogoan,,NA,3,5,#N/A,Magnets,Preco
4,7,P0666,P0626-P0666,4,Picture Frame (See also P0626),Picture Frame,Square,2,2,#N/A,Magnets,Preco
4,2,P0667,P0667,20,Bottle,,NA,5,4,#N/A,Magnets,Preco
4.02,2.13,P0668,P0668,16,Custom,,NA,4,4,#N/A,Magnets,Preco
4.0598,10.1447,P0669,P0669,4,Custom,,NA,1,4,#N/A,Magnets,Preco
3.5,3.5,P0670,P0670,15,Rectangle,,Round,3,5,https://media.magnetguys.com/diecut_proof/D__P0670__3.5-x-3.5_P0670_Round-corner.jpg,Magnets,Preco
6,2.75,P0671,P0671,9,Rectangle,,Square,3,3,https://media.magnetguys.com/diecut_proof/D__P0671__6-x-2.75_P0671_Square-corner.jpg,Magnets,Preco
5.992,3.9956,P0672,P0672,6,Picture Frame,Picture Frame,Square,3,2,#N/A,Magnets,Preco
2.5,2.5,P0673,P0673,24,Rectangle,,Round,12,2,https://media.magnetguys.com/diecut_proof/D__P0673__2.5-x-2.5_P0673_Round-corner.jpg,Magnets,Preco
3.75,2.25,P0674,P0674,16,Rectangle,,Square,8,2,https://media.magnetguys.com/diecut_proof/D__P0674__3.75-x-2.25_P0674_square-corner_template.jpg,Magnets,Preco
7,9,P0675,P0675,2,Rectangle,,Round,1,2,#N/A,Magnets,Preco
3.6633,6.4577,P0676,P0676,4,Soccer Wildcat,,NA,2,2,#N/A,Magnets,Preco
6.263,4.4012,P0677,P0677,4,Van Shape,,NA,2,2,#N/A,Magnets,Preco
3.125,1.43,P0678,P0678,30,Van,,NA,6,5,https://media.magnetguys.com/diecut_proof/D__P0678__3.12-x-1.43_P0678_CM211017_Van-shape.jpg,Magnets,Preco
1.5,2.5,P0679,P0679,36,Rectangle,,Round,18,2,https://media.magnetguys.com/diecut_proof/D__P0679__2.5-x-1.5_P0679_Round-corner.jpg,Magnets,Preco
4,3.75,P0680,P0680,8,Rectangle,,Square,4,2,#N/A,Magnets,Preco
5.24,3.25,P0681,P0681,10,Custom,,NA,2,5,#N/A,Magnets,Preco
4.5429,7.466,P0682,P0682,3,Light house,,NA,1,3,#N/A,Magnets,Preco
3.6,2,P0683,P0683,16,Custom,,NA,4,4,#N/A,Magnets,Preco
9,12,P0684,P0684,1,Kiss Cut sheet,,NA,1,1,#N/A,Magnets,Preco
4.35,4.96,P0685,P0685,9,Triangle,,NA,3,3,#N/A,Magnets,Preco
5.2428,6.4575,P0686,P0686,4,Sheild,,NA,2,2,#N/A,Magnets,Preco
3.75,7,P0687,P0687,9,Rectangle,,Round,3,3,#N/A,Magnets,Preco
2.5,6,P0688,P0688,8,Rectangle,,Square,4,2,https://media.magnetguys.com/diecut_proof/D__P0688__6-x-2.5_P0688_Square-corne.jpg,Magnets,Preco
6.5,5.58,P0689,P0689,3,Octogon,,NA,1,3,#N/A,Magnets,Preco
7.375,5,P0690,P0548-P0690,4,Picture Frame - Square (See also P0548),Picture Frame,Round,2,2,#N/A,Magnets,Preco
4.1214,4.2706,P0691,P0691,6,Park hopper,,NA,2,3,#N/A,Magnets,Preco
5,7,P0692,P0692,4,Kiss Cut sheet,,Square,2,2,#N/A,Magnets,Preco
5,8.25,P0693,P0693,4,Rectanlge,,Round,2,2,#N/A,Magnets,Preco
3.9022,4.2707,P0694,P0694,8,Custom Shield,,NA,2,4,#N/A,Magnets,Preco
3.68,3.5,P0695,P0695,10,Custom,,NA,2,5,#N/A,Magnets,Preco
4.6,4.6,P0696,P0696,6,Custom Steaming basket,,NA,2,3,#N/A,Magnets,Preco
12,3.5,P0697,P0697,3,Rectangle,,Round,3,1,#N/A,Magnets,Preco
2.5,3,P0698,P0698,20,Rectangle,,Round,4,5,https://media.magnetguys.com/diecut_proof/D__P0698__2.5-x-3_P0698_Round-corner.jpg,Magnets,Preco
3.75,6.75,P0699,P0699,6,Rectangle,,Round,3,2,#N/A,Magnets,Preco
3.75,7,P0700,P0700,4,Oval,Oval,Na,2,2,#N/A,Magnets,Preco
3.8749,3.1597,P0701,P0701,10,Cap,,Na,2,5,#N/A,Magnets,Preco
3.05,4.4,P0702,P0702,12,Ribbon,,NA,3,4,#N/A,Magnets,Preco
3,7.5,P0703,P0703,6,Rectangle,,Square,3,2,https://media.magnetguys.com/diecut_proof/D__P0703__3-x-7.5_P0703_Square-corner.jpg,Magnets,Preco
3,2.75,P0704,P0704,15,Rectangle,,Square,3,5,https://media.magnetguys.com/diecut_proof/D__P0704__3-x-2.75_P0704_Square-corner.jpg,Magnets,Preco
5.4,2.5,P0705,P0705,12,Custom Van Shape,,NA,4,3,#N/A,Magnets,Preco
3,4.75,P0706,P0706,6,Rectangle,,Square,3,2,https://media.magnetguys.com/diecut_proof/D__P0706__3-x-4.75_P0706_Square-corner_template.jpg,Magnets,Preco
2.12,2.81,P0707,P0707,24,Custom (Owl Shape),,NA,4,6,#N/A,Magnets,Preco
5.5,7,P0708,P0708,4,Custom House,,NA,2,2,#N/A,Magnets,Preco
5,3.52,P0709,P0709,6,Custom Square with Heart Corner,,NA,2,3,#N/A,Magnets,Preco
3.375,4.75,P0710,P0710,9,Custom Shape,,NA,3,3,#N/A,Magnets,Preco
1.9348,2.0004,P0711,P0711,40,Custom (Apple Shape),,NA,5,8,#N/A,Magnets,Preco
2.75,4,P0712,P0712,12,Rectangle,,Round,6,2,https://media.magnetguys.com/diecut_proof/D__P0712__4-x-2.75_P0712_Round-corner.jpg,Magnets,Preco
3.5,4.5,P0713,P0713,8,Rectangle,,Square,4,2,#N/A,Magnets,Preco
4.502,1.77,P0714,P0714,20,Custom (Van Shape),,NA,5,4,#N/A,Magnets,Preco
5,5,P0715,P0715,6,Football Player,,NA,2,3,#N/A,Magnets,Preco
4.125,1.875,P0716,P0716,20,Van Shaped - Right,,NA,10,2,#N/A,Magnets,Preco
4.5,7.5,P0717,P0717,4,Rectangle,,Round,2,2,#N/A,Magnets,Preco
8.5,2.75,P0718,P0718,6,Rectangle,,Square,3,2,https://media.magnetguys.com/diecut_proof/D__P0718__8.5-x-2.75_P0718_Square-Corner.jpg,Magnets,Preco
4.5,5.25,P0719,P0719,6,Rectangle,,Square,2,3,#N/A,Magnets,Preco
3.75,7,P0720,P0720,6,Rectangle,,Square,3,2,#N/A,Magnets,Preco
6.71,3.55,P0721,P0721,6,Custom,,NA,3,2,#N/A,Magnets,Preco
5,9.5,P0722,P0722,2,Kiss cut,,Square,2,1,#N/A,Magnets,Preco
4.5,4.7,P0723,P0723,6,Picture frame-Heart,Picture Frame,NA,2,3,#N/A,Magnets,Preco
6.19,4.51,P0724,P0724,4,Custom (Pig Shape),,NA,2,2,#N/A,Magnets,Preco
3.75,8.5,P0725,P0725,4,Rectangle,,Square,2,2,#N/A,Magnets,Preco
8.5,3.25,P0726,P0726,6,Rectangle,,Square,3,2,https://media.magnetguys.com/diecut_proof/D__P0726__8.5-x-3.25_P0726_Square-corner.jpg,Magnets,Preco
8,11,P0727,P0727,2,Rectangle,,Square,1,2,#N/A,Magnets,Preco
3.562,2.7511,P0728,P0728,12,Oregon State Shape,,NA,3,4,https://media.magnetguys.com/diecut_proof/D__P0728__3.562-x-2.7511_P0728_CMD18052516_CM217809_Oregon-State.jpg,Magnets,Preco
5.6574,4.1393,P0729,P0729,6,Custom (for Swim School),,NA,2,3,#N/A,Magnets,Preco
4.25,6.25,P0730,P0730,6,Rectangle,,Round,3,2,#N/A,Magnets,Preco
3.5,1.87,P0731,P0731,25,Custom(Smartphone Shape),,NA,5,5,#N/A,Magnets,Preco
4.7087,2.051,P0732,P0732,12,Custom(Swimming Penguine),,NA,4,3,#N/A,Magnets,Preco
3.5,4.5,P0733,P0733,9,Rectangle,,Round,3,3,#N/A,Magnets,Preco
5.5,2.25,P0734,P0734,12,Rectangle,,Square,4,3,https://media.magnetguys.com/diecut_proof/D__P0734__5.5-x-2.25_P0734_Square-corner.jpg,Magnets,Preco
2.25,4.5,P0735,P0735,12,Rectangle,,Round,4,3,https://media.magnetguys.com/diecut_proof/D__P0735__4.5-x-2.25_P0735_Round-corner.jpg,Magnets,Preco
2.25,2.75,P0736,P0120-P0736,24,Real Estate Sold Sign -(See also -P0120),,NA,4,6,#N/A,Magnets,Preco
1.78,2.13,P0737,P0737,35,Custom (Strawberry),,NA,5,7,#N/A,Magnets,Preco
8.25,5.5,P0738,P0738,4,Football,,NA,2,2,#N/A,Magnets,Preco
3.25,5.5,P0739,P0739,9,Rectangle,,Square,3,3,https://media.magnetguys.com/diecut_proof/D__P0739__5.5-x-3.25_P0739_Square-corner.jpg,Magnets,Preco
7,5.75,P0740,P0740,3,Tortoise Shape,,NA,1,3,#N/A,Magnets,Preco
1,3.5,P0741,P0741,45,Rectangle (See also P2703),Square,Square,9,5,#N/A,Magnets,Preco
2.75,4.5,P0742,P0742,9,Rectangle,,Square,3,3,https://media.magnetguys.com/diecut_proof/D__P0742__2.75-x-4.5_P0742_Square-corner.jpg,Magnets,Preco
9.5,3,P0743,P0743,5,Rectangle,,Round,1,5,https://media.magnetguys.com/diecut_proof/D__P0743__3-x-9.5_P0743_Round-corner.jpg,Magnets,Preco
4.3,5.55,P0744,P0744,6,Custom(Pirate Ship),,NA,2,3,#N/A,Magnets,Preco
3.75,7.5,P0745,P0745,4,Rectangle,,Square,2,2,#N/A,Magnets,Preco
8,10.5,P0746,P0746,2,Rectangle,,Square,1,2,#N/A,Magnets,Preco
NA,NA,P0747,P0747,-,,,,,,#N/A,Magnets,Preco
3.9073,2.2627,P0748,P0748,16,Custom (Bullet like logo),,NA,4,4,#N/A,Magnets,Preco
8,11.875,P0749,P0749,1,Rectangle,,Square,1,1,#N/A,Magnets,Preco
11.875,6,P0750,P0750-P1507,1,Kiss Cut 2 x 3 Cards (See aslo P1507),,Square,1,1,#N/A,Magnets,Preco
3.5,4.5,P0751,P0119-P0140-P0751,9,Picture Frame (See also P0119-P0140),Picture Frame,Round,3,3,#N/A,Magnets,Preco
4.25,11,P0752,P0752,2,Rectangle,,Square,2,1,#N/A,Magnets,Preco
4.5,8.5,P0753,P0753,4,Rectangle,,Square,2,2,#N/A,Magnets,Preco
5.5,7,P0754,P0754,4,Rectangle,,Round,2,2,#N/A,Magnets,Preco
3.75,5.625,P0755,P0755,6,Rectangle,,Square,2,3,#N/A,Magnets,Preco
9,3,P0756,P0756,5,Rectangle,,Round,1,5,https://media.magnetguys.com/diecut_proof/D__P0756__9-x-3_P0756_Round-corner.jpg,Magnets,Preco
1.5,3.75,P0757,P0757,24,Rectangle,,Round,12,2,https://media.magnetguys.com/diecut_proof/D__P0757__1.5-x-3.75_P0757_Round-corner.jpg,Magnets,Preco
5,8.5,P0758,P0758,4,School Bus,,NA,2,2,#N/A,Magnets,Preco
2,4.125,P0759,P0759,20,Ribbon Shape,,NA,10,2,https://media.magnetguys.com/diecut_proof/D__P0759__2-x-4.125_P0759_CM21998_Ribbon-Shape.jpg,Magnets,Preco
3.0151,3.2634,P0760,P0760,15,Custom (Turkey Sign board),,NA,3,5,#N/A,Magnets,Preco
2.5,2.75,P0761,P0761,24,Tooth - Sharp bottom,,NA,4,6,#N/A,Magnets,Preco
3.5,1.12,P0762,P0517-P0762,40,Bandage Shape (See also P0517),,NA,8,5,https://media.magnetguys.com/diecut_proof/D__P0517-P0762__3.5-x-1.1_P0517-P0762_CMD18031242_CM212030_Band-Aid.jpg,Magnets,Preco
3.25,5,P0763,P0763,9,Rectangle,,Round,3,3,#N/A,Magnets,Preco
3.46,1.49,P0764,P0764,30,Custom (Foot Shape),,NA,6,5,#N/A,Magnets,Preco
3.17,4.35,P0765,P0765,9,Custom (Window with round arch),,NA,3,3,#N/A,Magnets,Preco
4.173,3.3083,P0766,P0766,12,Custom Fireworks,,NA,3,4,#N/A,Magnets,Preco
3.56,2.45,P0767,P0767,16,Custom (Ribbon with rectangle side),,NA,8,2,#N/A,Magnets,Preco
4.75,3.25,P0768,P0768,9,Rectangle,,Round,3,3,https://media.magnetguys.com/diecut_proof/D__P0768__3.25-x-4.75_P0768_Round-corner.jpg,Magnets,Preco
2.75,3.5,P0769,P0769,18,Rectangle,,Square,9,2,https://media.magnetguys.com/diecut_proof/D__P0769__3.5-x-2.75_P0769_Square-corner.jpg,Magnets,Preco
7,7,P0770,P0770,2,Rectangle,,Round,1,2,#N/A,Magnets,Preco
3.75,9,P0771,P0771,4,Rectangle,,Square,2,2,#N/A,Magnets,Preco
7,5,P0772,P0772,4,Custom(kiss cut),,Square,2,2,#N/A,Magnets,Preco
1.25,1.25,P0773,P0773,84,Circle,Circle,NA,42,2,#N/A,Magnets,Preco
11.25,11.25,P0774,P0774,1,Circle,Circle,NA,1,1,#N/A,Magnets,Preco
7.0365,2.2568,P0775,P0775,8,Custom(Letter M with wings),,NA,4,2,#N/A,Magnets,Preco
1.25,1.25,P0776,P0776,84,Rectangle,,Square,42,2,#N/A,Magnets,Preco
2.5247,3.0133,P0777,P0777,20,Indiana with Text,,NA,4,5,#N/A,Magnets,Preco
1.5,4.5,P0778,P0778,18,Rectangle,,Round,6,3,https://media.magnetguys.com/diecut_proof/D__P0778__1.5-x-4.5_P0778_Round-corner.jpg,Magnets,Preco
3.82,2.56,P0779,P0779,20,South Carolina,,NA,4,5,#N/A,Magnets,Preco
8.38,4.68,P0780,P0780,4,Custom(Left facing Truck),,NA,2,2,#N/A,Magnets,Preco
4.9875,6.264,P0781,P0781,6,Custom,,NA,2,3,#N/A,Magnets,Preco
1.75,2.75,P0782,P0782,30,Rectangle,,Round,15,2,https://media.magnetguys.com/diecut_proof/D__P0782__2.75-x-1.75_P0782_Round-corner.jpg,Magnets,Preco
4.003,4.1677,P0783,P0783,6,Custom(Rectangle with circle on top-left corner),Circle,NA,2,3,#N/A,Magnets,Preco
5.24,5.24,P0784,P0784,6,Shield(Police Badge like Jordan football club),,NA,2,3,#N/A,Magnets,Preco
3.25,5.75,P0785,P0785,9,Custom(Football topper Rectangle),,NA,3,3,#N/A,Magnets,Preco
7.21,2.42,P0786,P0786,8,Police Car,,NA,4,2,https://media.magnetguys.com/diecut_proof/D__P0786__7.21-x-2.42_P0786_CMD18060545_Police-Car.jpg,Magnets,Preco
5.0915,3.7676,P0787,P0787,8,Custom(Oval Shape),Oval,NA,2,4,#N/A,Magnets,Preco
6.75,4.75,P0788,P0788,4,Rectangle picture frame (Cutout-5.45 x 3.5),Picture Frame,Square,2,2,#N/A,Magnets,Preco
3.32,2.06,P0789,P0789,21,Custom (Graduation Hat),,NA,3,7,https://media.magnetguys.com/diecut_proof/D__P0789__3.32-x-2.6_P0789_CMD18061108_Graduation-Hat.jpg,Magnets,Preco
2,2.5,P0790,P0790,30,Custom (Water/Blood Drop),,NA,5,6,https://media.magnetguys.com/diecut_proof/D__P0790__2-x-2.5_P0790_CMD18061810_Water-Blood-Shape.jpg,Magnets,Preco
2.5,6,P0791,P0791,12,Custom (Cider bottle),,NA,4,3,#N/A,Magnets,Preco
4,3,P0792,P0792,12,Custom,,NA,3,4,#N/A,Magnets,Preco
5,6,P0793,P0793,6,Rectangle,,Round,2,3,#N/A,Magnets,Preco
6.5,10.25,P0794,P0794,2,Rectangle,,Round,1,2,#N/A,Magnets,Preco
3,2.13,P0795,P0795,20,Custom (ice cream cone shape),,NA,4,5,#N/A,Magnets,Preco
3.5,3,P0796,P0796,15,Laptop Computer Shape,,NA,3,5,https://media.magnetguys.com/diecut_proof/D__P0796__3.5-x-3_P0796_Laptop-Shape.jpg,Magnets,Preco
2.13,2,P0797,P0797,35,Rectangle,,Round,5,7,https://media.magnetguys.com/diecut_proof/D__P0797__2-x-2.13_P0797_Round-corner.jpg,Magnets,Preco
4.85,5.7,P0798,P0798,6,Custom (Cartoon Fish),,NA,2,3,#N/A,Magnets,Preco
4,4,P0799,P0799,8,Heart,,NA,4,2,#N/A,Magnets,Preco
2.375,4,P0800,P0800,16,Rectangle,,Square,8,2,#N/A,Magnets,Preco
2.375,1,P0801,P0801,54,Rectangle,,Square,27,2,#N/A,Magnets,Preco
2,9,P0802,P0802,8,Rectangle,,Square,4,2,https://media.magnetguys.com/diecut_proof/D__P0802__9-x-2_P0802_Square-corner.jpg,Magnets,Preco
2.9801,3.9629,P0803,P0803,12,Sheild,,NA,6,2,#N/A,Magnets,Preco
1.91,4.25,P0804,P0804,20,Van(Discount Shubee),,NA,5,4,#N/A,Magnets,Preco
3.611,1.5755,P0805,P0805,24,Custom(Polygon-rectangle with triangle on width sides),,NA,6,4,#N/A,Magnets,Preco
5.21,1.9,P0806,P0806,15,Custom (Truck with small exhaust on top),,NA,5,3,https://media.magnetguys.com/diecut_proof/D__P0806__5.2128-x-1.9038_P0806_CMD18062230_Truck-Shape.jpg,Magnets,Preco
8,3,P0807,P0807,5,Custom (Rectangle with bulged length),,NA,1,5,#N/A,Magnets,Preco
4.04,2.47,P0808,P0808,16,Custom (Painting Brush),,NA,4,4,https://media.magnetguys.com/diecut_proof/D__P0808__2.47-x-4.04_P0808_CMD18070315_Painting-Brush.jpg,Magnets,Preco
3.5,4,P0809,P0809,15,Custom(Pizza slice),,NA,5,3,#N/A,Magnets,Preco
7.9471,4.1776,P0810,P0810,4,Football with Crown,,NA,2,2,#N/A,Magnets,Preco
3.75,8,P0811,P0811,4,Oval,Oval,NA,2,2,#N/A,Magnets,Preco
3.8105,4.79,P0812,P0812,8,Shield,,NA,2,4,#N/A,Magnets,Preco
5.1428,5.3089,P0814,P0814,6,Face Mask,,NA,2,3,#N/A,Magnets,Preco
3.8521,3.5037,P0815,P0815,12,Custom (Crazy bear),,NA,3,4,#N/A,Magnets,Preco
2.9375,2.9375,P0816,P0816-P0818,-,Square(See also P0818),,Square,8,,#N/A,Magnets,Preco
3,2,P0817,P0817,25,Custom (Obround Shape),,NA,5,5,#N/A,Magnets,Preco
2.9375,2.9375,P0818,P0816-P0818,-,Square(See also P0816),,Square,8,,#N/A,Magnets,Preco
4.25,3.5,P0819,P0819,12,Football Helmet,,NA,6,2,#N/A,Magnets,Preco
2,2.75,P0820,P0820,30,Water drop Shape,,NA,5,6,https://media.magnetguys.com/diecut_proof/D__P0820__2-x-2.75_P0820_CMD18062620_Water-drop-Shape.jpg,Magnets,Preco
6.5,6.5,P0821,P0821,2,Rectangle,,Round,1,2,#N/A,Magnets,Preco
2.625,0.875,P0822,P0822,60,Rectangle,,Square,30,2,#N/A,Magnets,Preco
3,3.5,P0823,P0134-P0823,15,Picture Frame ( See also P0134 ) Oval,Picture Frame,Round,3,5,https://media.magnetguys.com/diecut_proof/D__P0134-P0823__3.5-x-3_P0134-P0823_Picture-Frame---Oval.jpg,Magnets,Preco
1.15,4.65,P0824,P0824,24,Custom Shape,,NA,8,3,#N/A,Magnets,Preco
4.5,5.5,P0825,P0825,6,Rectangle,,Round,2,3,#N/A,Magnets,Preco
1.5,8,P0826,P0826,12,Rectangle,,Round,6,2,#N/A,Magnets,Preco
3,3.5,P0827,P0827,15,Custom (Book Shape),,NA,3,5,https://media.magnetguys.com/diecut_proof/D__P0827__3.5-x-3_P0827_Book-Shaped.jpg,Magnets,Preco
6.3803,6.5805,P0828,P0828,2,Custom (Soccer Club Icon),,NA,1,2,#N/A,Magnets,Preco
2.5,3.75,P0829,P0829,16,Rectangle,,Square,8,2,https://media.magnetguys.com/diecut_proof/D__P0829__3.75-x-2.5_P0829_Square-corner.jpg,Magnets,Preco
2,2,P0830,P0830,40,Logo Shape - Domino's Pizza- BBI,,NA,5,8,#N/A,Magnets,Preco
3.75,1,P0831,P0831,36,Rectangle Custom,,Round,9,4,#N/A,Magnets,Preco
3.25,2.5,P0832,P0832,18,Custom (Rectangle with Stethoscope Shape),,NA,3,6,#N/A,Magnets,Preco
5,5,P0833,P0833,9,Custom (Inverted Triangle),,NA,3,3,#N/A,Magnets,Preco
1.5,1.5,P0834,P0834,60,Custom Circle,Circle,NA,6,10,#N/A,Magnets,Preco
3,11.875,P0835,P0835,3,Rectangle,,Square,3,1,#N/A,Magnets,Preco
2.06,2.63,P0836,P0836,28,Custom (Cow Shape),,NA,4,7,#N/A,Magnets,Preco
4,7,P0837,P0837,4,Picture Frame,Picture Frame,Round,2,2,#N/A,Magnets,Preco
4.9058,5.6922,P0838,P0838,6,Custom (Husky pack),,NA,2,3,#N/A,Magnets,Preco
6.1656,3.7664,P0839,P0839,6,Custom (Ancient Horn),,NA,3,2,#N/A,Magnets,Preco
6.2126,3.6889,P0840,P0840,6,Custom(West chester university),,NA,3,2,#N/A,Magnets,Preco
5.25,1.5,P0841,P0841,18,Bandage Shape,,NA,6,3,#N/A,Magnets,Preco
4,6,P0842,P0842,6,Custom (House Shape),,NA,2,3,#N/A,Magnets,Preco
1.87,2.12,P0843,P0843,35,Custom (Apple Shape),,NA,5,7,https://media.magnetguys.com/diecut_proof/D__P0843__1.87-x-2.12_P0843_CMD18071614_CM217953_Apple-Shape.jpg,Magnets,Preco
3,5,P0844,P0035-P0844,10,Rectangle (see also P0035),,Square,2,5,https://media.magnetguys.com/diecut_proof/D__P0035-P0844__3-x-5_P0035-P0844_Square-corner.jpg,Magnets,Preco
3,5,P0845,P0034-P0845,10,Rectangle (See also P0034),,Round,2,5,https://media.magnetguys.com/diecut_proof/D__P0034-P0845__3-x-5_P0034-P0845_Round-corner.jpg,Magnets,Preco
4,1.62,P0846,P0846,24,Custom (Car Shape),,NA,6,4,#N/A,Magnets,Preco
3.5,9,P0847,P0847,4,House Shaped Football Schedule,Shaped,NA,2,2,#N/A,Magnets,Preco
4,1.8,P0848,P0848,20,Van Heating and Cooling,,NA,5,4,#N/A,Magnets,Preco
4.17,1.9,P0849,P0849,20,Train - Right,,NA,10,2,#N/A,Magnets,Preco
5.5,7.25,P0850,P0850,3,Rectangle,,Round,1,3,#N/A,Magnets,Preco
1.5,3.5,P0851,P0851,30,Bone Shape,,NA,6,5,https://media.magnetguys.com/diecut_proof/D__P0851__3.5-x-1.5_P0851_CMD18070932_Bone-Shape.jpg,Magnets,Preco
10,5,P0852,P0852,3,Rectangle,,Square,1,3,#N/A,Magnets,Preco
3.56,3.32,P0853,P0853,16,West Virginia Shape,,NA,8,2,#N/A,Magnets,Preco
4,4.9,P0854,P0854,8,Custom (Shield Shape),,NA,2,4,#N/A,Magnets,Preco
6.75,5.25,P0855,P0855,4,Rectangle,Square,Square,2,2,#N/A,Magnets,Preco
7.4443,3.3499,P0856,P0856,6,Custom (Fuel Tank),,NA,3,2,https://media.magnetguys.com/diecut_proof/D__P0856__7.4443-x-3.3499_P0856_CMD18071631_Fuel-Tank.jpg,Magnets,Preco
2.25,3,P0857,P0857,20,Custom(Tooth Shape),,NA,4,5,#N/A,Magnets,Preco
6.39,2.38,P0858,P0858,8,Custom (Spanner),,NA,4,2,https://media.magnetguys.com/diecut_proof/D__P0858__6.39-x-2.34_P0858_CMD18071912_Spanner.jpg,Magnets,Preco
2.5,4.5,P0859,P0859-P1345,12,Mobile Phone(See also P1345),,Round,4,3,#N/A,Magnets,Preco
2.5,3.125,P0860,P0860,20,Custom,,NA,4,5,https://media.magnetguys.com/diecut_proof/D__P0860__2.5-x-3.125_P0860_CMD18071942_Custom-Shape.jpg,Magnets,Preco
8.5,5.5,P0861,P0861,4,Custom (Smiling Teeth),,NA,2,2,#N/A,Magnets,Preco
2.8988,5.4624,P0862,P0862,9,Custom (Smiling Pangolin),,NA,3,3,#N/A,Magnets,Preco
8,3.25,P0863,P0863,6,Rectangle,,Square,3,2,https://media.magnetguys.com/diecut_proof/D__P0863__8-x-3.25_P0863_Square-corner.jpg,Magnets,Preco
4.12,1.87,P0864,P0864,20,Van Shape,,NA,5,4,https://media.magnetguys.com/diecut_proof/D__P0864__4.12-x-1.87_P0864_CMD18072002_Van-Shape.jpg,Magnets,Preco
3.5,9,P0865,P0865,6,Rectangle,Round,Round,3,2,#N/A,Magnets,Preco
11.75,1.875,P0866,P0866,5,Rectangle,,Square,5,1,#N/A,Magnets,Preco
6.8619,6.0474,P0867,P0867,2,Custom (Arizona Revolution),,NA,1,2,#N/A,Magnets,Preco
8.5,6.5,P0868,P0868,2,Rectangle,,Square,1,2,#N/A,Magnets,Preco
10,4,P0869,P0869,4,Rectangle,,Square,2,2,#N/A,Magnets,Preco
2.91,5.13,P0870,P0870,9,Custom - Mississippi,Shaped,NA,3,3,https://media.magnetguys.com/diecut_proof/D__P0870__2.91-x-5.13_P0870_CMD18042640_Mississippi-Shape.jpg,Magnets,Preco
2.9221,2.8338,P0871,P0871,20,Custom (Cleaning teddy bear),,NA,4,5,https://media.magnetguys.com/diecut_proof/D__P0871__2.9221-x-2.8338_P0871_CMD18072410_Cleaning-teddy-bear.jpg,Magnets,Preco
4.71,1.65,P0872,P0872,18,Custom Car Shape,,NA,6,3,#N/A,Magnets,Preco
4.25,5.25,P0873,P0873-P1811,8,Rectangle (See also P1811),,Square,4,2,#N/A,Magnets,Preco
5.19,5.19,P0874,P0874,6,Wax seal,,NA,2,3,#N/A,Magnets,Preco
4.83,2.29,P0875,P0875,12,Kentucky,,NA,4,3,#N/A,Magnets,Preco
3.25,1.75,P0876,P0876,25,Rectangle,,Square,5,5,https://media.magnetguys.com/diecut_proof/D__P0876__3.25-x-1.75_P0876_Square-corner.jpg,Magnets,Preco
4.5,6.5,P0877,P0877,4,Cross Shape,,Square,2,2,#N/A,Magnets,Preco
10.344,11.875,P0878,P0878,1,Custom Shape,,Square,1,1,#N/A,Magnets,Preco
7.1338,5.8853,P0879,P0879,3,Custom Shield,,NA,1,3,#N/A,Magnets,Preco
8,4.5,P0880,P0880,4,Rectangle,,Round,2,2,#N/A,Magnets,Preco
3.5,6.25,P0881,P0881,6,Rectangle,,Square,3,2,#N/A,Magnets,Preco
6,6,P0882,P0882,3,Heart,,NA,1,3,#N/A,Magnets,Preco
6.5,6.5,P0883,P0883,2,Circle,Circle,NA,1,2,#N/A,Magnets,Preco
11.875,6,P0884,P0884,2,Rectangle,,Round,1,2,#N/A,Magnets,Preco
3.5,5.5,P0885,P0885,9,Custom (Letter B),,NA,3,3,#N/A,Magnets,Preco
3.54,1.74,P0886,P0886,25,Custom (Mad Mushroom),,NA,5,5,#N/A,Magnets,Preco
8.5,8.5,P0887,P0887,2,Rectangle,,Round,1,2,#N/A,Magnets,Preco
4.5,6,P0888,P0888,6,Rectangle,,Round,2,3,#N/A,Magnets,Preco
4,6,P0889,P0889,6,Puzzle Piece,,NA,3,2,#N/A,Magnets,Preco
3,5,P0890,P0890,8,Square Corner with Coupon Perf (Home Team),,Square,4,2,#N/A,Magnets,Preco
4,5,P0891,P0891,6,Custom (Sycamore sharks),,NA,2,3,#N/A,Magnets,Preco
11.54,4.43,P0892,P0892,3,Custom (Small aeroplane),,NA,3,1,#N/A,Magnets,Preco
2.25,3.25,P0893,P0893,20,Vote Shape,,NA,4,5,https://media.magnetguys.com/diecut_proof/D__P0893__2.25-x-3.25_P0893_CMD18072718_Vote-Shape.jpg,Magnets,Preco
2,4.5,P0894,P0894,15,Rectangle,,Round,5,3,https://media.magnetguys.com/diecut_proof/D__P0894__4.5-x-2_P0894_Round-corner.jpg,Magnets,Preco
5.6459,4.3981,P0895,P0895,6,Custom (saint peter's university),,NA,2,3,#N/A,Magnets,Preco
4.32,3.21,P0896,P0896,12,Custom (Hello i'm awesome),,NA,3,4,#N/A,Magnets,Preco
3.06,3.52,P0897,P0897,15,Ohio Shaped,,NA,3,5,https://media.magnetguys.com/diecut_proof/D__P0897__3.06-x-3.52_P0897_CMD18072547_Ohio-Shape.jpg,Magnets,Preco
5.45,7.48,P0898,P0898,4,Custom (Letter C),,NA,2,2,#N/A,Magnets,Preco
4,3,P0899,P0899,16,Goat Shape,,NA,4,4,https://media.magnetguys.com/diecut_proof/D__P0899__4-x-3_P0899_CMD18072345_Goat-Shape.jpg,Magnets,Preco
6.3206,1.8883,P0900,P0900,10,Car Shape,,NA,5,2,https://media.magnetguys.com/diecut_proof/D__P0900__6.3206-x-1.8883_P0900_CMD18031239_Car-Shape.jpg,Magnets,Preco
2.56,3.06,P0901,P0901,20,Droplet Shape,,NA,4,5,https://media.magnetguys.com/diecut_proof/D__P0901__2.5625-x-3.0625_P0901_CMD18080263_Droplet-Shape.jpg,Magnets,Preco
6.5,5.75,P0902,P0902,3,Rectangle,,Square,1,3,#N/A,Magnets,Preco
1.25,5.25,P0903,P0903,21,Rectangle,,Square,7,3,https://media.magnetguys.com/diecut_proof/D__P0903__5.25-x-1.25_P0903_Square-corner.jpg,Magnets,Preco
3.3473,1.073,P0904,P0904,40,Band aid,,NA,8,5,#N/A,Magnets,Preco
6.1372,4.5478,P0905,P0905,4,Custom (Rectangle with horse on corner),,NA,2,2,#N/A,Magnets,Preco
3,2,P0906,P0906,40,Rectangle 13.30 x 27,,Square,10,4,#N/A,Magnets,Preco
3,2,P0907,P0907,40,Rectangle 13.30 x 27,,Square,10,4,#N/A,Magnets,Preco
3.12,1.45,P0908,P0908,30,Gas Truck Shape,,NA,6,5,https://media.magnetguys.com/diecut_proof/D__P0908__3.12-x-1.45_P0908_CM218141_Gas-Truck-Shaped.jpg,Magnets,Preco
4.3728,4.4594,P0909,P0909,8,Custom (Rectangle with curved edges),,NA,2,4,#N/A,Magnets,Preco
4.8094,5.5082,P0910,P0910,6,Custom (Inverted Bullet Shape),,NA,2,3,#N/A,Magnets,Preco
2.1861,1.8457,P0911,P0911,35,Custom (Unicorn),,NA,5,7,https://media.magnetguys.com/diecut_proof/D__P0911__2.1861-x-1.8457_P0911_CMD18072905_Unicorn.jpg,Magnets,Preco
3.91,6.94,P0912,P0912,6,Rectangle,,Square,3,2,#N/A,Magnets,Preco
10,10,P0913,P0913,1,Circle,Circle,NA,1,1,#N/A,Magnets,Preco
4,7.5,P0914,P0914,4,Rectangle,,Round,2,2,#N/A,Magnets,Preco
2.95,3.35,P0915,P0915,-,Paw,,NA,3,,#N/A,Magnets,Preco
3.875,3.875,P0916,P0916,12,Sq with Round Corners,,Round,6,2,#N/A,Magnets,Preco
3.875,3.875,P0917,P0917,12,sq with Round Corners,,Round,6,2,#N/A,Magnets,Preco
5.25,8.25,P0918,P0918,4,Rectangle,,Square,2,2,#N/A,Magnets,Preco
5.5,5.5,P0919,P0919,6,Custom (Warrior in horse),,NA,2,3,#N/A,Magnets,Preco
3.25,5.75,P0920,P0920,9,Rectangle,,Square,3,3,#N/A,Magnets,Preco
4.3306,4.129,P0921,P0921,6,Custom (Circle with bulging),Circle,NA,2,3,#N/A,Magnets,Preco
4.2886,5.1806,P0922,P0922,6,Custom (Water/Blood Drop),,NA,2,3,#N/A,Magnets,Preco
3.81,1.37,P0923,P0923,28,Custom (Toothpaste&brush),,NA,7,4,#N/A,Magnets,Preco
2.75,4,P0924,P0924,24,Rectangle with Sq Corners,,Square,8,3,#N/A,Magnets,Preco
2.75,4,P0925,P0925,24,Rectangle with Sq Corners,,Square,8,3,#N/A,Magnets,Preco
6,11.875,P0926,P0926,1,Rectangle,,round,1,1,#N/A,Magnets,Preco
5.5045,4.7435,P0927,P0927,6,Custom,,NA,2,3,#N/A,Magnets,Preco
5.1415,4.6529,P0928,P0928,6,Custom,,NA,2,3,#N/A,Magnets,Preco
11,5,P0929,P0929,3,Rectangle,,Square,1,3,#N/A,Magnets,Preco
3.5,1.75,P0930,P0930,27,Rectangle,,Round,3,9,https://media.magnetguys.com/diecut_proof/D__P0930__3.5-x-1.75_P0930_Round-corner.jpg,Magnets,Preco
5.75,6.91,P0931,P0931,4,Helmet,,NA,2,2,#N/A,Magnets,Preco
3.5,5.75,P0932,P0932,9,Rectangle,,Square,3,3,#N/A,Magnets,Preco
2.68,4.93,P0933,P0933,9,Custom (School Bus Shape),,NA,3,3,#N/A,Magnets,Preco
7,2.5,P0934,P0934,8,Rectangle,,Round,4,2,https://media.magnetguys.com/diecut_proof/D__P0934__7-x-2.5_P0934_Round-corner.jpg,Magnets,Preco
5.77,5.87,P0935,P0935,4,Shield Shape,,NA,2,2,#N/A,Magnets,Preco
3,3,P0936,P0936,15,Two Peice Military Custom,,NA,3,5,#N/A,Magnets,Preco
3.9,2.11,P0937,P0937,18,Custom (Chemical Chain),,NA,3,6,https://media.magnetguys.com/diecut_proof/D__P0937__3.9-x-2.11_P0937_CMD18080865_Chemical-Chain.jpg,Magnets,Preco
7,7,P0938,P0938,2,Square,,Square,1,2,#N/A,Magnets,Preco
5.708,4.741,P0939,P0939,6,Custom,,NA,2,3,#N/A,Magnets,Preco
4.5,2.25,P0940,P0940,12,Rectangle,,Square,4,3,https://media.magnetguys.com/diecut_proof/D__P0940__4.5-x-2.25_P0940_Square-corner.jpg,Magnets,Preco
2,7.5,P0941,P0941,10,Rectangle,,Square,5,2,https://media.magnetguys.com/diecut_proof/D__P0941__7.5-x-2_P0941_Square-corner.jpg,Magnets,Preco
6,4,P0942,P0942,6,Air Fighter Jet,,NA,3,2,#N/A,Magnets,Preco
3.5,9.25,P0943,P0943,4,Rectangle,,Square,2,2,#N/A,Magnets,Preco
3.7303,2.1317,P0944,P0944,16,Custom,,NA,4,4,#N/A,Magnets,Preco
3,3.13,P0945,P0945,15,Star,,NA,3,5,https://media.magnetguys.com/diecut_proof/D__P0945__3-x-3.13_P0945_CM42222_Star-Shape.jpg,Magnets,Preco
3.75,8,P0946,P0946,4,Rectangle,,Square,2,2,#N/A,Magnets,Preco
3.2568,2.443,P0947,P0947,21,Custom Bike,,NA,3,7,#N/A,Magnets,Preco
8.5,8.5,P0948,P0948,2,Circle,Circle,N/A,1,2,#N/A,Magnets,Preco
6.3,4.86,P0949,P0949,4,Custom (Dog Tags),,N/A,2,2,#N/A,Magnets,Preco
3,3.5,P0950,P0950,12,Custom Georgia shape,,NA,6,2,#N/A,Magnets,Preco
5.4999,5.0248,P0951,P0951,6,Diamond Shape,,NA,2,3,#N/A,Magnets,Preco
3.63,6.88,P0952,P0952,6,Custom Shape,,NA,3,2,#N/A,Magnets,Preco
2.75,4.25,P0953,P0953,12,Rectangle,,Round,6,2,https://media.magnetguys.com/diecut_proof/D__P0953__4.25-x-2.75_P0953_Round-corner.jpg,Magnets,Preco
8,10,P0954,P0954,2,Rectangle,,Round,1,2,#N/A,Magnets,Preco
3.75,5.75,P0955,P0955,6,Oval,Oval,NA,3,2,#N/A,Magnets,Preco
5.932,4.15,P0956,P0956,6,Custom Shape,,NA,3,2,#N/A,Magnets,Preco
4.75,2.25,P0957,P0957,12,Van Shaped,,NA,4,3,#N/A,Magnets,Preco
4.587,1.8977,P0958,P0958,15,Custom Shape,,NA,5,3,#N/A,Magnets,Preco
8.6982,4.9552,P0959,P0959,4,Custom Shape,,NA,2,2,#N/A,Magnets,Preco
3.5,2.625,P0960,P0960,18,Custom Book Shape,,NA,3,6,#N/A,Magnets,Preco
6.9828,9.0039,P0961,P0961,2,Custom Shape,,NA,1,2,#N/A,Magnets,Preco
4.324,1.8027,P0962,P0962,20,Police car,,NA,5,4,#N/A,Magnets,Preco
4.588,1.5935,P0963,P0963,18,Fire truck,,NA,6,3,#N/A,Magnets,Preco
2.5,4.37,P0964,P0964,16,Fish,,NA,4,4,#N/A,Magnets,Preco
4.9,5.71,P0965,P0965,6,Custom - Onesie,,NA,2,3,#N/A,Magnets,Preco
2.6875,2.25,P0966,P0966,24,Awareness Ribbon,Shaped,NA,4,6,https://media.magnetguys.com/diecut_proof/D__P0966__2.6875-x-2.25_P0966_CM212234_Ribbon-Shape.jpg,Magnets,Preco
4,6.5,P0967,P0967,6,Rectangle,,Square,3,2,#N/A,Magnets,Preco
2.5,3.75,P0968,P0968,16,Koala Shape,,NA,4,4,#N/A,Magnets,Preco
1.75,1.75,P0969,P0969,45,Circle,Circle,NA,5,9,#N/A,Magnets,Preco
3.3974,2.1383,P0970,P0970,20,Montana Shape,,NA,4,5,#N/A,Magnets,Preco
3.49,2.44,P0971,P0971,18,Washington Shape,Shaped,NA,9,2,https://media.magnetguys.com/diecut_proof/D__P0971__3.49-x-2.44_P0971_CM21216_Washington-Shape.jpg,Magnets,Preco
6.3993,4.3258,P0972,P0972,4,Custom Van,,NA,2,2,#N/A,Magnets,Preco
8.03,2.12,P0973,P0973,8,Custom,,NA,4,2,#N/A,Magnets,Preco
5.2453,5.2289,P0974,P0974,6,Custom (Election Box),,NA,2,3,#N/A,Magnets,Preco
3.25,2,P0975,P0975,24,Bear,,NA,12,2,#N/A,Magnets,Preco
2.75,5,P0976,P0976,9,Rectangle,,Round,3,3,https://media.magnetguys.com/diecut_proof/D__P0976__5-x-2.75_P0976_Round-corner.jpg,Magnets,Preco
5,6,P0977,P0977,6,Kisscut - Super Bowl,,NA,2,3,#N/A,Magnets,Preco
2.2,5.5,P0978,P0978,12,Rectangle,,Square,4,3,#N/A,Magnets,Preco
5.8211,7.661,P0979,P0979,4,Custom (Walnut Hill),,NA,2,2,#N/A,Magnets,Preco
4.8935,5.6025,P0980,P0980,6,Sheild,,NA,2,3,#N/A,Magnets,Preco
5.5682,6.1059,P0981,P0981,4,Custom,,NA,2,2,#N/A,Magnets,Preco
7.0412,5.4124,P0982,P0982,4,Football Helmet,,NA,2,2,#N/A,Magnets,Preco
3,4,P0983,P0983,16,Custom,,NA,4,4,#N/A,Magnets,Preco
1.5,4.65,P0984,P0984-P0999,18,Rectangle (See also P0999),,Square,6,3,#N/A,Magnets,Preco
4.1971,7.9489,P0985,P0985,4,Bottle Shape,,NA,2,2,#N/A,Magnets,Preco
2.25,5.75,P0986,P0986,12,Rectangle,,Round,4,3,https://media.magnetguys.com/diecut_proof/D__P0986__5.75-x-2.25_P0986_Round-corner.jpg,Magnets,Preco
3.75,11,P0987,P0987,4,Rectangle with perforation,,Square,2,2,#N/A,Magnets,Preco
4,7.5,P0988,P0988,-,The Magnet Guys Logo,,NA,2,,#N/A,Magnets,Preco
3.75,5,P0989,P0989,8,Rectangle,,Round,4,2,#N/A,Magnets,Preco
4,4,P0990,P0990,-,circle,Circle,NA,3,,#N/A,Magnets,Preco
4,3.6,P0991,P0991,12,Custom - Triangle,,NA,6,2,#N/A,Magnets,Preco
2,5,P0992,P0992,15,Guitar Shape,,NA,5,3,https://media.magnetguys.com/diecut_proof/D__P0992__5-x-2_P0992_CMD18091415_Guitar-Shape.jpg,Magnets,Preco
5,7,P0993,P0993,4,Kisscut,,NA,2,2,#N/A,Magnets,Preco
2.7,5.6,P0994,P0994,9,Rectangle,,Square,3,3,https://media.magnetguys.com/diecut_proof/D__P0994__2.7-x-5.6_P0994_Square-corner.jpg,Magnets,Preco
5.18,5.19,P0995,P0995,6,Shield Shape,,NA,2,3,#N/A,Magnets,Preco
2.2512,2.6483,P0996,P0996,24,Shield Shape,,NA,4,6,https://media.magnetguys.com/diecut_proof/D__P0996__2.6483-x-2.2512_P0996_CMD18091744_Shield-Shape.jpg,Magnets,Preco
1.4877,5.1552,P0997,P0997,18,Candle Shape,,NA,6,3,#N/A,Magnets,Preco
4,4,P0998,P0998,8,Octagon Shape,,NA,2,4,#N/A,Magnets,Preco
1.5,4.65,P0999,P0984-P0999,18,Rectangle (See also P0984),,Square,6,3,#N/A,Magnets,Preco
2.2,5.25,P1000,P1000,-,Band-Aid Shape,,NA,3,,#N/A,Magnets,Preco
3.5,2.62,P1001,P1001,20,Foot Shape,Shaped,NA,10,2,https://media.magnetguys.com/diecut_proof/D__P1001__3.5-x-2.62_P1001_Health-Footprint-Shape.jpg,Magnets,Preco
2.19,2.18,P1002,P1002,28,Shield Shape,,NA,7,4,https://media.magnetguys.com/diecut_proof/D__P1002__2.19-x-2.18_P1002_CMD18091405_Shield-Shape.jpg,Magnets,Preco
2.98,3,P1003,P1003,15,Custom,,NA,3,5,#N/A,Magnets,Preco
4.25,8.25,P1004,P1004,4,Rectangle,,Square,2,2,#N/A,Magnets,Preco
1.25,3.25,P1005,P1005,35,Rectangle,,Square,7,5,https://media.magnetguys.com/diecut_proof/D__P1005__1.25-x-3.25_P1005_square-corner.jpg,Magnets,Preco
4,6,P1006,P1006,6,Puzzle Piece Shaped,,NA,3,2,#N/A,Magnets,Preco
5.75,7.13,P1007,P1007,3,Rectangle,,Square,1,3,#N/A,Magnets,Preco
7,5.25,P1008,P1008,4,Rectangle,,Square,2,2,#N/A,Magnets,Preco
3.1634,8.7187,P1009,P1009,6,Train Shape,,NA,3,2,https://media.magnetguys.com/diecut_proof/D__P1009__8.7187-x-3.1634_P1009_CMD18092024_Train-Shape.jpg,Magnets,Preco
2,1.8809,P1010,P1010,40,Custom Circle,Circle,NA,5,8,#N/A,Magnets,Preco
2.625,3,P1011,P1011,20,Crab Shape,,NA,4,5,https://media.magnetguys.com/diecut_proof/D__P1011__2.625-x-3_P1011_CMD18092435_Crab-Shape.jpg,Magnets,Preco
1.5,4,P1012,P1012,24,Rectangle,,Square,12,2,https://media.magnetguys.com/diecut_proof/D__P1012__1.5-x-4_P1012_Square-corner.jpg,Magnets,Preco
4,4.75,P1013,P1013,8,Rectangle,,Round,4,2,#N/A,Magnets,Preco
2.0501,8.5586,P1014,P1014,8,Custom,,NA,4,2,#N/A,Magnets,Preco
2.99,2.99,P1015,P1015,15,Shield Shape,,NA,3,5,https://media.magnetguys.com/diecut_proof/D__P1015__2.9882-x-2.9949_P1015_CMD18091716_Shield-Shape.jpg,Magnets,Preco
4.5,6,P1016,P1016,6,Rectangle,,Square,2,3,#N/A,Magnets,Preco
1.75,7.75,P1017,P1017,10,Rectangle,,Round,5,2,https://media.magnetguys.com/diecut_proof/D__P1017__1.75-x-7.75_P1017_Round-corner.jpg,Magnets,Preco
5.5,7,P1018,P1018,4,Rectangle,,Square,2,2,#N/A,Magnets,Preco
2.4775,3.22,P1019,P1019,20,Shield Shape,,NA,4,5,https://media.magnetguys.com/diecut_proof/D__P1019__2.4775-x-3.22_P1019_CMD18092714_Shield-Shape.jpg,Magnets,Preco
4.27,1.58,P1020,P1020,24,Automobile Car Vehicle Shape,,NA,12,2,#N/A,Magnets,Preco
2.75,3.75,P1021,P1021,12,Rectangle,,Square,6,2,https://media.magnetguys.com/diecut_proof/D__P1021__3.75-x-2.75_P1021_Square-corner.jpg,Magnets,Preco
5.0359,6.7,P1022,P1022,4,Custom,,NA,2,2,#N/A,Magnets,Preco
5.3111,6.3732,P1023,P1023,6,Custom,,NA,2,3,#N/A,Magnets,Preco
2.75,1.25,P1024,P1024,42,Rectangle,,Round,21,2,#N/A,Magnets,Preco
3.25,9,P1025,P1025,5,Rectangle,,Square,1,5,https://media.magnetguys.com/diecut_proof/D__P1025__9-x-3.25_P1025_Square-corner.jpg,Magnets,Preco
4.0507,6.7704,P1026,P1026,8,Custom,,NA,4,2,#N/A,Magnets,Preco
3.29,4.66,P1027,P1027,12,Custom,,NA,3,4,https://media.magnetguys.com/diecut_proof/D__P1027__4.66-x-3.29_P1027_PRF5_TM-Guys.jpg,Magnets,Preco
1.75,2.25,P1028,P1028,35,Rectangle,,Round,5,7,#N/A,Magnets,Preco
4,11,P1029,P1029,4,Rectangle,,Round,2,2,#N/A,Magnets,Preco
2.22,3.98,P1030,P1030,12,Custom -Dress,,NA,6,2,#N/A,Magnets,Preco
3.5,1.75,P1031,P1031,20,Rectangle,,Square,10,2,https://media.magnetguys.com/diecut_proof/D__P1031__1.75-x-3.5_P1031_Square-corner.jpg,Magnets,Preco
3.95,3.09,P1032,P1032,12,Book Shape,,NA,3,4,#N/A,Magnets,Preco
1.625,5,P1033,P1033,18,Oil Truck Shape,,NA,6,3,https://media.magnetguys.com/diecut_proof/D__P1033__5-x-1.625_P1033_CM21621_Oil-Truck-Shape.jpg,Magnets,Preco
4.48,5.33,P1034,P1034,8,Custom,,NA,4,2,#N/A,Magnets,Preco
7.375,10.5,P1035,P1035,2,Rectangle,,Square,1,2,#N/A,Magnets,Preco
2.02,4.44,P1036,P1036,15,Van Shaped,,NA,5,3,#N/A,Magnets,Preco
9,9,P1037,P1037,2,Rectangle,,Square,1,2,#N/A,Magnets,Preco
4.125,1.875,P1038,P1038,20,Custom Van - Left Facing,,NA,10,2,#N/A,Magnets,Preco
6.22,4.25,P1039,P1039,6,Shield Shape,,NA,3,2,#N/A,Magnets,Preco
10.1001,5.3924,P1040,P1040,3,Custom,,NA,1,3,#N/A,Magnets,Preco
1.7268,4.4692,P1041,P1041,24,Police Car Shape,,NA,6,4,https://media.magnetguys.com/diecut_proof/D__P1041__4.4692-x-1.7268_P1041_CMD18080961_Police-Car-Shape.jpg,Magnets,Preco
1.43,3.56,P1042,P1042,28,Truck Shape,,NA,7,4,#N/A,Magnets,Preco
6.5,6.5,P1043,P1043,4,R - Shape,,NA,2,2,#N/A,Magnets,Preco
4.63,3.98,P1044,P1044,8,Lightning Bolt,,NA,2,4,#N/A,Magnets,Preco
3,4,P1045,P0043-P1045-P0185,12,Rectangle (See also P0043 - P0185),,Square,6,2,https://media.magnetguys.com/diecut_proof/D__P0043-P1045-P0185__3-x-4_P0043-P1045-P0185_Square-corner.jpg,Magnets,Preco
4,7,P1046,P1046,6,Baseball Schedule,,NA,3,2,#N/A,Magnets,Preco
6.1068,5.5586,P1047,P1047,4,Custom,,NA,2,2,#N/A,Magnets,Preco
5.0325,5.5471,P1048,P1048,6,Custom,,NA,2,3,#N/A,Magnets,Preco
4,5.75,P1049,P1049,6,Rectangle,,Square,2,3,#N/A,Magnets,Preco
4.0105,4.2545,P1050,P1050,8,Custom,,NA,2,4,#N/A,Magnets,Preco
1.12,3.25,P1051,P1051,40,Rectangle,,Square,8,5,https://media.magnetguys.com/diecut_proof/D__P1051__1.12-x-3.25_P1051_Square-corner.jpg,Magnets,Preco
6,6,P1052,P1052,6,Tiger Custom,,NA,2,3,#N/A,Magnets,Preco
4.2162,3.2847,P1053,P1053,12,Custom -Dress,,NA,6,2,#N/A,Magnets,Preco
7.5152,5.8579,P1054,P1054,3,Custom - Apron,,NA,1,3,#N/A,Magnets,Preco
2.5,2.5,P1055,P1055,24,Cross Shape,,NA,12,2,#N/A,Magnets,Preco
4.7152,3.7546,P1056,P1056,9,Whater drop,,NA,3,3,#N/A,Magnets,Preco
5.62,9.75,P1057,P1057,3,Rectangle,,Round,1,3,#N/A,Magnets,Preco
1.87,2,P1058,P1058,40,Cat Shape,,NA,5,8,#N/A,Magnets,Preco
2.8578,3,P1059,P1059,18,Telephone,,NA,3,6,https://media.magnetguys.com/diecut_proof/D__P1059__3-x-2.8578_P1059_CMD18101030_Telephone-Shape.jpg,Magnets,Preco
1.62,3.74,P1060,P1060,24,Van Shape,,NA,6,4,#N/A,Magnets,Preco
4.5,7,P1061,P1061,4,Rectangle,,Round,2,2,#N/A,Magnets,Preco
2,3,P1062,P1062,25,Lemon Shape,,NA,5,5,#N/A,Magnets,Preco
1.69,3.75,P1063,P1063,24,Carrot Shape,,NA,8,3,#N/A,Magnets,Preco
2.75,2.75,P1064,P1064,20,Apple Shape,,NA,4,5,#N/A,Magnets,Preco
3.43,4,P1065,P1065,12,Apple Shape,,NA,3,4,#N/A,Magnets,Preco
3.48,5,P1066,P1066,10,Eagle Shape,,NA,2,5,#N/A,Magnets,Preco
2.5,2.5,P1067,P1067,24,Pumpkin Shape,,NA,4,6,#N/A,Magnets,Preco
5.67,7.82,P1068,P1068,4,Custom WP,,NA,2,2,#N/A,Magnets,Preco
2.3,5.03,P1069,P1069,15,North Carolina Shape,,NA,5,3,https://media.magnetguys.com/diecut_proof/D__P1069__5.03-x-2.30_P1069_CM217790_North-Carolina-Shape.jpg,Magnets,Preco
3.92,7.06,P1070,P1070,8,Pennant,,NA,4,2,#N/A,Magnets,Preco
5.25,8.5,P1071,P1071,4,Rectangle,,Square,2,2,#N/A,Magnets,Preco
3.5,2.5,P1072,P1072,18,Custom Tooth Shape,,NA,3,6,https://media.magnetguys.com/diecut_proof/D__P1072__2.5-x-3.5_P1072_PIM18100534_Tooth-Shape.jpg,Magnets,Preco
2,5.25,P1073,P1073,16,Rectangle,,Square,8,2,#N/A,Magnets,Preco
2.31,6.06,P1074,P1074,12,Van Shape,,NA,4,3,#N/A,Magnets,Preco
3.8898,2.1879,P1075,P1075,8,Custom,,NA,2,4,#N/A,Magnets,Preco
3.9791,4.4615,P1076,P1076,8,Custom,,NA,2,4,#N/A,Magnets,Preco
2.87,2.75,P1077,P1077,18,Bear Shape,,NA,9,2,#N/A,Magnets,Preco
4.3,6.46,P1078,P1078,6,Custom,,NA,3,2,#N/A,Magnets,Preco
3.5,11,P1079,P1079,4,Rectangle,,Square,2,2,#N/A,Magnets,Preco
4.5,4.5,P1080,P1080,8,Heart Shape,,NA,4,2,#N/A,Magnets,Preco
4.2583,4.2433,P1081,P1081,8,Custom Shield,,NA,2,4,#N/A,Magnets,Preco
2.75,4.75,P1082,P1082,9,Rectangle,,Round,3,3,#N/A,Magnets,Preco
5.75,4.1041,P1083,P1083,9,Custom Fish,,NA,3,3,#N/A,Magnets,Preco
3.5,3,P1084,P1084,12,New Mexico Shape,,NA,6,2,https://media.magnetguys.com/diecut_proof/D__P1084__3.5-x-3_P1084_CM212156_Mexico-Shape.jpg,Magnets,Preco
5.8291,4.7414,P1085,P1085,6,Custom,,NA,2,3,#N/A,Magnets,Preco
6.25,9,P1086,P1086,2,Rectangle,,Round,1,2,#N/A,Magnets,Preco
6.25,7.5,P1087,P1087,2,Rectangle,,Round,1,2,#N/A,Magnets,Preco
3,5,P1088,P1088,10,Logo Shape,,NA,2,5,#N/A,Magnets,Preco
11.25,11.25,P1089,P1089,1,Rectangle,,Round,1,1,#N/A,Magnets,Preco
4,4,P1090,P1090,8,Dumbell Shape,,NA,2,4,#N/A,Magnets,Preco
1.6059,4.6967,P1091,P1091,18,Custom Car,,NA,6,3,#N/A,Magnets,Preco
2.12,2.12,P1092,P1092,28,Circle,Circle,NA,4,7,#N/A,Magnets,Preco
5.5,4.25,P1093,P1093,8,Custom Butterfly,,NA,2,4,#N/A,Magnets,Preco
4.9469,4.7354,P1094,P1094,6,Custom Ribbon,,NA,2,3,#N/A,Magnets,Preco
3.9197,4.2551,P1095,P1095,8,Custom Dog,,NA,2,4,#N/A,Magnets,Preco
6.49,5.2,P1096,P1096,4,Picture Frame,Picture Frame,NA,2,2,#N/A,Magnets,Preco
4.99,5.45,P1097,P1097,6,Custom Logo,,NA,2,3,#N/A,Magnets,Preco
2.62,2.87,P1098,P1098,24,Diamond,,NA,12,2,#N/A,Magnets,Preco
2.62,2.75,P1099,P1099,18,Chinese Food Box,,NA,9,2,#N/A,Magnets,Preco
4,4,P1100,P1100,6,Custom Logo,,NA,2,3,#N/A,Magnets,Preco
2.5,2.5,P1101,P1101,24,Sun Shape,,NA,12,2,#N/A,Magnets,Preco
2.723,3.55,P1102,P1102,18,Custom,,NA,3,6,https://media.magnetguys.com/diecut_proof/D__P1102__3.55-x-2.723_P1102_CMD18102633_Custom-Shape.jpg,Magnets,Preco
10,2.5,P1103,P1103,6,Rectangle,,Round,3,2,https://media.magnetguys.com/diecut_proof/D__P1103__10-x-2.5_P1103_Round-corner.jpg,Magnets,Preco
2.62,3.409,P1104,P1104,18,Custom,,NA,3,6,#N/A,Magnets,Preco
6.3655,8.778,P1105,P1105,4,Custom WP,,NA,2,2,#N/A,Magnets,Preco
3.75,4.25,P1106,P1106,12,Rectangle,,Round,6,2,#N/A,Magnets,Preco
7.523,4.472,P1107,P1107,4,Christmas Santa,,NA,2,2,#N/A,Magnets,Preco
7.5,5.5,P1108,P1108,4,Kiss cut - Belly,,NA,2,2,#N/A,Magnets,Preco
3.5,4.5,P1109,P1109,9,Picture Frame with Tooth punch out,Picture Frame,Round,3,3,#N/A,Magnets,Preco
3.5,4,P1110,P1110,12,Custom,,NA,3,4,#N/A,Magnets,Preco
5,8,P1111,P0024-P1111,4,Rectangle (See also P0024 ),,Square,2,2,#N/A,Magnets,Preco
2.5,6.39,P1112,P1112,8,Police SUV Car,,NA,4,2,#N/A,Magnets,Preco
1.5,5.5,P1113,P1113,18,Rectangle,,Square,6,3,https://media.magnetguys.com/diecut_proof/D__P1113__1.5-x-5.5_P1113_Square-corner.jpg,Magnets,Preco
1,3.5,P1114,P1114,45,Rectangle,,Round,9,5,#N/A,Magnets,Preco
2.85,3.44,P1115,P1115,16,Custom,,NA,4,4,#N/A,Magnets,Preco
2.5,4,P1116,P1116,12,Arrow Shape,,NA,3,4,#N/A,Magnets,Preco
10.5,3.75,P1117,P1117,4,Rectangle,,Square,2,2,#N/A,Magnets,Preco
4.16,4.17,P1118,P1118,8,Custom Logo,,NA,2,4,#N/A,Magnets,Preco
1.62,2,P1119,P1119,50,Chef Hat Shaped,,NA,5,10,#N/A,Magnets,Preco
4.3243,3.5026,P1120,P1120,12,Shield Shape,,NA,3,4,https://media.magnetguys.com/diecut_proof/D__P1120__3.5026-x-4.3243_P1120_CMD18110617_Shield-Shape.jpg,Magnets,Preco
3.5,2.63,P1121,P1121,20,Hot Air Balloon Shape,,NA,4,5,https://media.magnetguys.com/diecut_proof/D__P1121__2.63-x-3.5_P1121_CM21431_Hot-Air-Balloon-Shape.jpg,Magnets,Preco
1.87,3.75,P1122,P1122,20,Personalized Truck Shape,,NA,5,4,#N/A,Magnets,Preco
2,3.5,P1123,P1123,28,Personalized Shoe Shape,Shaped,NA,4,7,#N/A,Magnets,Preco
8,3.88,P1124,P1124,4,Ribbon Shape - Heart,Shaped,NA,2,2,#N/A,Magnets,Preco
2.75,5,P1125,P1125,9,Rectangle,,Square,3,3,https://media.magnetguys.com/diecut_proof/D__P1125__5-x-2.75_P1125_Square-corner.jpg,Magnets,Preco
1.75,4.25,P1126,P1126,20,Trash Truck Shape,,NA,5,4,#N/A,Magnets,Preco
3,5,P1127,P1127,-,Rectanlge,,Square,2,,#N/A,Magnets,Preco
6.88,5.95,P1128,P1128,4,Shield Shape,,NA,2,2,#N/A,Magnets,Preco
2,4.25,P1129,P1129,20,Rectangle,,Square,10,2,https://media.magnetguys.com/diecut_proof/D__P1129__2-x-4.25_P1129_Square-corner.jpg,Magnets,Preco
2.5,3.85,P1130,P1130,16,Rectangle,,Round,8,2,https://media.magnetguys.com/diecut_proof/D__P1130__3.85-x-2.5_P1130_Round-corner.jpg,Magnets,Preco
6.8642,4.95,P1131,P1131,4,Ribbon Shape,,NA,2,2,#N/A,Magnets,Preco
3.25,3.5,P1132,P1132,15,Tree Shape,,NA,3,5,#N/A,Magnets,Preco
5,7.5,P1133,P1133,4,Rectangle,,Square,2,2,#N/A,Magnets,Preco
3.53,3.27,P1134,P1134,15,Louisiana Shape,,NA,3,5,https://media.magnetguys.com/diecut_proof/D__P1134__3.53-x-3.27_P1134_CM217793_Louisiana-Shape.jpg,Magnets,Preco
5.135,7.9964,P1135,P1135,4,Custom,,NA,2,2,#N/A,Magnets,Preco
1.95,2.36,P1136,P1136,32,Custom,,NA,4,8,#N/A,Magnets,Preco
6.22,11,P1137,P1137,2,Football,Shaped,NA,1,2,#N/A,Magnets,Preco
6.5157,5.09,P1138,P1138,4,Custom,,NA,2,2,#N/A,Magnets,Preco
4.75,4.5,P1139,P1139,6,Rectangle,,Square,2,3,#N/A,Magnets,Preco
5.25,8.25,P1140,P1140,4,Rectangle,,Round,2,2,#N/A,Magnets,Preco
2.75,1.35,P1141,P1141,42,Van,,NA,21,2,#N/A,Magnets,Preco
2.1603,3.1643,P1142,P1142,20,Custom,,NA,4,5,#N/A,Magnets,Preco
5.5,2.5,P1143,P1143,12,Rectangle,,Square,4,3,https://media.magnetguys.com/diecut_proof/D__P1143__5.5-x-2.5_P1143_Square-corner_template.jpg,Magnets,Preco
1,5,P1144,P1144,27,Rectangle,,Square,9,3,#N/A,Magnets,Preco
5,7,P1145,P1145,4,House Shape,,NA,2,2,#N/A,Magnets,Preco
2,9,P1146,P1146,10,Rectangle,,Round,5,2,https://media.magnetguys.com/diecut_proof/D__P1146__2-x-9_P1146_Round-corner.jpg,Magnets,Preco
2.961,2.3475,P1147,P1147,20,Custom,,NA,4,5,#N/A,Magnets,Preco
5.875,7.25,P1148,P1148,3,Rectangle,,Round,1,3,#N/A,Magnets,Preco
3.75,2,P1149,P1149,20,Rectangle,,Square,10,2,https://media.magnetguys.com/diecut_proof/D__P1149__3.75-x-2_P1149_Square-corner.jpg,Magnets,Preco
8,7,P1150,P1150,2,Rectangle,,Square,1,2,#N/A,Magnets,Preco
4.8871,5.6829,P1151,P1151,6,Christmas ball,,NA,2,3,#N/A,Magnets,Preco
3.25,4.5,P1152,P1152,9,Rectangle,,Round,3,3,https://media.magnetguys.com/diecut_proof/D__P1152__3.25-x-4.5_P1152_Round-corner.jpg,Magnets,Preco
3.5,3.18,P1153,P1153,21,Africa Shape,,NA,3,7,#N/A,Magnets,Preco
2.75,4.25,P1154,P1154,12,Rectangle,,Square,6,2,https://media.magnetguys.com/diecut_proof/D__P1154__2.75-x-4.25_P1154_Square-corner.jpg,Magnets,Preco
3.5,2.5,P1155,P1155,20,Water Drop Shape,,NA,5,4,https://media.magnetguys.com/diecut_proof/D__P1155__2.5-x-3.5_P1155_CMD18112644_Water-Drop-Shape.jpg,Magnets,Preco
3.75,8.75,P1156,P1156,6,Rectangle,,Round,3,2,#N/A,Magnets,Preco
3.6714,7.5378,P1157,P1157,6,Ribbon Shape,,NA,3,2,#N/A,Magnets,Preco
5.75,5.75,P1158,P1158,3,Word Puzzle,,NA,1,3,#N/A,Magnets,Preco
1.4194,3.2871,P1159,P1159,30,Custom,,NA,6,5,#N/A,Magnets,Preco
2.34,2.56,P1160,P1160,28,Custom Fruit,,NA,4,7,https://media.magnetguys.com/diecut_proof/D__P1160__2.56-x-2.34_P1160_CMD18112735_Custom-Fruit.jpg,Magnets,Preco
3.73,7.06,P1161,P1161,6,Van Shape,,NA,3,2,#N/A,Magnets,Preco
2.75,4.75,P1162,P1162,12,Oval,Oval,NA,6,2,#N/A,Magnets,Preco
4.25,3.875,P1163,P1163,8,Rectangle,,Round,4,2,#N/A,Magnets,Preco
4.25,3.875,P1164,P1164,8,Custom Shape,,NA,4,2,#N/A,Magnets,Preco
5.4,6,P1165,P1165,6,Chat Bubble,,NA,2,3,#N/A,Magnets,Preco
5.25,7.75,P1166,P1166,4,Rectangle,,Round,2,2,#N/A,Magnets,Preco
2.6523,1.8002,P1167,P1167,30,Town Shape,,NA,5,6,#N/A,Magnets,Preco
4.34,5.33,P1168,P1168,6,Custom Shape,,NA,2,3,#N/A,Magnets,Preco
8,10,P1169,P0226-P1169,2,Rectangle ( See also P0226 ),,Square,1,2,#N/A,Magnets,Preco
4.8164,3.6492,P1170,P1170,9,P Shape,,NA,3,3,#N/A,Magnets,Preco
4.75,4.75,P1171,P1171,6,Circle,Circle,NA,2,3,#N/A,Magnets,Preco
3.7033,4.2953,P1172,P1172,12,Custom Shape,,NA,3,4,#N/A,Magnets,Preco
5,7,P1173,P0077-P1173-P1174,4,Rectangle (See also P0077 & P1174),,Round,2,2,#N/A,Magnets,Preco
5,7,P1174,P0077-P1173-P1174,4,Rectangle (See also P0077 & P1173),,Round,2,2,#N/A,Magnets,Preco
1.25,3.625,P1175,P1175,28,Custom Rectangle,,Square,14,2,#N/A,Magnets,Preco
1.51,4,P1176,P1176,24,Police Car,,NA,6,4,https://media.magnetguys.com/diecut_proof/D__P1176__4-x-1.51_P1176_CMD18120426_Police-Car.jpg,Magnets,Preco
4.25,11.875,P1177,P1177,2,Rectangle (length of the sheet),,Square,2,1,#N/A,Magnets,Preco
2.35,4.25,P1178,P1178,16,Rectangle,,Square,8,2,#N/A,Magnets,Preco
3.5,3,P1179,P1179,15,House Shape,,NA,3,5,https://media.magnetguys.com/diecut_proof/D__P1179__3.5-x-3_P1179_CMD18112822_House-Shape.jpg,Magnets,Preco
2.25,8,P1180,P1180,8,Wine bottle Shape,,NA,4,2,#N/A,Magnets,Preco
2.12,2.12,P1181,P1181,28,Rectangle,,Square,4,7,https://media.magnetguys.com/diecut_proof/D__P1181__2.12-x-2.12_P1181_Square-corner.jpg,Magnets,Preco
5,11.875,P1182,P1182,2,Rectangle,,Round,2,1,#N/A,Magnets,Preco
2.75,4.75,P1183,P1183,12,Custom Shape,,NA,4,3,#N/A,Magnets,Preco
6.0741,11.5001,P1184,P1184,1,GQ Shape,,NA,1,1,#N/A,Magnets,Preco
2.5,3.75,P1185,P1185,18,Triangle Shape,,NA,9,2,#N/A,Magnets,Preco
5,7,P1186,P1186,4,Rectangle (with cuting line),,Square,2,2,#N/A,Magnets,Preco
3.75,5.75,P1187,P1187,6,Rectangle,,Round,3,2,#N/A,Magnets,Preco
1.7583,3.2958,P1188,P1188,30,Logo Shape,,NA,6,5,#N/A,Magnets,Preco
4.387,4.015,P1189,P1189,8,Shield Shape,,NA,2,4,#N/A,Magnets,Preco
2.12,2.12,P1190,P1190,28,Book Shape,,NA,4,7,#N/A,Magnets,Preco
3.5,5.5,P1191,P1191,9,Pig Shape,,NA,3,3,#N/A,Magnets,Preco
3.04,5.5,P1192,P1192,9,Pork Shape,,NA,3,3,#N/A,Magnets,Preco
2.75,7,P1193,P1193,6,Rectangle,,Round,3,2,https://media.magnetguys.com/diecut_proof/D__P1193__2.75-x-7_P1193_Round-corner_template.jpg,Magnets,Preco
3.8,3.5,P1194,P1194,12,Custom Shape,,NA,3,4,#N/A,Magnets,Preco
4.5,3.6,P1195,P1195,9,Custom Shape,,NA,3,3,#N/A,Magnets,Preco
3.3,5.4,P1196,P1196,10,Custom Shape,,NA,2,5,#N/A,Magnets,Preco
3.36,3.38,P1197,P1197,20,Magnifying glass shape,,NA,4,5,https://media.magnetguys.com/diecut_proof/D__P1197__3.38-x-3.36_P1197_CMD18121126_Magnifying-glass-shape.jpg,Magnets,Preco
1.68,3.18,P1198,P1198,25,Truck Shape,,NA,5,5,#N/A,Magnets,Preco
1.25,4,P1199,P1199,28,Rectangle,,Square,14,2,https://media.magnetguys.com/diecut_proof/D__P1199__1.25-x-4_P1199_Square-corner.jpg,Magnets,Preco
3.9633,6.6061,P1200,P1200,6,GAPP Shape,,NA,3,2,#N/A,Magnets,Preco
11,8.5,P1201,P1201,2,Kiss cut,,Square,1,2,#N/A,Magnets,Preco
3.88,3.5,P1202,P0093-P1202,12,Rectangle (P0093),,Square,6,2,https://media.magnetguys.com/diecut_proof/D__P0093-P1202__3.88-x-3.5_P0093-P1202_Square-corner_template.jpg,Magnets,Preco
4.5,5,P1203,P1203,6,Rectangle,,Square,2,3,#N/A,Magnets,Preco
5,5.296,P1204,P1204,6,Smiley Shape,,NA,2,3,#N/A,Magnets,Preco
3.3688,6,P1205,P1205,9,Breaststroke Swimming Shape,,NA,3,3,#N/A,Magnets,Preco
2.2844,6,P1206,P1206,12,Butterfly Swimming Shape,,NA,4,3,#N/A,Magnets,Preco
3.5385,6,P1207,P1207,9,Backstroke Swimming Shape,,NA,3,3,#N/A,Magnets,Preco
3.1417,6.5,P1208,P1208,6,Name board Shape,,NA,3,2,#N/A,Magnets,Preco
3.4644,6,P1209,P1209,9,Freestyle Swimming Shape,,NA,3,3,#N/A,Magnets,Preco
2.5113,2.5197,P1210,P1210,24,Write wood Circle,Circle,NA,4,6,#N/A,Magnets,Preco
2.873,3.4122,P1211,P1211,15,Highway Logo,,NA,3,5,#N/A,Magnets,Preco
3.375,4,P1212,P1212,12,Custom Shape,,NA,3,4,#N/A,Magnets,Preco
5.5,8,P1213,P0152-P0259-P1213,4,Rectangle(See also P0152-P0259),,Round,2,2,#N/A,Magnets,Preco
4.8589,5.3602,P1214,P1214,6,91 Shape,,NA,2,3,#N/A,Magnets,Preco
4.9847,5.0738,P1215,P1215,6,91 Shape,,NA,2,3,#N/A,Magnets,Preco
4,7,P1216,P0033-P0129-P1216,6,Rectangle (See also P0033-P0129),Round,Round,3,2,#N/A,Magnets,Preco
5.75,7.13,P1217,P1217,3,Rectangle,,Round,1,3,#N/A,Magnets,Preco
4.7517,3.558,P1218,P1218,9,Trash Recycling Bin Shape,,NA,3,3,#N/A,Magnets,Preco
1.25,4.25,P1219,P1219,28,Limousine Shape,,NA,7,4,#N/A,Magnets,Preco
2.625,3,P1220,P1220,18,Cup Shape,,NA,3,6,#N/A,Magnets,Preco
2.25,5.25,P1221,P1221,18,Fish Shape,,NA,6,3,#N/A,Magnets,Preco
1.13,2.81,P1222,P1222,48,Truck Shape,,NA,8,6,https://media.magnetguys.com/diecut_proof/D__P1222__1.13-x-2.81_P1222_Truck-Shape.jpg,Magnets,Preco
1.924,4.123,P1223,P1223,20,Van Shape,,NA,5,4,#N/A,Magnets,Preco
2.41,3.24,P1224,P1224,18,House Shape,,NA,3,6,https://media.magnetguys.com/diecut_proof/D__P1224__3.24-x-2.41_P1224_CMD19011011_Custom-Shape.jpg,Magnets,Preco
2,2.63,P1225,P1225,30,Mortar & Pestle Shape,,NA,15,2,#N/A,Magnets,Preco
1.62,3.75,P1226,P1226,24,Custom Shape -Van,,NA,6,4,#N/A,Magnets,Preco
3,3,P1227,P1227,15,Heart Shape,Shaped,NA,3,5,https://media.magnetguys.com/diecut_proof/D__P1227__3-x-3_P1227_CM41068_Heart-Shape.jpg,Magnets,Preco
2.5,4,P1228,P1228,16,Oval,Oval,NA,8,2,#N/A,Magnets,Preco
9.32,3.26,P1229,P1229,5,Water Skate board,,NA,1,5,#N/A,Magnets,Preco
4.5,8.5,P1230,P1230,4,Rectangle,,Round,2,2,#N/A,Magnets,Preco
2.5,6.5,P1231,P1231,8,Rectangle,,Square,4,2,https://media.magnetguys.com/diecut_proof/D__P1231__6.5-x-2.5_P1231_square-corner_template.jpg,Magnets,Preco
2.5,2.5,P1232,P1232,24,T-Shirt shape,,NA,4,6,https://media.magnetguys.com/diecut_proof/D__P1232__2.5-x-2.5_P1232_CMD18122834_T-Shirt-Shape.jpg,Magnets,Preco
2.5,2.75,P1233,P1233,24,Rectangle,,Square,12,2,https://media.magnetguys.com/diecut_proof/D__P1233__2.5-x-2.75_P1233_Square-corner.jpg,Magnets,Preco
8,9.25,P1234,P1234,2,Rectangle,,Square,1,2,#N/A,Magnets,Preco
3.75,4.244,P1235,P1235,9,Shield Shape,,NA,3,3,#N/A,Magnets,Preco
3.15,2.14,P1236,P1236,25,Jacket Shape,,NA,5,5,https://media.magnetguys.com/diecut_proof/D__P1236__2.15-x-3.15_P1236_CMD19011442_Jacket-Shape.jpg,Magnets,Preco
2.75,3.87,P1237,P1237,16,Pig Shape,,NA,4,4,#N/A,Magnets,Preco
2.62,3.37,P1238,P1238,20,Dog Shape,,NA,4,5,#N/A,Magnets,Preco
2.34,3.5,P1239,P1239,21,United States Shape,Shaped,NA,3,7,https://media.magnetguys.com/diecut_proof/D__P1239__3.5-x-2.34_P1239_CM21688_United-State-Shape.jpg,Magnets,Preco
2.19,2.19,P1240,P1240,28,Rectangle,,Square,4,7,https://media.magnetguys.com/diecut_proof/D__P1240__2.19-x-2.19_P1240_Square-corner.jpg,Magnets,Preco
4.3662,6.1017,P1241,P1241,6,Logo Shield,,NA,2,3,#N/A,Magnets,Preco
2.95,4.96,P1242,P1242,9,Truck Shape,,NA,3,3,#N/A,Magnets,Preco
10,5,P1243,P1243,3,Kiss cut,,NA,1,3,#N/A,Magnets,Preco
2.725,4.383,P1244,P1244,16,Boot Shape,,NA,4,4,https://media.magnetguys.com/diecut_proof/D__P1244__2.725-x-4.383_P1244_CMD19011744_Boot-Shape.jpg,Magnets,Preco
6.25,1.25,P1245,P1245,14,Tooth brush Shape,,NA,7,2,https://media.magnetguys.com/diecut_proof/D__P1245__6.25-x-1.25_P1245_CMD19011809_Toothbrush-Shap.jpg,Magnets,Preco
6,1.5,P1246,P1246,18,Rectangle,,Square,6,3,https://media.magnetguys.com/diecut_proof/D__P1246__1.5-x-6_P1246_Square-corner.jpg,Magnets,Preco
6,4.35,P1247,P1247,6,Logo Shape,,NA,2,3,#N/A,Magnets,Preco
2.3829,3.1058,P1248,P1248,30,Pizza Slice,,NA,6,5,#N/A,Magnets,Preco
2.3424,5.0888,P1249,P1249,14,Van Shape,,NA,2,7,#N/A,Magnets,Preco
4,6.25,P1250,P1250,6,Rectangle,,Square,3,2,#N/A,Magnets,Preco
3.12,3.5,P1251,P1251,15,Horse Shape,,NA,3,5,#N/A,Magnets,Preco
3.5,2.5,P1252,P0199-P1252,18,Oval (see also P0199),Oval,Oval,9,2,https://media.magnetguys.com/diecut_proof/D__P0199-P1252__3.5-x-2.5_P0199-P1252_Oval.jpg,Magnets,Preco
4.8188,5.668,P1253,P1253,6,Parish Shape,,NA,3,2,#N/A,Magnets,Preco
2.87,2.49,P1254,P1254,24,Heart Shape (Custom Shape),,NA,4,6,#N/A,Magnets,Preco
7.25,9,P1255,P1255,2,Rectangle,,Square,1,2,#N/A,Magnets,Preco
2.5,2.5,P1256,P1256,24,Frame,,Round,4,6,#N/A,Magnets,Preco
2.36,6.32,P1257,P1257,10,Airplane Shape,,NA,5,2,https://media.magnetguys.com/diecut_proof/D__P1257__6.32-x-2.36_P1257_CMD19012704_Airplane-Shape.jpg,Magnets,Preco
4.5,4.5,P1258,P1258,6,Rectangle,,Round,2,3,#N/A,Magnets,Preco
2,4.25,P1259,P1259,20,Truck Shape,,NA,5,4,#N/A,Magnets,Preco
4,2,P1260,P0038-P1260,20,Rectangle - ( See also P0038 ),,Round,10,2,https://media.magnetguys.com/diecut_proof/D__P0038-P1260__4-x-2_P0038-P1260_Round-corner.jpg,Magnets,Preco
11.3024,11.6393,P1261,P1261,1,75 Shape,,NA,1,1,#N/A,Magnets,Preco
8,5,P1262,P1262,4,Heart Picture Frame,Picture Frame,NA,2,2,#N/A,Magnets,Preco
1.98,4.49,P1263,P1263,75,Bottle Shape,,NA,5,15,#N/A,Magnets,Preco
5.664,5.6659,P1264,P1264,6,Triangle Shape,,NA,2,3,#N/A,Magnets,Preco
3.5009,4,P1265,P1265,12,Heart Shape,,NA,3,4,#N/A,Magnets,Preco
2.2,6,P1266,P1266,12,Custom Shape Car,,NA,4,3,https://media.magnetguys.com/diecut_proof/D__P1266__6-x-2.2_P1266_CMD19012416_Car-Shape.jpg,Magnets,Preco
3,4,P1267,P1267,12,EGG Shape,,NA,3,4,#N/A,Magnets,Preco
3.5,4,P1268,P1268,12,Custom Shape,,NA,4,3,#N/A,Magnets,Preco
6,6.32,P1269,P1269,2,Custom Shape,,NA,1,2,#N/A,Magnets,Preco
1.7256,4.1191,P1270,P1270,20,Van Shape,,NA,5,4,#N/A,Magnets,Preco
4,9.25,P1271,P1271,4,Rectangle,,Square,2,2,#N/A,Magnets,Preco
2,1.88,P1272,P1272,40,Small Heart Shape,,NA,20,2,#N/A,Magnets,Preco
3.5,5.25,P1273,P1273,9,Rectangle,,Round,3,3,#N/A,Magnets,Preco
2,3,P1274,P1274,25,Heart Shape,,NA,5,5,https://media.magnetguys.com/diecut_proof/D__P1274__3-x-2_P1274_CMD19020117_Heart-Shape.jpg,Magnets,Preco
11.25,11.25,P1275,P1275,1,Feb Offer Kiss Cut,,Square,1,1,#N/A,Magnets,Preco
10.5,4,P1276,P1276,4,Kiss Cut with 0.6875 diamter circles,Kisscut,Square,1,4,#N/A,Magnets,Preco
5.3835,2.8167,P1277,P1277,9,Mobile Phone Shape,,NA,3,3,https://media.magnetguys.com/diecut_proof/D__P1277__2.8167-x-5.3835_P1277_CMD19020114_Mobile-Phone-Shape.jpg,Magnets,Preco
4,4,P1278,P1278,8,Custom Shape,,NA,2,4,#N/A,Magnets,Preco
4,6.5,P1279,P1279,4,Custom Shape,,NA,2,2,#N/A,Magnets,Preco
2,3.68,P1280,P1280,20,Tractor Shape,Shaped,NA,10,2,#N/A,Magnets,Preco
5.25,7.25,P1281,P1281,4,Picture Frame,Picture Frame,NA,2,2,#N/A,Magnets,Preco
6.125,7.375,P1282,P1282,2,Custom Shape,,NA,1,2,#N/A,Magnets,Preco
5.2954,5.2372,P1283,P1283,6,Custom Shape,,NA,2,3,#N/A,Magnets,Preco
2.75,3.25,P1284,P1284,16,Elephant Shape,,NA,4,4,#N/A,Magnets,Preco
3.9051,2.2767,P1285,P1285,20,Custom Shape,,NA,5,4,#N/A,Magnets,Preco
3.141,4.2479,P1286,P1286,12,Custom Shape,,NA,3,4,#N/A,Magnets,Preco
1.5,2,P1287,P1287,48,Rectangle,,Square,24,2,#N/A,Magnets,Preco
6,3,P1288,P1288,6,Cloud Shape,,NA,3,2,#N/A,Magnets,Preco
3.5,4,P1289,P1289,12,2 Piece Puzzle,,NA,6,2,https://media.magnetguys.com/diecut_proof/D__P1289__4-x-3.5_P1289_CM212137_2-Piece-Puzzle-Shape.jpg,Magnets,Preco
4.6849,4.9132,P1290,P1290,6,Star Shape,,NA,2,3,#N/A,Magnets,Preco
4.75,7.75,P1291,P1291,4,Rectangle,,Round,2,2,#N/A,Magnets,Preco
3,4,P1292,P1292,12,Horseshoe Notekeeper,,NA,6,2,#N/A,Magnets,Preco
3.5625,2.7,P1293,P1293,12,Digital Camera Shape,,NA,6,2,#N/A,Magnets,Preco
4.78,4.79,P1294,P1294-P1867,6,The Harbor LI Logo,,NA,2,3,#N/A,Magnets,Preco
5.2197,5.9178,P1295,P1295,6,Badge Shape,,NA,2,3,#N/A,Magnets,Preco
8.25,11,P1296,P1296,2,Kiss cut,,NA,1,2,#N/A,Magnets,Preco
8.25,11,P1297,P1297,2,Kiss cut,,NA,1,2,#N/A,Magnets,Preco
11,11,P1298,P1298,1,Kiss cut,,NA,1,1,#N/A,Magnets,Preco
9,11,P1299,P1299,2,Kiss cut,,NA,1,2,#N/A,Magnets,Preco
9,11,P1300,P1300,2,Kiss cut,,NA,1,2,#N/A,Magnets,Preco
8.25,11,P1301,P1301,2,Kiss cut,,NA,1,2,#N/A,Magnets,Preco
9,11,P1302,P1302,2,Kiss cut,,NA,1,2,#N/A,Magnets,Preco
4.46,2.33,P1303,P1303,12,Custom Shape,,NA,4,3,#N/A,Magnets,Preco
4.25,6.25,P1304,P1304,6,Picture Frame,Picture Frame,Square,3,2,#N/A,Magnets,Preco
4,4,P1305,P1305,12,Paw Shape,,NA,3,4,#N/A,Magnets,Preco
4,6,P1306,P1306,9,Batter with N,,NA,3,3,#N/A,Magnets,Preco
4.5,5,P1307,P1307,6,House,,NA,2,3,#N/A,Magnets,Preco
3,5,P1308,P1308,9,Puzzle,,NA,3,3,#N/A,Magnets,Preco
3.5,11.875,P1309,P1309,3,Rectangle,,Round,3,1,#N/A,Magnets,Preco
1.4138,3.2864,P1310,P1310,30,Bottle Shape,,NA,6,5,#N/A,Magnets,Preco
2.5,5,P1311,P1311,12,Hand Shape,,NA,4,3,https://media.magnetguys.com/diecut_proof/D__P1311__2.5-x-5_P1311_CMD19022030_Hand-Shape.jpg,Magnets,Preco
3,3,P1312,P1312,28,Fleur de lis Shape,,NA,4,7,#N/A,Magnets,Preco
4.74,5.88,P1313,P1313,6,Walnut Grove Shape,,NA,2,3,#N/A,Magnets,Preco
2.2376,2.632,P1314,P1314,24,Shield Shape,,NA,4,6,https://media.magnetguys.com/diecut_proof/D__P1314__2.632-x-2.2376_P1314_CMD19022135_Badge-shape.jpg,Magnets,Preco
5.5,5.5,P1315,P1315,6,Flower Shape,,NA,2,3,#N/A,Magnets,Preco
5.2,5.2,P1316,P1316,6,Picture Frame,Picture Frame,NA,2,3,#N/A,Magnets,Preco
3.5,4.46,P1317,P1317,12,Apple Shape,,NA,3,4,https://media.magnetguys.com/diecut_proof/D__P1317__3.4992-x-4.4605_P1317_CMD19022126_Apple-Shape.jpg,Magnets,Preco
2.5,3,P1318,P1318,20,Toilet Shape,,NA,4,5,#N/A,Magnets,Preco
2.15,4.047,P1319,P1319,20,Woman's Shape,,NA,5,4,https://media.magnetguys.com/diecut_proof/D__P1319__2.15-x-4.047_P1319_CMD19022605_Woman's-Shape.jpg,Magnets,Preco
5.8223,6.9683,P1320,P1320,4,Shield Shape,,NA,2,2,#N/A,Magnets,Preco
1.5,1.5,P1321,P1321,70,Socks Shape,,NA,7,10,#N/A,Magnets,Preco
5.99,4.91,P1322,P1322-P1330,6,Custom Shape(See also P1330),,NA,2,3,#N/A,Magnets,Preco
4,3,P1323,P1323,12,Bandaid Shape,,NA,3,4,#N/A,Magnets,Preco
2.496,2.6869,P1324,P1324,30,Socks Shape,,NA,5,6,#N/A,Magnets,Preco
3,5,P1325,P0025-P1325,10,Oval (See also P0025),Oval,NA,2,5,#N/A,Magnets,Preco
2.75,2.75,P1326,P0276-P1326,18,Circle (See also P0276),Circle,NA,9,2,https://media.magnetguys.com/diecut_proof/D__P0276-P1326__2.75_P0276-P1326_Circle.jpg,Magnets,Preco
5,5,P1327,P1327,6,Circle with Fluted Edge,Circle,NA,2,3,#N/A,Magnets,Preco
4.41,4.41,P1328,P1328,6,Octagon Shape,,NA,2,3,#N/A,Magnets,Preco
7,2.5,P1329,P1329,8,Rectangle,,Square,4,2,#N/A,Magnets,Preco
5.99,4.91,P1330,P1322-P1330,6,Custom Shape(See also P1322),,NA,2,3,#N/A,Magnets,Preco
4.32,1.99,P1331,P1331-P1340,20,Van (See also P1340),,NA,5,4,#N/A,Magnets,Preco
5,2.67,P1332,P1332,12,Rectangle,,Square,4,3,#N/A,Magnets,Preco
1.75,3,P1333,P1333,25,Rectangle,,Square,5,5,https://media.magnetguys.com/diecut_proof/D__P1333__1.75-x-3_P1333_Square-corner.jpg,Magnets,Preco
4,4,P1334,P1334,12,Rocket Shape,,NA,3,4,#N/A,Magnets,Preco
4.13,6.75,P1335,P1335,6,Barrel Shape,,NA,3,2,#N/A,Magnets,Preco
6,6,P1336,P1336,4,Badge Shape,,NA,2,2,#N/A,Magnets,Preco
2.86,1.8,P1337,P1337,25,Grocery Bag Shape,,NA,5,5,https://media.magnetguys.com/diecut_proof/D__P1337__1.80-x-2.86_P1337_CM517946_Grocery-Bag-Shape.jpg,Magnets,Preco
4.375,3,P1338,P1338,12,Rectangle,,Square,6,2,#N/A,Magnets,Preco
6.3551,2.5126,P1339,P1339,8,Car Shape,,NA,4,2,https://media.magnetguys.com/diecut_proof/D__P1339__6.3551-x-2.5126_P1339_CMD19022627_Car-Shape.jpg,Magnets,Preco
4.32,1.99,P1340,P1331-P1340,20,Van (See also P1331),,NA,5,4,#N/A,Magnets,Preco
4.411,6.2896,P1341,P1341,12,Diamond Shape,,NA,3,4,#N/A,Magnets,Preco
5.4207,3.3383,P1342,P1342,9,Custom Shape,,NA,3,3,#N/A,Magnets,Preco
3.75,4.5,P1343,P1343,8,Rectangle,,Square,4,2,#N/A,Magnets,Preco
3,3.5,P1344,P1344,15,Apple Shape,,NA,3,5,https://media.magnetguys.com/diecut_proof/D__P1344__3-x-3.5_P1344_CMD19021342_Apple-Shape.jpg,Magnets,Preco
2.5,4.5,P1345,P0859-P1345,12,Mobile Phone(See also P0859),,Round,4,3,#N/A,Magnets,Preco
4,1.37,P1346,P1346,28,Car Shape,,NA,14,2,#N/A,Magnets,Preco
4,4,P1347,P1347,12,Camp Kernville Logo Shape,,NA,3,4,#N/A,Magnets,Preco
2.125,3.375,P1348,P1348,20,Rectangle,,Round,4,5,#N/A,Magnets,Preco
5.8129,4.7244,P1349,P1349,6,Shield Shape,,NA,2,3,#N/A,Magnets,Preco
3.5,5.3125,P1350,P1350,8,Rectangle,,Square,4,2,#N/A,Magnets,Preco
2.7337,2.1804,P1351,P1351,28,God is able Shape,,NA,4,7,#N/A,Magnets,Preco
3.25,2.8125,P1352,P1352,18,Dog Shape,,NA,9,2,https://media.magnetguys.com/diecut_proof/D__P1352__3.25-x-2.8125_P1352_CM41933_Dog-Shape.jpg,Magnets,Preco
5,1.5,P1353,P1353,18,Rectangle,,Square,6,3,https://media.magnetguys.com/diecut_proof/D__P1353__1.5-x-5_P1353_Square-corner.jpg,Magnets,Preco
8,4,P1354,P1354,6,Love Ya Man Shape,,NA,3,2,#N/A,Magnets,Preco
2.88,3.38,P1355,P1355,15,Blue mountain Shape,,NA,3,5,#N/A,Magnets,Preco
3.68,1.5,P1356,P1356,24,Truck Shape,,NA,12,2,#N/A,Magnets,Preco
4,7,P1357,P1357,6,NH Field Hockey,,NA,3,2,#N/A,Magnets,Preco
3,2,P1358,P1358,25,Swan Shape,,NA,5,5,https://media.magnetguys.com/diecut_proof/D__P1358__3-x-2_P1358_CMD19031605_Swan-Shape.jpg,Magnets,Preco
3.0324,3.0263,P1359,P1359,15,Penguin Shape,,NA,3,5,#N/A,Magnets,Preco
5,5,P1360,P1360,6,Star Shape,,NA,2,3,#N/A,Magnets,Preco
7,4.75,P1361,P1361,4,Ribbon with Round Shape,,NA,2,2,#N/A,Magnets,Preco
4,5,P1362,P1362,6,Shield Shape,,NA,2,3,#N/A,Magnets,Preco
4.5,5.25,P1363,P1363,6,Custom Round Corner,,NA,2,3,#N/A,Magnets,Preco
6.01,3.67,P1364,P1364,6,Custom Shape,,NA,3,2,#N/A,Magnets,Preco
4,6.08,P1365,P1365,4,Custom Shape,,NA,2,2,#N/A,Magnets,Preco
4.15,1.67,P1366,P1366,24,Van Shape,,NA,6,4,https://media.magnetguys.com/diecut_proof/D__P1366__4.15-x-1.67_P1366_CMD19030704_Van-Shape.jpg,Magnets,Preco
0.75,2,P1367,P1367,88,BandAid,,NA,11,8,#N/A,Magnets,Preco
0.75,2,P1368,P1368,88,Stop Sign-Rectangle,,NA,11,8,#N/A,Magnets,Preco
11.875,10,P1369,P1369,1,Rectangle,,Round,1,1,#N/A,Magnets,Preco
3.5,5,P1370,P1370,9,Hand Shape,,NA,3,3,#N/A,Magnets,Preco
11.5,3.75,P1371,P1371,4,Rectangle,,Square,2,2,#N/A,Magnets,Preco
2.5,2.19,P1372,P1372,28,Telephone Shape,,NA,4,7,#N/A,Magnets,Preco
2.0699,2.3715,P1373,P1373,30,Pizza Shape,,NA,5,6,https://media.magnetguys.com/diecut_proof/D__P1373__2.0699-x-2.3715_P1373_CMD19011429_Pizza-Shape.jpg,Magnets,Preco
6,4,P1374,P0029-P0178-P1374,6,Oval (See also P0029-P0178 ),Oval,NA,3,2,#N/A,Magnets,Preco
4.1495,1.7808,P1375,P1375,24,Foot Shape,,NA,6,4,#N/A,Magnets,Preco
4.5098,4.553,P1376,P1376,6,Custom Shape,,NA,2,3,#N/A,Magnets,Preco
5.6625,4.7991,P1377,P1377,6,Custom Shape,,NA,2,3,#N/A,Magnets,Preco
3,5.25,P1378,P1378,9,Rectangle,,Square,3,3,https://media.magnetguys.com/diecut_proof/D__P1378__3-x-5.25_P1378_Square-corner.jpg,Magnets,Preco
3.5,5.5,P1379,P1379,9,Coffee cup Save the Date,,NA,3,3,#N/A,Magnets,Preco
2.31,3.37,P1380,P1380,25,Hand Shape,,NA,5,5,#N/A,Magnets,Preco
3,5,P1381,P1381,9,Custom Shape,,NA,3,3,#N/A,Magnets,Preco
4.875,4.875,P1382,P1382,6,circle shape,Circle,NA,2,3,#N/A,Magnets,Preco
6,6,P1383,P1383,4,Custom Shape,,NA,2,2,#N/A,Magnets,Preco
5,5,P1384,P1384,6,Octagon,,NA,2,3,#N/A,Magnets,Preco
1.75,2.75,P1385,P1385,30,Rectangle,,Square,15,2,https://media.magnetguys.com/diecut_proof/D__P1385__1.75-x-2.75_P1385_Square-corner.jpg,Magnets,Preco
6.25,4.5.,P1386,P1386,4,Rectangle,,Square,2,2,#N/A,Magnets,Preco
4,4.75,P1387,P1387,8,Picture frame with puzzle and Square,Picture Frame,Square,4,2,#N/A,Magnets,Preco
3.24,4.01,P1388,P1388,12,Custom Shape,,NA,3,4,#N/A,Magnets,Preco
1.81,4.43,P1389,P1389,24,Foot Shape,,NA,12,2,#N/A,Magnets,Preco
7,6.55,P1390,P1390,2,Custom Shape,,NA,1,2,#N/A,Magnets,Preco
4.095,4.3787,P1391,P1391,9,Custom Shape,,NA,3,3,#N/A,Magnets,Preco
6.6265,5.0944,P1392,P1392,4,Custom Shape,,NA,2,2,#N/A,Magnets,Preco
1.62,1.62,P1393,P1393,54,Circle,Circle,NA,6,9,#N/A,Magnets,Preco
5.76,2.87,P1394,P1394,9,Infinity Shape,,NA,3,3,#N/A,Magnets,Preco
4.6,5.25,P1395,P1395,6,Custom Shape,,NA,2,3,#N/A,Magnets,Preco
5.125,1.9,P1396,P1396,16,Multi Axle bus Shape,,NA,2,8,https://media.magnetguys.com/diecut_proof/D__P1396__5.125-x-1.9_P1396_CMD19032706_Multi-Axle-bus-Shape.jpg,Magnets,Preco
5.385,4.439,P1397,P1397,6,Custom Shape,,NA,2,3,#N/A,Magnets,Preco
4.7,5.77,P1398,P1398,6,Flower Pot Shape,,NA,2,3,#N/A,Magnets,Preco
11.875,9,P1399,P1399,1,Rectangle,,Round,1,1,#N/A,Magnets,Preco
1.9439,2.5,P1400,P1400,35,Duck Foot Shape,,NA,5,7,https://media.magnetguys.com/diecut_proof/D__P1400__1.9439-x-2.5_P1400_CMD19041037_Duck-Foot-Shape.jpg,Magnets,Preco
6,6,P1401,P1401,4,Triangle Shape,,NA,2,2,#N/A,Magnets,Preco
7.37,7.37,P1402,P1402,2,Circle,Circle,NA,1,2,#N/A,Magnets,Preco
5.5,4.75,P1403,P1403,6,Rectangle,,Square,2,3,#N/A,Magnets,Preco
3.4,8.09,P1404,P1404,8,Custom Shape,,NA,4,2,#N/A,Magnets,Preco
4.5,6.5,P1405,P1405,4,Rectangle,,Square,2,2,#N/A,Magnets,Preco
4.23,7.13,P1406,P1406,4,Custom Shape,,NA,2,2,#N/A,Magnets,Preco
4.89,1.6,P1407,P1407,18,Hearse Car Shape,,NA,6,3,#N/A,Magnets,Preco
4.93,3.04,P1408,P1408,10,Truck Shape,,NA,2,5,#N/A,Magnets,Preco
3.5,1.77,P1409,P1409,25,Nebraska Shape,,NA,5,5,https://media.magnetguys.com/diecut_proof/D__P1409__3.56-x-1.77_P1409_Nebraska-Shape.jpg,Magnets,Preco
3.5,4,P1410,P1410,12,Oval Shape,Oval,NA,6,2,#N/A,Magnets,Preco
1.25,5,P1411,P1411,24,Pencil Shape,,NA,8,3,#N/A,Magnets,Preco
7.53,3.01,P1412,P1412,6,Custom Shape,,NA,3,2,#N/A,Magnets,Preco
10.76,8.05,P1413,P1413,2,Custom Shape,,NA,1,2,#N/A,Magnets,Preco
4.04,4.56,P1414,P1414,8,Badge Shape,,NA,2,4,#N/A,Magnets,Preco
4.11,1.87,P1415,P1415,20,Van Shape,,NA,5,4,#N/A,Magnets,Preco
7.5,3.25,P1416,P1416,6,Rectangle,,Square,3,2,https://media.magnetguys.com/diecut_proof/D__P1416__7.5-x-3.25_P1416_Square-corner.jpg,Magnets,Preco
4.074,10.0933,P1417,P1417,4,Circle top Square Corner,Shaped,NA,1,4,#N/A,Magnets,Preco
6,6,P1418,P1418-P0151,3,Rectangle (See also P0151),,Square,1,3,#N/A,Magnets,Preco
3.6643,2.4449,P1419,P1419,18,Custom Shape,,NA,3,6,#N/A,Magnets,Preco
2,2,P1420,P1420,40,Bell Shape,,NA,20,2,https://media.magnetguys.com/diecut_proof/D__P1420__2-x-2_P1420_Bell-Shape.jpg,Magnets,Preco
2,4.6,P1421,P1421,15,Rectangle,,Square,5,3,#N/A,Magnets,Preco
2,2.8,P1422,P1422,30,Rectangle,,Square,5,6,#N/A,Magnets,Preco
3.75,5.5,P1423,P1423,9,Custom Shape,,NA,3,3,#N/A,Magnets,Preco
3.75,4.75,P1424,P1424,8,Rectangle,,Square,4,2,#N/A,Magnets,Preco
6.375,8.125,P1425,P1425,2,Rectangle,,Round,1,2,#N/A,Magnets,Preco
6.22,2.98,P1426,P1426,6,Custom Shape,,NA,3,2,#N/A,Magnets,Preco
4,2.5,P1427,P1427,16,House Shape,,NA,4,4,https://media.magnetguys.com/diecut_proof/D__P1427__4-x-2.5_P1427_CMD19040848_House-Shape.jpg,Magnets,Preco
9,2.5,P1428,P1428,8,Rectangle,,Square,4,2,https://media.magnetguys.com/diecut_proof/D__P1428__9-x-2.5_P1428_Square-corner.jpg,Magnets,Preco
5.379,2.242,P1429,P1429,14,Lexus Car Shape,,NA,2,7,#N/A,Magnets,Preco
4.78,5.66,P1430,P1430,6,Wild cat with E Shape,,NA,2,3,#N/A,Magnets,Preco
2.75,5.25,P1431,P1431,12,Rectangle,,Round,6,2,https://media.magnetguys.com/diecut_proof/D__P1431__5.25-x-2.75_P1431_Round-corner.jpg,Magnets,Preco
2.625,4.14,P1432,P1432,16,Alabama Shape,Shaped,NA,4,4,#N/A,Magnets,Preco
1.9946,2.3602,P1433,P1433,35,Arizona Shape,,NA,5,7,#N/A,Magnets,Preco
4.87,5.63,P1434,P1434,6,Shield Shape,,NA,2,3,#N/A,Magnets,Preco
5,6.5,P1435,P1435,4,Rectangle,,Square,2,2,#N/A,Magnets,Preco
2.5502,2.0449,P1436,P1436,28,Custom Shape,,NA,4,7,#N/A,Magnets,Preco
9.6088,4.2911,P1437,P1437,4,Custom Shape,,NA,1,4,#N/A,Magnets,Preco
11.4125,11.4165,P1438,P1438,1,Shield Shape,,NA,1,1,#N/A,Magnets,Preco
4.75,6.5939,P1439,P1439,6,Ribbon with Halo Shape,,NA,3,2,#N/A,Magnets,Preco
3.141,3.1409,P1440,P1440,15,Gear Shape,,NA,3,5,#N/A,Magnets,Preco
4.9884,4.991,P1441,P1441,6,Custom Shape,,NA,2,3,#N/A,Magnets,Preco
8,1.75,P1442,P1442,10,Rectangle,,Square,5,2,https://media.magnetguys.com/diecut_proof/D__P1442__8-x-1.75_P1442_Square-corner.jpg,Magnets,Preco
1.5,1.5,P1443,P1443,60,Rectangle,,Square,30,2,#N/A,Magnets,Preco
5.4,4.4,P1444,P1444,6,Picture Frame,Picture Frame,NA,2,3,#N/A,Magnets,Preco
10,10,P1445,P1445,1,Rectangle,,Round,1,1,#N/A,Magnets,Preco
1.25,2.5,P1446,P1446,42,Key Shape,,NA,7,6,#N/A,Magnets,Preco
7,3,P1447,P1447,6,Picture Frame,Picture Frame,NA,3,2,#N/A,Magnets,Preco
3.25,2.5,P1448,P1448,21,Custom Shape,,NA,3,7,#N/A,Magnets,Preco
6.5,3.75,P1449,P1449,6,Rectangle,,Square,3,2,#N/A,Magnets,Preco
4.25,11,P1450,P1450,4,Custom Shape,,NA,1,4,#N/A,Magnets,Preco
3,5,P1451,P1451,9,Water Drop Shape,,NA,3,3,#N/A,Magnets,Preco
5.7,3.8,P1452,P1452,6,Kisscut,,NA,2,3,#N/A,Magnets,Preco
1.45,3.25,P1453,P1453,35,Sauce bottle Shape,Shaped,NA,7,5,#N/A,Magnets,Preco
2.5224,3.469,P1454,P1454,16,Custom Shape,,NA,4,4,#N/A,Magnets,Preco
3.6053,2.4535,P1455,P1455,16,Diamond Shape,,NA,4,4,#N/A,Magnets,Preco
7.5,5.75,P1456,P1456,3,Kisscut,,Square,1,3,#N/A,Magnets,Preco
4.5,5.5,P1457,P1457,6,Rectangle,,Square,2,3,#N/A,Magnets,Preco
1.5,7.375,P1458,P0597-P1458,12,Rectangle (See also P0597),,Square,6,2,#N/A,Magnets,Preco
10,4.58,P1459,P1459,3,Text Logo Shape,,NA,1,3,#N/A,Magnets,Preco
4,5.75,P1460,P1460,6,Puzzle Shape,,NA,2,3,#N/A,Magnets,Preco
4,7,P1461,P1461,6,Picture Frame with Double Punch - Oval,Picture Frame,Round,3,2,#N/A,Magnets,Preco
2.395,3.8749,P1462,P1462,16,Ocean City Water Tower,,NA,4,4,#N/A,Magnets,Preco
3,3,P1463,P1463,15,Church Shape,,NA,3,5,#N/A,Magnets,Preco
3.31,4.37,P1464,P1464,12,Hand Shape,,NA,3,4,https://media.magnetguys.com/diecut_proof/D__P1464__3.31-x-4.37_P1464_CMD19051720_Hand-shape.jpg,Magnets,Preco
11.46,11.46,P1465,P1465,1,Circle (Custom Shape),Circle,NA,1,1,#N/A,Magnets,Preco
6.0496,4.4519,P1466,P1466,6,Flower Shape,,NA,2,3,#N/A,Magnets,Preco
5,1.4375,P1467,P1467,18,Rhomboid Rectangle Shape,,NA,6,3,#N/A,Magnets,Preco
3.5,3.125,P1468,P1468,15,Paw Pront,,NA,3,5,https://media.magnetguys.com/diecut_proof/D__P1468__3.125-x-3.5_P1468_CM41316_Paw-Shape.jpg,Magnets,Preco
5.25,2.22,P1469,P1469,12,Jeep Shape,,NA,4,3,#N/A,Magnets,Preco
3.3,4,P1470,P1470,12,Custom Shape,,NA,3,4,#N/A,Magnets,Preco
10,3.5,P1471,P1471,4,Rectangle,,Square,2,2,#N/A,Magnets,Preco
8.5,1.5,P1472,P1472,12,Rectangle,,Round,6,2,#N/A,Magnets,Preco
4.5,2,P1473,P1473,15,Septic Pump Truck,,NA,5,3,#N/A,Magnets,Preco
6.5,7.25,P1474,P1474,2,Rectangle,,Square,1,2,#N/A,Magnets,Preco
2.25,3.75,P1475,P1475,16,Rectangle,,Round,4,4,#N/A,Magnets,Preco
2.75,8.25,P1476,P1476,8,Rectangle,,Square,4,2,https://media.magnetguys.com/diecut_proof/D__P1476__2.75-x-8.25_P1476_Square-corner.jpg,Magnets,Preco
4.5,4.7,P1477,P1477,6,Picture frame-Heart,Picture Frame,NA,2,3,#N/A,Magnets,Preco
3.2702,2.4296,P1478,P1478,18,House Shape,,NA,3,6,https://media.magnetguys.com/diecut_proof/D__P1478__3.2702-x-2.4296_P1478_CMD19052930_House-Shape.jpg,Magnets,Preco
3.3517,2.5776,P1479,P1479,18,House Shape,,NA,3,6,https://media.magnetguys.com/diecut_proof/D__P1479__3.3517-x-2.5776_P1479_CMD19052930_House-Shape.jpg,Magnets,Preco
2.334,3.8227,P1480,P1480,16,Fire Extinguisher Shape,,NA,4,4,#N/A,Magnets,Preco
11,11,P1481,P1481,1,Shield Shape,,NA,1,1,#N/A,Magnets,Preco
2.5,3,P1482,P1482,20,Pineapple Shape,,NA,4,5,https://media.magnetguys.com/diecut_proof/D__P1482__2.5-x-3_P1482_CMD19052426_Pineapple-Shape.jpg,Magnets,Preco
3,3.5,P1483,P1483,15,Duck Shape,,NA,3,5,#N/A,Magnets,Preco
2,4.75,P1484,P1484,15,Rectangle,,Square,5,3,https://media.magnetguys.com/diecut_proof/D__P1484__2-x-4.75_P1484_Square-corner.jpg,Magnets,Preco
3.48,2.44,P1485,P1485,18,Health Care Shape,,NA,3,6,https://media.magnetguys.com/diecut_proof/D__P1485__3.48-x-2.44_P1485_CMD19050326_Health-Care-Shape.jpg,Magnets,Preco
5.5876,4.6691,P1486,P1486,6,Triangle Shape,,NA,2,3,#N/A,Magnets,Preco
3.5,4,P1487,P1487,12,Lamb Shaped,,NA,6,2,#N/A,Magnets,Preco
4.25,4.25,P1488,P1488,6,Shield Shape,,NA,2,3,#N/A,Magnets,Preco
2.625,2.375,P1489,P1489,24,Small Telephone Shape,,NA,4,6,https://media.magnetguys.com/diecut_proof/D__P1489__2.625-x-2.375_P1489_CMD19053121_Small-Telephone-Shape.jpg,Magnets,Preco
5.5,2.6275,P1490,P1490,12,SUV Car Shape,,NA,4,3,#N/A,Magnets,Preco
2,4.25,P1491,P1491,20,Van Shape,,NA,5,4,#N/A,Magnets,Preco
4.25,3.5,P1492,P1492,12,Rectangle,,Square,6,2,https://media.magnetguys.com/diecut_proof/D__P1492__4.25-x-3.5_P1492_Square-corner.jpg,Magnets,Preco
3.2405,2.3582,P1493,P1493,20,Joystick Shape,,NA,4,5,https://media.magnetguys.com/diecut_proof/D__P1493__3.2405-x-2.3582_P1493_CMD19060537_Joystick-Shape.jpg,Magnets,Preco
1.25,3.75,P1494,P1494,42,Band-Aid Shape,,NA,21,2,#N/A,Magnets,Preco
10.5,8.5,P1495,P1495,2,Rectangle,,Round,1,2,#N/A,Magnets,Preco
10.5,8.5,P1496,P1496,2,Rectangle,,Square,1,2,#N/A,Magnets,Preco
7.375,5,P1497,P1497,4,Picture Frame Double Punch - Oval,Picture Frame,Round,2,2,#N/A,Magnets,Preco
5.67,2.32,P1498,P1498,12,Box truck Shape,,NA,4,3,https://media.magnetguys.com/diecut_proof/D__P1498__5.67-x-2.32_P1498_CMD19060516_Box-truck-Shape.jpg,Magnets,Preco
3.5,7.5,P1499,P1499,6,Rectangle,,Square,3,2,#N/A,Magnets,Preco
5.25,3.25,P1500,P1500,10,Rectangle,,Round,2,5,#N/A,Magnets,Preco
6.75,6.75,P1501,P1501,2,Circle,Circle,NA,1,2,#N/A,Magnets,Preco
4.34,6.34,P1502,P1502,4,Healthcare Shape,,NA,2,2,#N/A,Magnets,Preco
5.5909,2.1298,P1503,P0069-P1503,14,Custome Shape - Car shape (See also P0069),,NA,2,7,#N/A,Magnets,Preco
5.7525,2.987,P1504,P1504,9,Diamond Shape,,NA,3,3,https://media.magnetguys.com/diecut_proof/D__P1504__5.7525-x-2.987_P1504_CMD19061228_Diamond-Shape.jpg,Magnets,Preco
5,7,P1505,P0513-P1505,4,House Shape (See also P0513 ),,NA,2,2,#N/A,Magnets,Preco
2.5,2.5,P1506,P1506,24,Tree Shape,,NA,4,6,#N/A,Magnets,Preco
11.875,6,P1507,P0750-P1507,1,Kiss Cut 2 x 3 Cards (See also P0750),,Square,1,1,#N/A,Magnets,Preco
5.9341,4.75,P1508,P1508,6,Custom Shape with cuting line,,NA,2,3,#N/A,Magnets,Preco
2,2.88,P1509,P1509,30,Dinner Plate Setting Shape,,NA,15,2,https://media.magnetguys.com/diecut_proof/D__P1509__2-x-2.88_P1509_CMD19061329_Dinner-Plate-Setting-Shape.jpg,Magnets,Preco
4.5,2.769,P1510,P1510,12,Bicycle Shape,,NA,3,4,https://media.magnetguys.com/diecut_proof/D__P1510__4.5-x-2.769_P1510_CMD19052913_Bicycle-Shape.jpg,Magnets,Preco
2.3311,3.8276,P1511,P1511,16,Fire Extinguisher Shape,,NA,4,4,#N/A,Magnets,Preco
6.5,3.25,P1512,P1512,6,Rectangle,,Square,3,2,https://media.magnetguys.com/diecut_proof/D__P1512__3.25-x-6.5_P1512_Square-corner.jpg,Magnets,Preco
3.5,2,P1513,P1513,25,Band-Aid Shape,,NA,5,5,#N/A,Magnets,Preco
2,3.5,P1514,P1514,25,Band-Aid Shape,,NA,5,5,#N/A,Magnets,Preco
7.201,4.6099,P1515,P1515,6,Nantucket-Island Shape,,NA,3,2,#N/A,Magnets,Preco
3,2.4558,P1516,P1516,20,Recycling Contamination Box Shape,,NA,4,5,https://media.magnetguys.com/diecut_proof/D__P1516__3-x-2.4558_P1516_CMD19062043_Recycling-Contamination-Box-Shape.jpg,Magnets,Preco
2.7852,3,P1517,P1517,15,Bag Shape,,NA,3,5,https://media.magnetguys.com/diecut_proof/D__P1517__3-x-2.7852_P1517_CMD19062043_Bag-Shape.jpg,Magnets,Preco
6.5,2.25,P1518,P1518,8,Rectangle,,Square,4,2,https://media.magnetguys.com/diecut_proof/D__P1518__6.5-x-2.25_P1518_Square-corner.jpg,Magnets,Preco
5.02,4.98,P1519,P1519,6,Text Logo Shape,,NA,2,3,#N/A,Magnets,Preco
3.5,1.25,P1520,P1520,35,Rectangle,,Square,7,5,https://media.magnetguys.com/diecut_proof/D__P1520__3.5-x-1.25_P1520_Square-corner.jpg,Magnets,Preco
8.5,5.5,P1521,P1521,4,Custom Shape,,NA,2,2,#N/A,Magnets,Preco
3.75,4.25,P1522,P1522,12,Custom Shape,,NA,3,4,#N/A,Magnets,Preco
3.5,5,P1523,P1523,9,Church Shape,,NA,3,3,#N/A,Magnets,Preco
3.25,1.5,P1524,P1524,30,Rectangle,,Round,6,5,https://media.magnetguys.com/diecut_proof/D__P1524__3.25-x-1.5_P1524_Round-corner.jpg,Magnets,Preco
5,7,P1525,P1525,4,Balloon Shape,,NA,2,2,#N/A,Magnets,Preco
1.25,2.5,P1526,P1526,42,Rectangle,,Square,7,6,#N/A,Magnets,Preco
8.75,8.75,P1527,P1527,2,Circle,Circle,NA,1,2,#N/A,Magnets,Preco
4.75,5,P1528,P1528,6,Rectangle,,Square,2,3,#N/A,Magnets,Preco
4.22,4.81,P1529,P1529,6,Pomegranate Shape,,NA,2,3,#N/A,Magnets,Preco
4.5,2,P1530,P1530,15,Van Shape,,NA,5,3,#N/A,Magnets,Preco
3.0012,2.1094,P1531,P1531,25,Grocery Bag,,NA,5,5,#N/A,Magnets,Preco
4,2.75,P1532,P1532,16,Custom Shape,,NA,4,4,#N/A,Magnets,Preco
3.5,5.25,P1533,P1533,9,Rectangle,,Square,3,3,#N/A,Magnets,Preco
1.75,9,P1534,P1534,12,Rectangle,,Round,6,2,#N/A,Magnets,Preco
2.8033,5.3688,P1535,P1535,12,Water Tower Shape,,NA,4,3,#N/A,Magnets,Preco
5.0608,2.9364,P1536,P1536,12,Water Tower Shape,,NA,4,3,#N/A,Magnets,Preco
2.6077,5.6852,P1537,P1537,12,Peachoid Water Tower,,NA,4,3,#N/A,Magnets,Preco
5.0608,2.9364,P1538,P1538,12,Water Tower Shape,,NA,4,3,#N/A,Magnets,Preco
3.79,2.01,P1539,P1539,16,Semi Circle,Circle,NA,2,8,#N/A,Magnets,Preco
3.5,5,P1540,P1540,9,Custom Shape,,NA,3,3,#N/A,Magnets,Preco
3.5,5,P1541,P1541,10,Custom Shape,,NA,2,5,#N/A,Magnets,Preco
8.88,6.5,P1542,P1542,2,Rectangle,,Round,1,2,#N/A,Magnets,Preco
5.25,11,P1543,P1543,3,Rectangle,,Square,1,3,#N/A,Magnets,Preco
11.875,2,P1544,P1544,5,Rectangle,,Square,5,1,#N/A,Magnets,Preco
3.75,4.75,P1545,P1545,8,Rectangle,,Round,2,4,#N/A,Magnets,Preco
6.5832,2.2566,P1546,P1546,-,Custom Shape,,NA,2,,#N/A,Magnets,Preco
4,3.25,P1547,P1547,15,Custom Shape,,NA,3,5,#N/A,Magnets,Preco
3.75,4.25,P1548,P1548,8,Kisscut,,Square,2,4,#N/A,Magnets,Preco
3.75,4.25,P1549,P1549,8,Kisscut,,Square,2,4,#N/A,Magnets,Preco
5,4,P1550,P1550,-,Custom Shape,,NA,4,,#N/A,Magnets,Preco
6.35,5.32,P1551,P1551,4,Helmet Shape,,NA,2,2,#N/A,Magnets,Preco
3.1179,2.8219,P1552,P1552,24,Tag Shape,,NA,4,6,https://media.magnetguys.com/diecut_proof/D__P1552__3.1179-x-2.8219_P1552_CMD19070854_Tag-Shape.jpg,Magnets,Preco
4.0237,4.438,P1553,P1553,8,Text Logo Shape,,NA,2,4,#N/A,Magnets,Preco
4,4,P1554,P1554,-,Custom Shape,,NA,4,,#N/A,Magnets,Preco
4,2,P1555,P1555,-,Custom Shape,,NA,4,,#N/A,Magnets,Preco
4,3,P1556,P1556,-,Custom Shape,,NA,4,,#N/A,Magnets,Preco
3.5,4,P1557,P1557,12,Custom Shape,,NA,3,4,#N/A,Magnets,Preco
4,3,P1558,P1558,-,Custom Shape,,NA,4,,#N/A,Magnets,Preco
4,3.25,P1559,P1559,8,Custom Shape,,NA,2,4,#N/A,Magnets,Preco
4,3.6,P1560,P1560,-,Custom Shape,,NA,4,,#N/A,Magnets,Preco
4,3.75,P1561,P1561,8,Pretzel Shape,,NA,2,4,#N/A,Magnets,Preco
4,4,P1562,P1562,-,Custom Shape,,NA,4,,#N/A,Magnets,Preco
4,3,P1563,P1563,-,Custom Shape,,NA,4,,#N/A,Magnets,Preco
5,5,P1564,P1564,6,Custom Paw Shape,,NA,2,3,#N/A,Magnets,Preco
3.64,2.15,P1565,P1565,-,Custom Shape,,NA,7,,#N/A,Magnets,Preco
5.8766,7.5139,P1566,P1566,3,Shield Shape,,NA,1,3,#N/A,Magnets,Preco
7,9,P1567,P1567,2,Rectangle,,Square,1,2,#N/A,Magnets,Preco
3.5,5,P1568,P1568,9,Custom Shape,,NA,3,3,#N/A,Magnets,Preco
7.5,5.5,P1569,P1569,4,Picture frame with round punch out,Picture Frame,Round,2,2,#N/A,Magnets,Preco
6.5,1.5,P1570,P1570,14,Text Logo Shape,,NA,7,2,#N/A,Magnets,Preco
2,2,P1571,P0334-P1571-P1599,40,Rectangle (See also P0334-P1599),,Square,20,2,https://media.magnetguys.com/diecut_proof/D__P0334-P1571-P1599__2-x-2_P0334-P1571-P1599_Square-corner.jpg,Magnets,Preco
3.75,5,P1572,P1572,8,Oval Shape,Oval,NA,4,2,#N/A,Magnets,Preco
3.5,3.5,P1573,P1573,12,Eagle Shape,,NA,3,4,https://media.magnetguys.com/diecut_proof/D__P1573__3.5-x-3.5_P1573_CMD19071824_Eagle-Shape.jpg,Magnets,Preco
4.2334,4.2192,P1574,P1574,-,Custom Shape,,NA,4,,#N/A,Magnets,Preco
4.753,5.8298,P1575,P1575,6,Cross Shape,,NA,2,3,#N/A,Magnets,Preco
11.25,11.875,P1576,P1576,1,Rectangle,,Square,1,1,#N/A,Magnets,Preco
3.8,8,P1577,P1577,4,Custom Shape Ribbon,,NA,2,2,#N/A,Magnets,Preco
2.9,3.25,P1578,P1578,20,Custom Shape,Die Cut,NA,4,5,#N/A,Magnets,Preco
5.25,8.5,P1579,P1579,3,Football Shape,,NA,1,3,#N/A,Magnets,Preco
11.25,11.25,P1580,P1580,1,Rectangle,,Square,1,1,#N/A,Magnets,Preco
9,1,P1581,P1581,14,Rectangle,,Square,7,2,https://media.magnetguys.com/diecut_proof/D__P1581__9-x-1_P1581_Square-corner.jpg,Magnets,Preco
2.5481,4.8569,P1582,P1582,-,Custom Shape,,NA,3,,#N/A,Magnets,Preco
2.6702,4.5797,P1583,P1583,-,Custom Shape,,NA,3,,#N/A,Magnets,Preco
2.3711,5.1425,P1584,P1584,-,Custom Shape,,NA,3,,#N/A,Magnets,Preco
2.6968,4.5756,P1585,P1585,-,Custom Shape,,NA,3,,#N/A,Magnets,Preco
5.125,8.25,P1586,P1586,4,Rectangle,,Round,2,2,#N/A,Magnets,Preco
3.5,1.88,P1587,P1587,25,Oval,Oval,NA,5,5,#N/A,Magnets,Preco
3.28,2.07,P1588,P1588,24,Cow Shape,,NA,3,8,https://media.magnetguys.com/diecut_proof/D__P1588__3.28-x-2.07_P1588_CMD19071635_Cow-Shape.jpg,Magnets,Preco
4.215,2.7113,P1589,P1589,-,Custom Shape,,NA,5,,#N/A,Magnets,Preco
2.25,2,P1590,P1590,32,Square corner,,Square,16,2,https://media.magnetguys.com/diecut_proof/D__P1590__2.25-x-2_P1590_Square-corner.jpg,Magnets,Preco
3.5,4,P1591,P1591,8,House Shape,,NA,2,4,#N/A,Magnets,Preco
2.75,1.25,P1592,P1592,42,Rectangle,,Square,21,2,#N/A,Magnets,Preco
3.3586,4.26,P1593,P1593,12,Healthcare Shape,,NA,3,4,#N/A,Magnets,Preco
9,9,P1594,P1594,2,Circle,Circle,NA,1,2,#N/A,Magnets,Preco
4.1332,4.25,P1595,P1595,-,Custom Shape,,NA,4,,#N/A,Magnets,Preco
4.0326,4.1742,P1596,P1596,-,Custom Shape,,NA,4,,#N/A,Magnets,Preco
2,2,P1597,P0198-P1597-P1598,40,Extra 2x2-Round Corner (P0198-P1598),,Round,20,2,https://media.magnetguys.com/diecut_proof/D__P0198-P1597-P1598__2-x-2_P0198-P1597-P1598_Round-corner.jpg,Magnets,Preco
2,2,P1598,P0198-P1597-P1598,40,Extra 2x2-Round Corner (P0198-P1597),,Round,20,2,https://media.magnetguys.com/diecut_proof/D__P0198-P1597-P1598__2-x-2_P0198-P1597-P1598_Round-corner.jpg,Magnets,Preco
2,2,P1599,P0334-P1571-P1599,40,Extra 2x2-Sqaure Corner (P0334-P1571),,Square,20,2,https://media.magnetguys.com/diecut_proof/D__P0334-P1571-P1599__2-x-2_P0334-P1571-P1599_Square-corner.jpg,Magnets,Preco
4.5,4.5,P1600,P1600,6,Rectangle,Square,Square,2,3,#N/A,Magnets,Preco
5.1684,2.9903,P1601,P1601,10,Dolphin Shape,,NA,2,5,https://media.magnetguys.com/diecut_proof/D__P1601__5.1684-x-2.9903_P1601_CMD19073151_Dolphin-Shape.jpg,Magnets,Preco
10.5,6,P1602,P1602,3,Rectangle,,Round,1,3,#N/A,Magnets,Preco
7,8.5,P1603,P1603,2,Rectangle,,Square,1,2,#N/A,Magnets,Preco
4.6085,5.1294,P1604,P1604,6,Text Logo Shape,,NA,2,3,#N/A,Magnets,Preco
3.5,2.5,P1605,P1605,18,Rectangle,,Round,3,6,#N/A,Magnets,Preco
6,4,P1606,P1606,-,Custom Shape,,NA,3,,#N/A,Magnets,Preco
5.125,8.25,P1607,P1607,4,Rectangle,,Square,2,2,#N/A,Magnets,Preco
2.5,2.5,P1608,P1608,24,Apple Shape,,NA,4,6,#N/A,Magnets,Preco
6.25,8,P1609,P1609,-,Custom Shape,,NA,2,,#N/A,Magnets,Preco
5.75,2.69,P1610,P1610,12,Van Shape,,NA,4,3,https://media.magnetguys.com/diecut_proof/D__P1610__5.75-x-2.6902_P1610_CMD19071628_Van-Shape.jpg,Magnets,Preco
4.95,5.5,P1611,P1611,-,Custom Shape,,NA,3,,#N/A,Magnets,Preco
3.43,2.43,P1612,P1612,18,House,,NA,3,6,https://media.magnetguys.com/diecut_proof/D__P1612__3.43-x-2.43_P1612_CMD19080721_House-Shape.jpg,Magnets,Preco
1.76,2.78,P1613,P1613,25,Man Shape,,NA,5,5,https://media.magnetguys.com/diecut_proof/D__P1613__1.76-x-2.78_P1613_CMD19072907_Man-Shape.jpg,Magnets,Preco
4.98,3.07,P1614,P1614,10,Custom Shape - Bear,,NA,2,5,https://media.magnetguys.com/diecut_proof/D__P1614__4.9802-x-3.0704_P1614_CMD19073027_Bear.jpg,Magnets,Preco
5.5738,2.0667,P1615,P1615,12,Pennant Shape,,NA,4,3,https://media.magnetguys.com/diecut_proof/D__P1615__5.5738-x-2.0667_P1615_CMD19073014_Pennant-Shape.jpg,Magnets,Preco
3,3.375,P1616,P1616,15,Piano Shape,,NA,3,5,https://media.magnetguys.com/diecut_proof/D__P1616__3-x-3.375_P1616_CMD19080310_Piano-Shape.jpg,Magnets,Preco
7.25,10.25,P1617,P1617,2,Rectangle,,Round,1,2,#N/A,Magnets,Preco
2.3,3,P1618,P1618,20,Clover / Shamrock Shape,Shaped,NA,4,5,#N/A,Magnets,Preco
5.75,8.75,P1619,P1619,3,Rectangle,,Round,1,3,#N/A,Magnets,Preco
3.75,2,P1620,P1620,20,Heart Mag Tag,,NA,10,2,#N/A,Magnets,Preco
2.88,2.75,P1621,P1621,20,Teddy Bear Shape,,NA,4,5,#N/A,Magnets,Preco
3.75,5.5,P1622,P1622,9,Indiana Shape,,NA,3,3,#N/A,Magnets,Preco
6.7071,6.9711,P1623,P1623,-,Custom Shape,,NA,2,,#N/A,Magnets,Preco
2.12,3.375,P1624,P1624,20,Rectangle,,Square,4,5,#N/A,Magnets,Preco
6.2486,4.2412,P1625,P1625,-,Custom Shape,,NA,2,,#N/A,Magnets,Preco
4.5764,2.9421,P1626,P1626,-,Custom Shape,,NA,5,,#N/A,Magnets,Preco
3.75,4.5,P1627,P1627,8,Picture frame with Square punch out,Picture Frame,Square,2,4,#N/A,Magnets,Preco
2.8735,3.3924,P1628,P1628,15,Shield Shape,,NA,3,5,https://media.magnetguys.com/diecut_proof/D__P1628__2.8735-x-3.3924_P1628_CMD19073132_Shield-shape.jpg,Magnets,Preco
2.6407,1.8662,P1629,P1629,36,Bull Shape,,NA,4,9,https://media.magnetguys.com/diecut_proof/D__P1629__2.6407-x-1.8662_P1629_CMD19061129_Bull-Shape.jpg,Magnets,Preco
2.125,3.375,P1630,P1630,20,Rectangle,,Square,4,5,#N/A,Magnets,Preco
6.6676,6.1363,P1631,P1631,3,Custom Shape,,NA,1,3,#N/A,Magnets,Preco
10,1.5,P1632,P1632,6,Rectangle,,Round,6,1,#N/A,Magnets,Preco
7.1089,4.583,P1633,P1633,-,Custom Shape,,NA,2,,#N/A,Magnets,Preco
11.68,0.73,P1634,P1634,11,Custom Shape,,Round,11,1,#N/A,Magnets,Preco
3.75,10,P1635,P1635,4,Rectangle,,Round,1,4,#N/A,Magnets,Preco
10,2.5,P1636,P1636,6,Rectangle,,Square,3,2,#N/A,Magnets,Preco
3.4001,2.3478,P1637,P1637,-,Custom Shape,,NA,7,,#N/A,Magnets,Preco
4.1414,3.6411,P1638,P1638,-,Custom Shape,,NA,3,,#N/A,Magnets,Preco
5.24,5.22,P1639,P1639,-,Custom Shape,,NA,3,,#N/A,Magnets,Preco
6.75,5,P1640,P1640,3,"Custom ""M"" Shape",,NA,1,3,#N/A,Magnets,Preco
2.375,2.5,P1641,P1641,36,Triangle,,NA,6,6,#N/A,Magnets,Preco
4.5854,2.1467,P1642,P1642,-,Custom Shape,,NA,3,,#N/A,Magnets,Preco
4.2677,5.5436,P1643,P1643,-,Custom Shape,,NA,3,,#N/A,Magnets,Preco
4.2212,1.8806,P1644,P1644,-,Custom Shape,,NA,3,,#N/A,Magnets,Preco
4.7967,3.7398,P1645,P1645,-,Custom Shape,,NA,3,,#N/A,Magnets,Preco
3.3,4,P1646,P1646,-,Custom Shape,,NA,4,,#N/A,Magnets,Preco
3,10,P1647,P1647,5,Rectangle,,Round,1,5,https://media.magnetguys.com/diecut_proof/D__P1647__10-x-3_P1647_Round-corner.jpg,Magnets,Preco
2.5,3,P1648,P1648,18,Puzzle Shape,,NA,9,2,#N/A,Magnets,Preco
6,4,P1649,P1649,-,Custom Shape,,NA,3,,#N/A,Magnets,Preco
4,4.625,P1650,P1650,8,Teddy Bear,Shaped,NA,4,2,#N/A,Magnets,Preco
4,4,P1651,P1651,-,Custom Shape,,NA,3,,#N/A,Magnets,Preco
2,8.5,P1652,P1652,10,Rectangle,,Square,5,2,#N/A,Magnets,Preco
4.5,5.5,P1653,P1653,6,Custom Shape,,NA,2,3,#N/A,Magnets,Preco
11.65,1.41,P1654,P1654,-,Custom Shape,,NA,1,,#N/A,Magnets,Preco
4,5,P1655,P1655,-,Custom Shape,,NA,3,,#N/A,Magnets,Preco
6.3458,3.2337,P1656,P1656,-,Custom Shape,,NA,2,,#N/A,Magnets,Preco
6.3993,4.3258,P1657,P1657,-,Custom Shape,,NA,,,#N/A,Magnets,Preco
7.5625,5,P1658,P1658,-,Custom Shape,,NA,2,,#N/A,Magnets,Preco
5,4.5,P1659,P1659,6,Shield Shape,,NA,2,3,#N/A,Magnets,Preco
6.58,2.72,P1660,P1660,-,Custom Shape,,NA,2,,#N/A,Magnets,Preco
5.5,5.5,P1661,P1661,-,Custom Shape,,NA,3,,#N/A,Magnets,Preco
3.514,3.8709,P1662,P1662,-,Custom Shape,,NA,3,,#N/A,Magnets,Preco
7.91,5.28,P1663,P1663,-,Custom Shape,,NA,2,,#N/A,Magnets,Preco
3.4001,2.347,P1664,P1664,-,Custom Shape,,NA,7,,#N/A,Magnets,Preco
5.5383,6.1261,P1665,P1665,-,Custom Shape,,NA,3,,#N/A,Magnets,Preco
2.2201,2.231,P1666,P1666,-,Custom Shape,,NA,7,,#N/A,Magnets,Preco
4,6.375,P1667,P1667,-,Custom Shape,,NA,2,,#N/A,Magnets,Preco
8.9573,3.1099,P1668,P1668,6,Custom Shape,,NA,3,2,#N/A,Magnets,Preco
5.8135,4.6692,P1669,P1669,6,Shield Shape,,NA,2,3,#N/A,Magnets,Preco
3,3,P1670,P1670,15,Custom Shape,,Square,3,5,#N/A,Magnets,Preco
3.9035,1.5873,P1671,P1671,24,Van Shape,,NA,6,4,https://media.magnetguys.com/diecut_proof/D__P1671__3.9035-x-1.5873_P1671_CMD19090415_Van-Shape.jpg,Magnets,Preco
4.9677,1.4617,P1672,P1672,-,Custom Shape,,NA,3,,#N/A,Magnets,Preco
3.125,3,P1673,P1673,15,Star Shape,,NA,3,5,https://media.magnetguys.com/diecut_proof/D__P1673__3-x-3.125_P1673_CM21204_Star-Shape.jpg,Magnets,Preco
6.25,9.5,P1674,P1674,-,triangle shape,,NA,2,,#N/A,Magnets,Preco
7,2.25,P1675,P1675,8,Rectangle,,Square,4,2,https://media.magnetguys.com/diecut_proof/D__P1675__7-x-2.25_P1675_Square-corner.jpg,Magnets,Preco
3,3,P1676,P1676,15,Custom Shape,,Square,3,5,#N/A,Magnets,Preco
4.2674,1.6688,P1677,P1677,24,Truck Shape,,NA,6,4,https://media.magnetguys.com/diecut_proof/D__P1677__4.2674-x-1.6688_P1677_CMD19091032_Truck-shape.jpg,Magnets,Preco
1.25,3,P1678,P1678,35,Square corner,,Square,7,5,#N/A,Magnets,Preco
2,2,P1679,P1679,-,Custom X Shape,,NA,7,,#N/A,Magnets,Preco
2.25,2.5,P1680,P1680,42,Triangle Shape,,NA,6,7,#N/A,Magnets,Preco
4.26,3.3586,P1681,P1681,-,Custom Shape,,NA,4,,#N/A,Magnets,Preco
2.9821,2.296,P1682,P1682,21,Burger Shape,,NA,3,7,https://media.magnetguys.com/diecut_proof/D__P1682__2.9821-x-2.296_P1682_CMD19091707_Burger-Shape.jpg,Magnets,Preco
7.2068,2.2145,P1683,P1683,7,Custom Shape,,NA,1,7,https://media.magnetguys.com/diecut_proof/D__P1683__7.2068-x--2.2145_P1683_CMD19091231_Custom-Shape.jpg,Magnets,Preco
5.0042,5.5031,P1684,P1684,-,Custom Shape,,NA,3,,#N/A,Magnets,Preco
7.0959,5.7815,P1685,P1685,3,Helmet Shape,,NA,1,3,#N/A,Magnets,Preco
6,4.25,P1686,P1686,6,Square corner,,Square,2,3,#N/A,Magnets,Preco
2,1.68,P1687,P1687,40,Tooth Shape,,NA,20,2,#N/A,Magnets,Preco
11.6367,1.4017,P1688,P1688,-,Custom Shape,,NA,1,,#N/A,Magnets,Preco
4.75,2.213,P1689,P1689,12,Custom Shape,,NA,4,3,#N/A,Magnets,Preco
3.7423,6,P1690,P1690,-,Custom Shape,,NA,2,,#N/A,Magnets,Preco
4.6408,1.926,P1691,P1691,-,Custom Shape,,NA,7,,#N/A,Magnets,Preco
4.1439,5,P1692,P1692,6,Custom Shape,,NA,2,3,#N/A,Magnets,Preco
9,4,P1693,P1693,-,Custom Shape,,NA,2,,#N/A,Magnets,Preco
4,7,P1694,P1694,-,Rectangle,,Round,3,,#N/A,Magnets,Preco
2.437,1.75,P1695,P1695,30,Window Sahpe,,NA,15,2,#N/A,Magnets,Preco
3.53,3.36,P1696,P1696,12,Star Shape,,NA,3,4,https://media.magnetguys.com/diecut_proof/D__P1696__3.53-x-3.36_P1696_CMD19092016_Star-Shape.jpg,Magnets,Preco
4.5,5.5,P1697,P1697,6,Custom Shape,,NA,2,3,#N/A,Magnets,Preco
3.38,3.44,P1698,P1698,15,Custom Shape,,NA,3,5,https://media.magnetguys.com/diecut_proof/D__P1698__3.38--x-3.44_P1698_CMD19091915_Custom-Shape.jpg,Magnets,Preco
3.44,1.41,P1699,P1699,24,Custom Lip Shape,,NA,6,4,https://media.magnetguys.com/diecut_proof/D__P1699__3.44-x-1.41_P1699_CMD19092334_Custom-Lip-Shape.jpg,Magnets,Preco
7.89,4.55,P1700,P1700,6,Shoe Shape,,NA,3,2,#N/A,Magnets,Preco
5,6,P1701,P1701,-,Custom Sheild,,NA,,,#N/A,Magnets,Preco
2,1.75,P1702,P1702,45,Rectangle,,Square,5,9,#N/A,Magnets,Preco
4.5029,3.0637,P1703,P1703,-,Custom Shape,,NA,3,,#N/A,Magnets,Preco
6,6.32,P1704,P1704,-,Custom Shape,,NA,2,,#N/A,Magnets,Preco
7.5,5.5,P1705,P1705,3,Picture Frame -House,Picture Frame,NA,1,3,#N/A,Magnets,Preco
2.4343,3.6219,P1706,P1706,20,Duck Shape,,NA,4,5,https://media.magnetguys.com/diecut_proof/D__P1706__2.4343-x-3.6219_P1706_CMD19100360_Duck-Shape.jpg,Magnets,Preco
4,7,P1707,P1707,6,Top Circle Shape,Circle,NA,3,2,#N/A,Magnets,Preco
3.5,1.75,P1708,P1708,35,Key Shape,,NA,7,5,https://media.magnetguys.com/diecut_proof/D__P1708__3.5-x-1.75_P1708_Key-Shape.jpg,Magnets,Preco
4.37,1.75,P1709,P1709,20,Truck Shape,,NA,5,4,#N/A,Magnets,Preco
9.5,6.5,P1710,P1710,2,Rectangle,,Square,1,2,#N/A,Magnets,Preco
5,4,P1711,P1711,6,Custom Shape,,NA,2,3,#N/A,Magnets,Preco
4.1032,5.7796,P1712,P1712,6,Custom Shape,,NA,2,3,#N/A,Magnets,Preco
2.5,2.5,P1713,P1713,-,Custom Shape,,NA,2,,#N/A,Magnets,Preco
8,2.5,P1714,P1714,-,Kiss cut,,NA,2,,#N/A,Magnets,Preco
5,5,P1715,P1715,-,Custom Shape - Star,,NA,3,,#N/A,Magnets,Preco
3.625,2,P1716,P1716,20,Shoe Shape,,NA,5,4,#N/A,Magnets,Preco
4.1634,2.6834,P1717,P1717,-,Custom Shape,,NA,,,#N/A,Magnets,Preco
3.8553,2.3183,P1718,P1718,16,Bear Shape,,NA,4,4,#N/A,Magnets,Preco
4.18,4.17,P1719,P1719,6,Star Shape,,NA,2,3,#N/A,Magnets,Preco
5.7741,5.7217,P1720,P1720,-,Custom Shape,,NA,3,,#N/A,Magnets,Preco
2.9514,3.2846,P1721,P1721,15,Diamond Shape,,NA,3,5,https://media.magnetguys.com/diecut_proof/D__P1721__2.9514-x-3.2846_P1721_CMD19101447_Diamond-Shape-e.jpg,Magnets,Preco
4,7,P1722,P1722,-,Rectangle,,Round,2,,#N/A,Magnets,Preco
6,4,P1723,P1723,4,W-Text Logo Shape,,NA,2,2,#N/A,Magnets,Preco
3.5893,3.5,P1724,P1724,-,Custom Shape,,NA,4,,#N/A,Magnets,Preco
2.366,1.9822,P1725,P1725,-,Custom Shape,,NA,7,,#N/A,Magnets,Preco
6,6,P1726,P1726,4,Star Shape,,NA,2,2,#N/A,Magnets,Preco
3.125,9,P1727,P1727,6,Rectangle,,Round,3,2,#N/A,Magnets,Preco
3.301,3.3077,P1728,P1728,-,Custom Shape,,NA,5,,#N/A,Magnets,Preco
2.25,3.25,P1729,P1729,21,Rectangle,,Square,3,7,https://media.magnetguys.com/diecut_proof/D__P1729__3.25-x-2.25_P1729_square-corner_template.jpg,Magnets,Preco
5.5,10,P1730,P1730,3,Rectangle,,Square,1,3,#N/A,Magnets,Preco
1,3.5,P1731,P1731,36,Car Shape,Shaped,NA,9,4,#N/A,Magnets,Preco
10.5,5.5,P1732,P1732,3,Rectangle,,Square,1,3,#N/A,Magnets,Preco
3.2808,2.9393,P1733,P1733,-,Custom Shape,,NA,5,,#N/A,Magnets,Preco
2.81,1.25,P1734,P1734,42,Oval Shape,Oval,NA,7,6,#N/A,Magnets,Preco
5,4.76,P1735,P1735,6,Custom Shape,,NA,2,3,#N/A,Magnets,Preco
6,4,P1736,P1736,-,Custom Shape,,NA,2,,#N/A,Magnets,Preco
6,4,P1737,P1737,-,Custom Shape,,NA,2,,#N/A,Magnets,Preco
1.75,2.75,P1738,P1738,30,House with Chimney-Left,,NA,5,6,#N/A,Magnets,Preco
3,4.75,P1739,P1739,10,Rectangle,,Round,2,5,https://media.magnetguys.com/diecut_proof/D__P1739__3-x-4.75_P1739_Round-corner.jpg,Magnets,Preco
7.13,2.6058,P1740,P1740,-,Custom Shape,,NA,2,,#N/A,Magnets,Preco
2.75,4.7,P1741,P1741,-,Custom Shape,,NA,3,,#N/A,Magnets,Preco
2.99,3,P1742,P1742,-,Custom Shape,,NA,5,,#N/A,Magnets,Preco
8,7.9375,P1743,P1743,-,Custom Shape,,NA,2,,#N/A,Magnets,Preco
6.25,4.8125,P1744,P1744,4,Rectangle,,Round,2,2,#N/A,Magnets,Preco
4.31,4.7,P1745,P1745,-,Custom Shape,,NA,3,,#N/A,Magnets,Preco
3,2.98,P1746,P1746,-,Custom Shape,,NA,5,,#N/A,Magnets,Preco
4.78,5,P1747,P1747,-,Custom Shape,,NA,3,,#N/A,Magnets,Preco
6.56,5.63,P1748,P1748,-,Custom Shape,,NA,3,,#N/A,Magnets,Preco
2.9036,3.6778,P1749,P1749,-,Custom Shape,,NA,3,,#N/A,Magnets,Preco
7,11,P1750,P1750,2,Rectangle,,Round,1,2,#N/A,Magnets,Preco
4.6313,4.9782,P1751,P1751,6,Custom Shape,,NA,2,3,#N/A,Magnets,Preco
2.4137,2.4516,P1752,P1752,-,Custom Shape,,NA,5,,#N/A,Magnets,Preco
8.75,6,P1753,P1753,3,Rectangle,,Square,1,3,#N/A,Magnets,Preco
4.17,4.16,P1754,P1754,8,Shield Shape,,NA,2,4,#N/A,Magnets,Preco
5.1722,5.2611,P1755,P1755,6,Flower Shape,,NA,2,3,#N/A,Magnets,Preco
11.6367,1.4017,P1756,P1756,-,Custom Shape,,NA,1,,#N/A,Magnets,Preco
10,10,P1757,P1757,1,Custom Circle,Circle,NA,1,1,#N/A,Magnets,Preco
11,11,P1758,P1758,1,Custom Circle,Circle,NA,1,1,#N/A,Magnets,Preco
4.25,4.1875,P1759,P1759,-,Custom Shape,,NA,3,,#N/A,Magnets,Preco
4.9375,4.833,P1760,P1760,-,Custom Shape,,NA,3,,#N/A,Magnets,Preco
4.8839,2.7485,P1761,P1761,14,Truck Shape,,NA,2,7,#N/A,Magnets,Preco
4.6297,3.8349,P1762,P1762,-,Custom Shape,,NA,3,,#N/A,Magnets,Preco
1.9832,2.4933,P1763,P1763,30,Barrel Shape,,NA,5,6,https://media.magnetguys.com/diecut_proof/D__P1763__1.9832-x-2.4933_P1763_CMD19102109_Barrel-Shape.jpg,Magnets,Preco
3.1253,2.9439,P1764,P1764,-,Custom Shape,,NA,5,,#N/A,Magnets,Preco
2,1.75,P1765,P1765,45,Tree Shape,,NA,5,9,#N/A,Magnets,Preco
4.5,1.87,P1766,P1766,15,Van - One Row,,NA,5,3,https://media.magnetguys.com/diecut_proof/D__P1766__4.5-x-1.87_P1766_CMD18062034_Van.jpg,Magnets,Preco
1.6134,2.2931,P1767,P1767,-,Custom Shape,,NA,7,,#N/A,Magnets,Preco
2.0223,1.8736,P1768,P1768,35,Custom A Shape,,NA,5,7,https://media.magnetguys.com/diecut_proof/D__P1768__2.0223-x-1.8736_P1768_CMD19110426_Custom-A-Shape.jpg,Magnets,Preco
2.3951,1.658,P1769,P1769,36,Custom Shape,,NA,4,9,#N/A,Magnets,Preco
1.8836,1.8831,P1770,P1770,35,Wildcat Face Shape,Shaped,NA,5,7,https://media.magnetguys.com/diecut_proof/D__P1770__1.8836-x-1.8831_P1770_CMD19110426_Wildcat-Face-Shape.jpg,Magnets,Preco
2.37,2.75,P1771,P1771,24,Shirt Shaped,Shaped,NA,4,6,#N/A,Magnets,Preco
5.25,5.25,P1772,P1772,-,Custom Shape (Paw Shape),,NA,3,,#N/A,Magnets,Preco
4.25,3.25,P1773,P1773,12,Rectangle,,Square,6,2,https://media.magnetguys.com/diecut_proof/D__P1773__3.25-x-4.25_P1773_Square-corner.jpg,Magnets,Preco
1.75,1.75,P1774,P1774,45,Rectangle,,Square,5,9,#N/A,Magnets,Preco
6,4,P1775,P1775,9,Pennant Shape,,NA,3,3,#N/A,Magnets,Preco
1.2233,2.8581,P1776,P1776,-,Custom Shape,,NA,7,,#N/A,Magnets,Preco
3.1212,3.1551,P1777,P1777,-,Custom Shape,,NA,5,,#N/A,Magnets,Preco
3.75,4.5,P1778,P1778,8,Truck Shape,,NA,2,4,#N/A,Magnets,Preco
4.799,1.5,P1779,P1779,-,Custom Shape,,NA,3,,#N/A,Magnets,Preco
5.75,5.75,P1780,P1780,3,Rectangle,,Round,1,3,#N/A,Magnets,Preco
3,3.21,P1781,P1781,-,Custom Shape,,NA,5,,#N/A,Magnets,Preco
3.5,6.5,P1782,P1782,6,Rectangle,,Round,3,2,#N/A,Magnets,Preco
5.3423,2.2327,P1783,P1783,14,Van Shape,,NA,2,7,#N/A,Magnets,Preco
6,4,P1784,P1784,2,Rectangle - 6 x 4 - 4 x 4 - Round&Square,,Round&Square,1,2,#N/A,Magnets,Preco
1.5,1.5,P1785,P1785,60,Circle,Circle,NA,12,5,#N/A,Magnets,Preco
2.75,5.25,P1786,P1786,12,Rectangle,,Square,6,2,https://media.magnetguys.com/diecut_proof/D__P1786__5.25-x-2.75_P1786_Square-corner.jpg,Magnets,Preco
8.8618,4,P1787,P1787,-,Custom Shape,,NA,2,,#N/A,Magnets,Preco
9.7053,2.4617,P1788,P1788,-,Custom Shape,,NA,5,,#N/A,Magnets,Preco
3.5221,4.3709,P1789,P1789,-,Custom Shape,,NA,3,,#N/A,Magnets,Preco
4,2.25,P1790,P1790,16,Rectangle,,Square,8,2,https://media.magnetguys.com/diecut_proof/D__P1790__2.25-x-4_P1790_Square-corner.jpg,Magnets,Preco
7,2,P1791,P1791,10,Rectangle,,Square,5,2,https://media.magnetguys.com/diecut_proof/D__P1791__7-x-2_P1791_Square-corner.jpg,Magnets,Preco
6.9577,3.7582,P1792,P1792,-,Custom Shape,,NA,2,,#N/A,Magnets,Preco
6.95,5.69,P1793,P1793,-,Custom Shape,,NA,3,,#N/A,Magnets,Preco
3.9597,4.4131,P1794,P1794,6,Christmas Ornament Shape,,NA,2,3,#N/A,Magnets,Preco
2.9158,2.5352,P1795,P1795,15,Custom Shape,,NA,3,5,https://media.magnetguys.com/diecut_proof/D__P1795__2.9158-x-2.5352_P1795_CMD19111438_Custom-Shape.jpg,Magnets,Preco
4.9884,4.991,P1796,P1796,-,Custom Shape,,NA,3,,#N/A,Magnets,Preco
4.5192,7.2589,P1797,P1797,4,Stainless Steel barrel shaped,,NA,2,2,#N/A,Magnets,Preco
2.75,4,P1798,P1798,-,Custom Shape,,NA,2,,#N/A,Magnets,Preco
5.75,8.75,P1799,P1799,3,Kiss Cut,,NA,1,3,#N/A,Magnets,Preco
2.5516,4.4291,P1800,P1800,12,Bottle Shape,,NA,4,3,#N/A,Magnets,Preco
6.5865,4.2031,P1801,P1801,-,Custom Shape,,NA,2,,#N/A,Magnets,Preco
3.25,4.675,P1802,P1802,-,Custom Shape,,NA,3,,#N/A,Magnets,Preco
4,2.5,P1803,P1803,12,Custom Shape (Tractor Shape),,NA,3,4,https://media.magnetguys.com/diecut_proof/D__P1803__4-x-2.5_P1803_CMD19092627_Tractor-shape.jpg,Magnets,Preco
5,9.5,P1804,P1804,3,Rectangle,,Round,1,3,#N/A,Magnets,Preco
5.75,8.5,P1805,P1805,3,Rectangle,,Square,1,3,#N/A,Magnets,Preco
3.375,3.875,P1806,P1806,12,Rectangle (Custom),,Round,6,2,#N/A,Magnets,Preco
4,4,P1807,P1807,8,Heart Shape,,NA,4,2,#N/A,Magnets,Preco
4,3,P1808,P1808,-,Custom Shape,,NA,5,,#N/A,Magnets,Preco
2.81,5.18,P1809,P1809,12,Key Shape,,NA,4,3,#N/A,Magnets,Preco
3.75,5.75,P1810,P1810,6,Rectangle,,Square,3,2,#N/A,Magnets,Preco
4.25,5.25,P1811,P0873-P1811,8,Rectangle (See also P0873),,Square,4,2,#N/A,Magnets,Preco
5.4,6.2,P1812,P1812,-,Custom Shape,,NA,2,,#N/A,Magnets,Preco
3.13,2.19,P1813,P1813,20,Custom Shape,Shaped,NA,4,5,#N/A,Magnets,Preco
3.62,1.62,P1814,P1814,24,Truck Shaped,,NA,6,4,#N/A,Magnets,Preco
6,4,P1815,P1815,8,Flame Shape,,NA,2,4,#N/A,Magnets,Preco
3.5,4.5,P1816,P1816,9,Picture Frame with Round punch out,Picture Frame,Round,3,3,#N/A,Magnets,Preco
8.792,4.4941,P1817,P1817,3,Eye Glasses Shape,,NA,1,3,#N/A,Magnets,Preco
4.9747,6.5548,P1818,P1818,6,Custom Shape,,NA,2,3,#N/A,Magnets,Preco
4.4197,2.9849,P1819,P1819,9,Powertrain Auto Trans Shape,,NA,3,3,https://media.magnetguys.com/diecut_proof/D__P1819__4.4197-x-2.9849_P1819_CMD19121041_Powertrain-Auto-Trans-Shape.jpg,Magnets,Preco
11.875,1.5,P1820,P1820,6,Square Corners,,Square,6,1,#N/A,Magnets,Preco
3.5,6.5,P1821,P1821,4,Custom Shape,,NA,2,2,#N/A,Magnets,Preco
3,2,P1822,P1822,25,Custom Shape (Bandage Shape),,NA,5,5,#N/A,Magnets,Preco
8,2.5,P1823,P1823,-,Kiss Cut,,NA,2,,#N/A,Magnets,Preco
8,2.5,P1824,P1824,-,Kiss Cut,,NA,2,,#N/A,Magnets,Preco
11.5,10,P1825,P1825,1,Rectangle,,Round,1,1,#N/A,Magnets,Preco
3.897,1.5978,P1826,P1826,24,Custom Van,,NA,6,4,https://media.magnetguys.com/diecut_proof/D__P1826__3.897-x-1.5978_P1826_CMD19121115_Custom-Van.jpg,Magnets,Preco
8,8,P1827,P1827,2,Turtle Shape,,NA,1,2,#N/A,Magnets,Preco
6.4281,6.476,P1828,P1828,4,Top triangle and square bottom shape,,NA,2,2,#N/A,Magnets,Preco
3.75,4.38,P1829,P1829,-,Custom Shape,,NA,2,,#N/A,Magnets,Preco
3,5,P1830,P1830,15,Triangle Shape,,NA,5,3,#N/A,Magnets,Preco
5,7.25,P1831,P1831,4,Rectangle,,Round,2,2,#N/A,Magnets,Preco
4,1.53,P1832,P1832,-,Custom Shape,,NA,3,,#N/A,Magnets,Preco
4.28,6.39,P1833,P1833,4,Tooth Shape,,NA,2,2,#N/A,Magnets,Preco
8.9942,4.5975,P1834,P1834,3,Eye Glasses Shape,,NA,1,3,#N/A,Magnets,Preco
3.5,5,P1835,P1835,10,Circle Top,Die Cut,Round,2,5,#N/A,Magnets,Preco
5.5,8.5,P1836,P1836,-,Kiss Cut,Kisscut,NA,2,,#N/A,Magnets,Preco
3.5,2.5,P1837,P1837,21,House with Chimney - Left,Shaped,NA,3,7,#N/A,Magnets,Preco
6.5,7.41,P1838,P1838,-,Custom Shape,,NA,2,,#N/A,Magnets,Preco
9.25,4.1752,P1839,P1839,-,Custom Shape,,NA,3,,#N/A,Magnets,Preco
7.375,5,P1840,P1840,4,Picture Frame - Square (See also P0400),Picture Frame,Square,2,2,#N/A,Magnets,Preco
1.3994,3.4396,P1841,P1841,-,Custom Shape,,NA,11,,#N/A,Magnets,Preco
4,1,P1842,P1842,36,Rectangle,Square,Square,18,2,#N/A,Magnets,Preco
3,2.45,P1843,P1843,20,Flat Screen Computer Shape,,NA,4,5,#N/A,Magnets,Preco
5.95,4.21,P1844,P1844,6,Square Corner,Square,Square,3,2,#N/A,Magnets,Preco
3.12,1.81,P1845,P1845,30,One Shape,,NA,6,5,https://media.magnetguys.com/diecut_proof/D__P1845__1.81-x-3.12_P1845_One-Shape.jpg,Magnets,Preco
3.5,2,P1846,P1846,25,Car shape,,NA,5,5,#N/A,Magnets,Preco
2,8.5,P1847,P1847,10,Rectangle,Round,Round,5,2,https://media.magnetguys.com/diecut_proof/D__P1847__8.5-x-2_P1847_Round-corner.jpg,Magnets,Preco
5.7345,5.8814,P1848,P1848,4,Shield Shape,,NA,2,2,#N/A,Magnets,Preco
5,4.5,P1849,P1849,-,Custom Shape,,NA,3,,#N/A,Magnets,Preco
3.862,8.4043,P1850,P1850,4,Custom Shape,,NA,2,2,#N/A,Magnets,Preco
3.5,7.5,P1851,P1851,6,Feeding Bottle Shape,,NA,3,2,#N/A,Magnets,Preco
6,3.8,P1852,P1852,-,Custom Shape,,NA,2,,#N/A,Magnets,Preco
2.5,2.5,P1853,P1853,24,Chicken hub Cover,,NA,4,6,https://media.magnetguys.com/diecut_proof/D__P1853__2.5-x-2.5_P1853_CMD20010735_Chicken-hub-Cover.jpg,Magnets,Preco
5.61,4.98,P1854,P1854,-,Custom Shape,,NA,3,,#N/A,Magnets,Preco
6.147,4.312,P1855,P1855,-,Custom Shape,,NA,2,,#N/A,Magnets,Preco
3.55,6.91,P1856,P1856,-,Custom Shape,,NA,2,,#N/A,Magnets,Preco
5.6495,8.0295,P1857,P1857,-,Custom Shape,,NA,2,,#N/A,Magnets,Preco
3.25,2.5,P1858,P1858,-,Custom Shape,,NA,5,,#N/A,Magnets,Preco
11.875,8.8783,P1859,P1859,1,Helmets Shape,,NA,1,1,#N/A,Magnets,Preco
9.5,7.5,P1860,P1860,2,Rectangle,Round,Round,1,2,#N/A,Magnets,Preco
8.5213,3.5465,P1861,P1861,6,Lips Shape,,NA,3,2,#N/A,Magnets,Preco
3.4614,2.3738,P1862,P1862,-,Custom Shape,,NA,3,,#N/A,Magnets,Preco
3.6027,2.3793,P1863,P1863,-,Custom Shape,,NA,3,,#N/A,Magnets,Preco
7.5,5.5,P1864,P1864,4,Picture Frame,Picture Frame,Square,2,2,#N/A,Magnets,Preco
4.11,3.82,P1865,P1865,-,Custom Shape,,NA,3,,#N/A,Magnets,Preco
11.262,7.1633,P1866,P1866,2,Custom Shape,,NA,1,2,#N/A,Magnets,Preco
4.78,4.79,P1867,P1294-P1867,6,The Harbor LI Logo (P1294),,NA,2,3,#N/A,Magnets,Preco
2.87,2,P1868,P1868,25,Delivery Plate,Shaped,NA,5,5,https://media.magnetguys.com/diecut_proof/D__P1868__2-x-2.87_P1868_Delivery-Plate-Shape.jpg,Magnets,Preco
4.6343,2.0471,P1869,P1869,15,Propane Truck,,NA,5,3,https://media.magnetguys.com/diecut_proof/D__P1869__4.6343-x-2.0471_P1869_CMD20012236_Propane-Truck.jpg,Magnets,Preco
3.75,4.5,P1870,P1870,12,Garlic Shape,,NA,3,4,#N/A,Magnets,Preco
3,3,P1871,P1871,18,Rectangle,Square,Square,6,3,#N/A,Magnets,Preco
4,3.11,P1872,P1872,9,Custom Shape,,NA,3,3,#N/A,Magnets,Preco
6.75,2.25,P1873,P1873,-,Custom Shape,,NA,2,,#N/A,Magnets,Preco
5.963,3.3131,P1874,P1874,9,Custom Shape,,NA,3,3,https://media.magnetguys.com/diecut_proof/D__P1874__5.963-x-3.3131_P1874_CMD20012428_Custom-Shape.jpg,Magnets,Preco
3.891,5.0782,P1875,P1875,9,Shield Shape,,NA,3,3,#N/A,Magnets,Preco
4.75,8.5,P1876,P1876,4,Rectangle,Round,Round,2,2,#N/A,Magnets,Preco
2.75,3.1,P1877,P1877,-,Custom Shape,,NA,5,,#N/A,Magnets,Preco
3.0328,5.861,P1878,P1878,9,Custom Shape,,NA,3,3,#N/A,Magnets,Preco
4.25,4,P1879,P1879,8,Rectangle,Square,Square,4,2,#N/A,Magnets,Preco
2.25,2.875,P1880,P1880,21,Book Shape,,NA,3,7,https://media.magnetguys.com/diecut_proof/D__P1880__2.25-x-2.87_P1880_Book-Shape.jpg,Magnets,Preco
2.71,1.84,P1881,P1881,-,Custom Shape,,NA,5,,#N/A,Magnets,Preco
2.25,2.875,P1882,P1882,24,Ice Cream Cone,,NA,4,6,https://media.magnetguys.com/diecut_proof/D__P1882__2.25-x-2.875_P1882_CMD20012933_Ice-Cream-Cone-Shape.jpg,Magnets,Preco
5,4,P1883,P1883,6,Black Storm Shape,,NA,2,3,#N/A,Magnets,Preco
2.5,2.25,P1884,P1884,28,Rectangle,Round,Round,4,7,https://media.magnetguys.com/diecut_proof/D__P1884__2.5-x-2.25_P1884_Round--Corner.jpg,Magnets,Preco
3.5,4.5,P1885,P1885,9,House Shape,,NA,3,3,#N/A,Magnets,Preco
3.6398,1.7179,P1886,P1886,24,Wrightwood Shape,,NA,6,4,#N/A,Magnets,Preco
3.3442,3.568,P1887,P1887,12,Bulldog Shape,,NA,6,2,#N/A,Magnets,Preco
4,4,P1888,P1888,-,Custom Shape,,NA,4,,#N/A,Magnets,Preco
4.125,1.875,P1889,P1889,20,Semi Truck,,NA,5,4,#N/A,Magnets,Preco
3.5,2.5,P1890,P1890,18,House Shape,,NA,9,2,https://media.magnetguys.com/diecut_proof/D__P1890__3.5-x-2.5_P1890_TMG28406_House-Shape.jpg,Magnets,Preco
3.5,2,P1891,P1891,-,Truck Shape,,NA,2,,#N/A,Magnets,Preco
2.5869,3.4765,P1892,P1892,16,Shield Shape,,NA,4,4,https://media.magnetguys.com/diecut_proof/D__P1892__2.5869-x-3.4765_P1892_CMD20021305_Shield-Shape.jpg,Magnets,Preco
3.875,8,P1893,P1893,-,Ribbon Shape,,NA,4,,#N/A,Magnets,Preco
5.3074,1.0959,P1894,P1894,27,Custom Shape,,NA,9,3,#N/A,Magnets,Preco
5,8,P1895,P1895,-,Kiss Cut,,NA,2,,#N/A,Magnets,Preco
6.625,8.182,P1896,P1896,-,Custom Shape,,NA,2,,#N/A,Magnets,Preco
7.27,2.71,P1897,P1897,-,Custom Shape,,NA,2,,#N/A,Magnets,Preco
6.75,2.25,P1898,P1898,-,Custom Shape -1873 Revised,,NA,2,,#N/A,Magnets,Preco
4.19,4.23,P1899,P1899,-,Custom Shape,,NA,2,,#N/A,Magnets,Preco
2.48,4.8,P1900,P1900,-,Custom Shape,,NA,3,,#N/A,Magnets,Preco
4.25,5.75,P1901,P1901,6,Rectangle,Square,Square,2,3,#N/A,Magnets,Preco
3.4367,1.6477,P1902,P1902,-,Custom Shape,,NA,9,,#N/A,Magnets,Preco
6,6,P1903,P1903,4,Hand Shape,,NA,2,2,#N/A,Magnets,Preco
5.47,4.21,P1904,P1904,6,Rectangle,Square,Square,2,3,#N/A,Magnets,Preco
3.5,6.5,P1905,P1905,6,Cocktail Tequila Glass Shape,,NA,3,2,#N/A,Magnets,Preco
6.45,2.78,P1906,P1906,4,Custom Shape,,NA,2,2,#N/A,Magnets,Preco
6.5,5.3,P1907,P1907,4,Helmet shape,,NA,2,2,#N/A,Magnets,Preco
4,8,P1908,P1908,-,Custom Shape(Ribbon),,NA,2,,#N/A,Magnets,Preco
4,2.4,P1909,P1909,-,Custom Shape (Crown),,NA,4,,#N/A,Magnets,Preco
5,4,P1910,P1910,8,Duck Shape,,NA,4,2,#N/A,Magnets,Preco
3.25,2.5,P1911,P1911,-,Custom Shape,,NA,6,,#N/A,Magnets,Preco
1.5,1.5,P1912,P1912,60,Kiss Cut,,NA,12,5,#N/A,Magnets,Preco
4.5,3,P1913,P1913,9,Oval Shape,Oval,NA,3,3,#N/A,Magnets,Preco
3.5,2,P1914,P1914,-,Custom Shape,,NA,8,,#N/A,Magnets,Preco
6.75,2.25,P1915,P1915,-,Custom Shape,,NA,2,,#N/A,Magnets,Preco
3.1793,3.0559,P1916,P1916,15,Custom Shape,,NA,3,5,https://media.magnetguys.com/diecut_proof/D__P1916__3.1793-x-3.0559_P1916_CMD20022708_Custom-Shape.jpg,Magnets,Preco
4.0056,1.6774,P1917,P1917,24,Van Shape,,NA,6,4,https://media.magnetguys.com/diecut_proof/D__P1917__4.0056-x-1.6774_P1917_CMD20022722_Van-Shape.jpg,Magnets,Preco
3.8,5.7,P1918,P1918,-,Kiss Cut,,NA,3,,#N/A,Magnets,Preco
5.5,3,P1919,P1919,10,School Bus Shape,,NA,2,5,https://media.magnetguys.com/diecut_proof/D__P1919__5.5-x-3_P1919_CMD20012920_School-Bus.jpg,Magnets,Preco
4,5,P1920,P1920,-,Custom Shape,,NA,4,,#N/A,Magnets,Preco
4.5931,7.18,P1921,P1921,-,Custom Shape (Ribbon Sahpe),,NA,2,,#N/A,Magnets,Preco
5.5,2,P1922,P1922,15,Rectangle,Square,Square,5,3,https://media.magnetguys.com/diecut_proof/D__P1922__2-x-5.5_P1922_Square-corner.jpg,Magnets,Preco
6.5,5.125,P1923,P1923,-,Custom Shape,,NA,2,,#N/A,Magnets,Preco
8,4.5,P1924,P1924,4,Rectangle,Square,Square,2,2,#N/A,Magnets,Preco
5.6387,4.8759,P1925,P1925,-,Custom Shape,,NA,3,,#N/A,Magnets,Preco
3.5,1.7,P1926,P1926,-,Custom Shape,,NA,5,,#N/A,Magnets,Preco
5,2.9,P1927,P1927,-,Custom Shape,,NA,5,,#N/A,Magnets,Preco
3.5,1.56,P1928,P1928,-,Custom Shape (Van),,NA,5,,#N/A,Magnets,Preco
4,3,P1929,P1929,12,Crab Shape,,NA,3,4,https://media.magnetguys.com/diecut_proof/D__P1929__4-x-3_P1929_CMD18080313_Crab-Shape.jpg,Magnets,Preco
6.9074,6.5027,P1930,P1930,-,Custom Shape,,NA,2,,#N/A,Magnets,Preco
3.65,3.6,P1931,P1931,-,Custom Shape,,NA,4,,#N/A,Magnets,Preco
3.75,8.25,P1932,P1932,4,Rectangle,Square,Square,2,2,#N/A,Magnets,Preco
6,4,P1933,P0138-P1933,6,Picture Frame (See also P0138),Picture Frame,Square,3,2,#N/A,Magnets,Preco
2.875,3,P1934,P1934,20,Personalized Collared Shirt,Shaped,NA,4,5,#N/A,Magnets,Preco
3.75,4.25,P1935,P1935,8,Rectanlge,Square,Square,4,2,#N/A,Magnets,Preco
3.65,3.6,P1936,P1936,-,Custom Shape - Ring Diamond,,NA,4,,#N/A,Magnets,Preco
6,9,P1937,P1937,4,Triangle Shape,,NA,2,2,#N/A,Magnets,Preco
3.25,6.25,P1938,P1938,6,Rectangle,Square,Square,3,2,#N/A,Magnets,Preco
4,5.67,P1939,P1939,-,Water Drop Custom,,NA,3,,#N/A,Magnets,Preco
2,2,P1940,P1940,-,Custom Animal Paw,,NA,8,,#N/A,Magnets,Preco
3.25,2,P1941,P1941,25,Rectangle,Round,Round,5,5,https://media.magnetguys.com/diecut_proof/D__P1941__3.25-x-2_P1941_Round-corner.jpg,Magnets,Preco
5,2,P1942,P1942,-,Custom Car Shape,,NA,8,,#N/A,Magnets,Preco
3.96,2,P1943,P1943,-,Custom Shape,,NA,8,,#N/A,Magnets,Preco
2.68,2.96,P1944,P1944,-,Custom Shape,,NA,5,,#N/A,Magnets,Preco
5,1.75,P1945,P1945,15,Rectangle,Square,Square,5,3,https://media.magnetguys.com/diecut_proof/D__P1945__1.75-x-5_P1945_Square-corner.jpg,Magnets,Preco
2,2.9,P1946,P1946,25,Rectangle,Square,Square,5,5,https://media.magnetguys.com/diecut_proof/D__P1946__2.9-x-2_P1946_Square-corner.jpg,Magnets,Preco
4,8.25,P1947,P1947,4,Rectangle,Square,Square,2,2,#N/A,Magnets,Preco
6.5,3.68,P1948,P1948,-,Custom Shape,,NA,2,,#N/A,Magnets,Preco
3,5,P1949,P1949,9,Truck Shape,,NA,3,3,#N/A,Magnets,Preco
4,,P1950,P1950,-,Custom Shape,,NA,4,,#N/A,Magnets,Preco
2.5,3,P1951,P1951,18,Building Shape,,NA,3,6,https://media.magnetguys.com/diecut_proof/D__P1951__3-x-2.5_P1951_CMD20041008_Building-Shape.jpg,Magnets,Preco
6,2,P1952,P1952,15,Kisscut,Square,Square,5,3,#N/A,Magnets,Preco
5,3.25,P1953,P1953,12,Rectangle 13 x 23,Square,Square,6,2,#N/A,Magnets,Preco
5.5,5.5,P1954,P1954,6,Turtle Shape,,NA,2,3,#N/A,Magnets,Preco
3.75,7.25,P1955,P1955,4,Rectangle,Square,Square,2,2,#N/A,Magnets,Preco
3,2,P1956,P1956,25,Square with Heart,,NA,5,5,https://media.magnetguys.com/diecut_proof/D__P1956__3-x-2_P1956_Square-with-Heart-Shape.jpg,Magnets,Preco
7,7,P1957,P1957,2,Star Shape,,NA,1,2,#N/A,Magnets,Preco
3.79,3.69,P1958,P1958,16,Dolphin Shape,,NA,4,4,#N/A,Magnets,Preco
3.3222,5.4086,P1959,P1959,9,Portable Toilet Shape,,NA,3,3,#N/A,Magnets,Preco
4.75,10.5,P1960,P1960,3,Rectangle,Square,Square,1,3,#N/A,Magnets,Preco
3.8738,3.0385,P1961,P1961,-,Custom Shape,,NA,4,,#N/A,Magnets,Preco
8,2.75,P1962,P1962,6,Rectangle,Round,Round,3,2,https://media.magnetguys.com/diecut_proof/D__P1962__2.75-x-8_P1962_Round-Corner.jpg,Magnets,Preco
4.2266,8.5,P1963,P1963,4,Custom Shape,,NA,1,4,#N/A,Magnets,Preco
3.88,3.56,P1964,P1964,-,Custom Shape,,NA,2,,#N/A,Magnets,Preco
3.5,2.5,P1965,P1965,16,Kisscut,,NA,4,4,#N/A,Magnets,Preco
5,2.9214,P1966,P1966,9,Graduation Hat,,NA,3,3,https://media.magnetguys.com/diecut_proof/D__P1966__5-x-2.9214_P1966_CMD20050711_Graduation-Hat.jpg,Magnets,Preco
11.25,7,P1967,P1967,-,Kiss Cut,,NA,2,,#N/A,Magnets,Preco
6.69,2.92,P1968,P1968,6,Truck Shape,,NA,3,2,https://media.magnetguys.com/diecut_proof/D__P1968__6.69-x-2.92_P1968_CMD20050815_Truck-Shape.jpg,Magnets,Preco
3.28,2.56,P1969,P1969,20,Bird Shape,,NA,4,5,https://media.magnetguys.com/diecut_proof/D__P1969__3.28-x-2.56_P1969_CMD20051116_Bird-Shape.jpg,Magnets,Preco
4.78,5.25,P1970,P1970,6,Custom Shape (A),Die Cut,NA,2,3,#N/A,Magnets,Preco
4.75,5.25,P1971,P1971,6,Custom Shape (C),Die Cut,NA,2,3,#N/A,Magnets,Preco
4.72,5.25,P1972,P1972,6,Custom Shape (D),Die Cut,NA,2,3,#N/A,Magnets,Preco
4.46,5.25,P1973,P1973,6,Custom Shape (G),Die Cut,NA,2,3,#N/A,Magnets,Preco
4.76,5.25,P1974,P1974,6,Custom Shape (N),Die Cut,NA,2,3,#N/A,Magnets,Preco
4.9,5.25,P1975,P1975,6,Custom Shape (O),Die Cut,NA,2,3,#N/A,Magnets,Preco
4.14,5.25,P1976,P1976,6,Custom Shape (R),Die Cut,NA,2,3,#N/A,Magnets,Preco
4.51,5.25,P1977,P1977,6,Custom Shape (S),Die Cut,NA,2,3,#N/A,Magnets,Preco
4.57,5.25,P1978,P1978,6,Custom Shape (T),Die Cut,NA,2,3,#N/A,Magnets,Preco
4.39,5.25,P1979,P1979,6,Custom Shape (U),Die Cut,NA,2,3,#N/A,Magnets,Preco
4.13,5.25,P1980,P1980,6,Custom Shape (B),Die Cut,NA,2,3,#N/A,Magnets,Preco
3.59,5.25,P1981,P1981,6,Custom Shape (F),Die Cut,NA,2,3,#N/A,Magnets,Preco
2.5,5.25,P1982,P1982,12,Custom Shape (J),Die Cut,NA,4,3,#N/A,Magnets,Preco
4.03,5.25,P1983,P1983,6,Custom Shape (L),Die Cut,NA,2,3,#N/A,Magnets,Preco
4.09,5.25,P1984,P1984,6,Custom Shape (P),Die Cut,NA,2,3,#N/A,Magnets,Preco
5.21,5.25,P1985,P1985,6,Custom Shape (Q),Die Cut,NA,2,3,#N/A,Magnets,Preco
4.55,5.25,P1986,P1986,6,Custom Shape (X),Die Cut,NA,2,3,#N/A,Magnets,Preco
4.38,5.25,P1987,P1987,6,Custom Shape (Z),Die Cut,NA,2,3,#N/A,Magnets,Preco
3.93,5.25,P1988,P1988,6,Custom Shape (E),Die Cut,NA,2,3,#N/A,Magnets,Preco
4.55,5.25,P1989,P1989,6,Custom Shape (H),Die Cut,NA,2,3,#N/A,Magnets,Preco
1.77,5.25,P1990,P1990,18,Custom Shape (I),Die Cut,NA,6,3,#N/A,Magnets,Preco
4.31,5.25,P1991,P1991,6,Custom Shape (K),Die Cut,NA,2,3,#N/A,Magnets,Preco
6.03,5.25,P1992,P1992,6,Custom Shape (M),Die Cut,NA,2,3,#N/A,Magnets,Preco
4.42,5.25,P1993,P1993,6,Custom Shape (V),Die Cut,NA,2,3,#N/A,Magnets,Preco
6.43,5.25,P1994,P1994,4,Custom Shape (W),Die Cut,NA,2,2,#N/A,Magnets,Preco
4.39,5.25,P1995,P1995,6,Custom Shape (Y),Die Cut,NA,2,3,#N/A,Magnets,Preco
4.9309,5.6662,P1996,P1996,6,T-Shirt Shape,Die Cut,NA,2,3,#N/A,Magnets,Preco
2.2,5.25,P1997,P1997,-,Custom Shape (!),Die Cut,NA,3,,#N/A,Magnets,Preco
2.82,5.25,P1998,P1998,-,Custom Shape (1),Die Cut,NA,3,,#N/A,Magnets,Preco
4.35,5.25,P1999,P1999,-,Custom Shape (2),Die Cut,NA,3,,#N/A,Magnets,Preco
4.16,5.25,P2000,P2000,-,Custom Shape (3),Die Cut,NA,3,,#N/A,Magnets,Preco
4.61,5.25,P2001,P2001,-,Custom Shape (4),Die Cut,NA,3,,#N/A,Magnets,Preco
4.02,5.25,P2002,P2002,-,Custom Shape (5),Die Cut,NA,3,,#N/A,Magnets,Preco
3.97,5.25,P2003,P2003,-,Custom Shape (6),Die Cut,NA,3,,#N/A,Magnets,Preco
4,5.25,P2004,P2004,6,Custom Shape (7),Die Cut,NA,2,3,#N/A,Magnets,Preco
4.1,5.25,P2005,P2005,-,Custom Shape (8),Die Cut,NA,3,,#N/A,Magnets,Preco
4,5.25,P2006,P2006,6,Custom Shape (9),Die Cut,NA,2,3,#N/A,Magnets,Preco
4.2,5.25,P2007,P2007,-,Custom Shape (0),Die Cut,NA,3,,#N/A,Magnets,Preco
11.25,10.82,P2008,P2008,-,Custom Shape,Die Cut,NA,1,,#N/A,Magnets,Preco
5.5,7.25,P2009,P2009,4,Picture Frame with Round punch out,Picture Frame,Round,2,2,#N/A,Magnets,Preco
3,3.5,P2010,P2010,-,Custom Shape,,NA,12,,#N/A,Magnets,Preco
2.75,3.5,P2011,P2011,18,Custom Shape,,NA,3,6,#N/A,Magnets,Preco
4,4,P2012,P2012,-,Heart Shape,,NA,4,,#N/A,Magnets,Preco
4,4,P2013,P2013,-,Umbrella Shape,,NA,4,,#N/A,Magnets,Preco
4,4,P2014,P2014,12,Teddy Bear Shape,Shaped,NA,3,4,#N/A,Magnets,Preco
4,4,P2015,P2015,8,Cloud Shape,,NA,2,4,#N/A,Magnets,Preco
9.34,8.97,P2016,P2016,2,Heart Shape,,NA,1,2,#N/A,Magnets,Preco
4.14,3.28,P2017,P2017,-,Custom Shape,,NA,4,,#N/A,Magnets,Preco
2.43,2.75,P2018,P2018,24,Cutie Baby Duck Shape,,NA,4,6,https://media.magnetguys.com/diecut_proof/D__P2018__2.43-x-2.75_P2018_CMD20060402_Cutie-Baby-Duck-Shape.jpg,Magnets,Preco
9,5,P2019,P2019,4,Rectangle,Round,Round,2,2,#N/A,Magnets,Preco
10.75,9.25,P2020,P2020,2,Rectangle,Round,Round,1,2,#N/A,Magnets,Preco
2,5.75,P2021,P2021,15,Bone Shape,,NA,5,3,https://media.magnetguys.com/diecut_proof/D__P2021__5.75-x-2_P2021_CMD20061512_Bone.jpg,Magnets,Preco
4.5,3,P2022,P2022,-,Custom Shape,,NA,6,,#N/A,Magnets,Preco
6.24,6.67,P2023,P2023,2,Paw Shape,,NA,1,2,#N/A,Magnets,Preco
6,4.75,P2024,P2024,6,Rectangle,Square,Square,2,3,#N/A,Magnets,Preco
6.5,6,P2025,P2025,2,Rectangle,Square,Square,1,2,#N/A,Magnets,Preco
8.25,4.5,P2026,P2026,4,Rectangle,Square,Square,2,2,#N/A,Magnets,Preco
3.875,5.125,P2027,P2027,6,Rectangle,Square,Square,2,3,#N/A,Magnets,Preco
2.25,1.31,P2028,P2028,49,Rectangle,Square,Square,7,7,#N/A,Magnets,Preco
5.13,2.15,P2029,P2029,14,Septic Truck Shape,Shaped,NA,2,7,#N/A,Magnets,Preco
6.5,3.5,P2030,P2030,6,Oval Shape,Oval,NA,3,2,#N/A,Magnets,Preco
2.8971,3.0231,P2031,P2031,20,Duck Shape,,NA,4,5,https://media.magnetguys.com/diecut_proof/D__P2031__2.8971-x-3.0231_P2031_CMD20062904_Duck-Shape.jpg,Magnets,Preco
2.5,3.375,P2032,P2032,20,Rectangle,Square,Square,4,5,#N/A,Magnets,Preco
4,7,P2033,P2033,4,Custom Shape,Square,Square,2,2,#N/A,Magnets,Preco
1.5,4.25,P2034,P2034,24,Rectangle,Round,Round,12,2,https://media.magnetguys.com/diecut_proof/D__P2034__1.5-x-4.25_P2034_Round-corner.jpg,Magnets,Preco
1.5,4,P2035,P2035,-,Custom Shape,,NA,4,,#N/A,Magnets,Preco
3.25,3.25,P2036,P2036,15,Rectangle,Square,Square,3,5,#N/A,Magnets,Preco
4.75,3.25,P2037,P2037,9,Rectangle,Square,Square,3,3,https://media.magnetguys.com/diecut_proof/D__P2037__3.25-x-4.75_P2037_Square-corner.jpg,Magnets,Preco
3,4,P2038,P2038,-,Custom Shape,,NA,4,,#N/A,Magnets,Preco
4.74,2.29,P2039,P2039,14,Tow Truck Shape,,NA,2,7,https://media.magnetguys.com/diecut_proof/D__P2039__4.74-x-2.29_P2039_CMD20070401_Tow-Truck-Shape.jpg,Magnets,Preco
4,2.85,P2040,P2040,-,Custom Shape,,NA,4,,#N/A,Magnets,Preco
2.48,3,P2041,P2041,-,Custom Shape,,NA,5,,#N/A,Magnets,Preco
10,3.75,P2042,P2042,4,Rectangle,Square,Square,1,4,#N/A,Magnets,Preco
3.25,6,P2043,P2043,9,Rectangle,Round,Round,3,3,https://media.magnetguys.com/diecut_proof/D__P2043__3.25-x-6_P2043_Round-corner.jpg,Magnets,Preco
3.5,2.4,P2044,P2044,-,Custom Shape,,NA,6,,#N/A,Magnets,Preco
3.5,1.75,P2045,P2045,27,Van,Shaped,NA,3,9,#N/A,Magnets,Preco
3.27,2.08,P2046,P2046,-,Custom Shape,,NA,5,,#N/A,Magnets,Preco
5.25,6.125,P2047,P2047,4,Rectangle,Square,Square,2,2,#N/A,Magnets,Preco
2,4.25,P2048,P2048,20,Motorcycle Shape,,NA,5,4,https://media.magnetguys.com/diecut_proof/D__P2048__4.25-x-2_P2048_CMD17110734_Bike-Shape.jpg,Magnets,Preco
4.83,4.135,P2049,P2049,-,Custom Shape,,NA,4,,#N/A,Magnets,Preco
6.25,1.75,P2050,P2050,10,Rectangle,Square,Square,5,2,https://media.magnetguys.com/diecut_proof/D__P2050__1.75-x-6.25_P2050_Square-corner.jpg,Magnets,Preco
2.25,1.25,P2051,P2051,49,Rectangle,Round,Round,7,7,https://media.magnetguys.com/diecut_proof/D__P2051__2.25-x-1.25_P2051_Round-corner.jpg,Magnets,Preco
6,4,P2052,P2052,-,Custom Shape (Kiss Cut),Kisscut,NA,2,,#N/A,Magnets,Preco
5.125,5.125,P2053,P2053,6,Circle,Circle,NA,2,3,#N/A,Magnets,Preco
4,4,P2054,P2054,-,Custom Shape,,NA,4,,#N/A,Magnets,Preco
2.425,2.462,P2055,P2055,-,Custom Shape,,NA,6,,#N/A,Magnets,Preco
5.125,1.9,P2056,P2056,15,Pickup Truck Shape,Shaped,NA,5,3,#N/A,Magnets,Preco
5.5,5.5,P2057,P2057,-,Custom Shape,,NA,3,,#N/A,Magnets,Preco
6,3,P2058,P2058,-,Custom Shape,,NA,3,,#N/A,Magnets,Preco
2.4375,3.5,P2059,P2059-P2242,20,Trash Can Shape (See also P2242),Shaped,NA,4,5,https://media.magnetguys.com/diecut_proof/D__P2059-P2242__2.4375-x-3.5_P2059-P2242_CMD20080512_Trash-Can-Shape.jpg,Magnets,Preco
3.5,2,P2060,P2060,20,Custom Shape- Car,Shaped,NA,5,4,#N/A,Magnets,Preco
3.8,8,P2061,P2061,4,Custom Shape - Ribbon,Shaped,NA,2,2,#N/A,Magnets,Preco
2.875,2.875,P2062,P2062,18,Rectangle,Round,Round,3,6,#N/A,Magnets,Preco
2,2.233,P2063,P2063,-,Custom Shape,,NA,7,,#N/A,Magnets,Preco
1.75,1,P2064,P2064,81,Rectangle,Round,Round,9,9,#N/A,Magnets,Preco
3.5,5,P2065,P2065,18,Oval Shape - 13.3 x 22_Press,Oval,NA,6,3,#N/A,Magnets,Preco
3.5,4.75,P2066,P2066,9,Rectangle,Square,Square,3,3,#N/A,Magnets,Preco
6.3123,2.1354,P2067,P2067,10,Car Shape,Shaped,NA,5,2,https://media.magnetguys.com/diecut_proof/D__P2067__6.3123-x-2.1354_P2067_CMD20081709_Car-Shape.jpg,Magnets,Preco
7,5,P2068,P2068,-,Custom Shape- Picture Frame,Picture Frame,NA,2,,#N/A,Magnets,Preco
7.5,6.5,P2069,P2069,2,Rectangle,Square,Square,1,2,#N/A,Magnets,Preco
6.4,5.283,P2070,P2070,-,Custom Shape,,NA,2,,#N/A,Magnets,Preco
2.1259,3.7269,P2071,P2071,16,Flask Shape,Shaped,NA,4,4,#N/A,Magnets,Preco
11,8.5,P2072,P2072,1,Kiss cut,Kisscut,Square,1,1,#N/A,Magnets,Preco
11,8.5,P2073,P2073,2,Kiss cut,Kisscut,Square,1,2,#N/A,Magnets,Preco
2.75,5,P2074,P2074,16,Rectangle (13.3 x 27_Press ),Round,Round,4,4,#N/A,Magnets,Preco
10.93,3.88,P2075,P2075,-,Custom Shape,,NA,5,,#N/A,Magnets,Preco
3.581,3.2914,P2076,P2076,15,Baby Duck Shape,Shaped,NA,3,5,https://media.magnetguys.com/diecut_proof/D__P2076__3.581-x-3.2914_P2076_CMD20082822_Baby-Duck-Shape.jpg,Magnets,Preco
10.5,3,P2077,P2077,5,Rectangle,Square,Square,1,5,#N/A,Magnets,Preco
7.5,5.5,P2078,P2078,3,Rectangle,Round,Round,1,3,#N/A,Magnets,Preco
3.7986,2.8212,P2079,P2079,-,Custom Shape,,NA,4,,#N/A,Magnets,Preco
4.0184,2.2166,P2080,P2080,16,Van Shape,,NA,4,4,https://media.magnetguys.com/diecut_proof/D__P2080__4.0184-x-2.2166_P2080_CMD20051512_Van-Shape.jpg,Magnets,Preco
6,3,P2081,P2081,-,Custom Shape,,NA,2,,#N/A,Magnets,Preco
4.3278,2.7489,P2082,P2082,12,Custom Shape - House,,NA,2,6,https://media.magnetguys.com/diecut_proof/D__P2082__4.3278-x-2.7489_P2082_CMD20090409_Custom-House.jpg,Magnets,Preco
4.71,5.93,P2083,P2083,-,Custom Shape,,NA,3,,#N/A,Magnets,Preco
5,4.25,P2084,P2084,8,Oval Shape,Oval,NA,4,2,#N/A,Magnets,Preco
4,4,P2085,P2085,8,Star Shape,,NA,2,4,#N/A,Magnets,Preco
6.25,8.25,P2086,P2086,2,Rectangle,,Square,1,2,#N/A,Magnets,Preco
5.65,4.199,P2087,P2087,-,Custom Shape,,NA,3,,#N/A,Magnets,Preco
6,4.75,P2088,P2088,6,Rectangle,,Round,2,3,#N/A,Magnets,Preco
1.75,8,P2089,P0554-P2089,10,Rectangle (See also P0554),,Round,5,2,https://media.magnetguys.com/diecut_proof/D__P0554-P2089__8-x-1.75_P0554-P2089_Round-corner.jpg,Magnets,Preco
3,2.23,P2090,P2090,-,Custom Shape,,NA,7,,#N/A,Magnets,Preco
1.5,4.12,P2091,P2091,24,Guitar Shape - Left Handed,,NA,6,4,#N/A,Magnets,Preco
3.25,1.75,P2092,P2092,-,Custom Shape,,NA,5,,#N/A,Magnets,Preco
4.0323,4.3954,P2093,P2093,-,Custom Shape,,NA,4,,#N/A,Magnets,Preco
4.75,2.23,P2094,P2094,-,Custom Shape,,NA,3,,#N/A,Magnets,Preco
4.5,4,P2095,P2095,8,Knife with letter Shape,,NA,2,4,#N/A,Magnets,Preco
3.84,4.3731,P2096,P2096,-,Custom Shape,,NA,4,,#N/A,Magnets,Preco
1.25,9,P2097,P2097,14,Rectangle,,Square,7,2,https://media.magnetguys.com/diecut_proof/D__P2097__1.25-x-9_P2097_Square-corner.jpg,Magnets,Preco
4.5,4.5,P2098,P2098,-,Custom Shape,,NA,3,,#N/A,Magnets,Preco
3.2925,2.9753,P2099,P2099,15,Custom Shape,,NA,3,5,#N/A,Magnets,Preco
5,5,P2100,P2100,-,Custom Shape - Star,,NA,3,,#N/A,Magnets,Preco
6.2,6.5,P2101,P2101,-,Custom Shape-Right,,NA,2,,#N/A,Magnets,Preco
6.2,6.5,P2102,P2102,-,Custom Shape-Left,,NA,2,,#N/A,Magnets,Preco
4.5,2,P2103,P2103,15,Van Shape,,NA,5,3,#N/A,Magnets,Preco
7,5,P2104,P2104,-,Custom Shape,,NA,2,,#N/A,Magnets,Preco
5.2473,2.101,P2105,P2105,12,Truck Shape,,NA,4,3,https://media.magnetguys.com/diecut_proof/D__P2105__5.2473-x-2.101_P2105_CMD20100211_Truck-Shape.jpg,Magnets,Preco
7.1,3.35,P2106,P2106,-,Custom Shape,,NA,2,,#N/A,Magnets,Preco
7,7.36,P2107,P2107,-,Custom Shape - Turtle,,NA,2,,#N/A,Magnets,Preco
4.1767,6.6092,P2108,P2108,4,Cross Shape,,NA,2,2,#N/A,Magnets,Preco
5.25,7.25,P2109,P2109,-,Custom Shape - Picture Frame,Picture Frame,NA,2,,#N/A,Magnets,Preco
2.76,3.56,P2110,P2110,12,Shield Shape,,NA,3,4,#N/A,Magnets,Preco
3.6902,4.2806,P2111,P2111,12,Bird Shape,,NA,3,4,#N/A,Magnets,Preco
5.5548,5.032,P2112,P2112,6,Custom Shape,,NA,2,3,#N/A,Magnets,Preco
4.25,2.25,P2113,P2113,16,Car Shape,,NA,4,4,https://media.magnetguys.com/diecut_proof/D__P2113__4.25-x-2.25_P2113_CMD20100724_Car-Shape.jpg,Magnets,Preco
1,5,P2114,P2114,27,Rectangle,,Round,9,3,#N/A,Magnets,Preco
4.4295,5.2109,P2115,P2115,6,Hand Shape,,NA,2,3,#N/A,Magnets,Preco
6.75,3,P2116,P2116,6,Custom Shape,,NA,3,2,#N/A,Magnets,Preco
2.8963,3.4319,P2117,P2117,20,Duck Shape,,NA,4,5,https://media.magnetguys.com/diecut_proof/D__P2117__2.8963-X-3.4319_P2117_CMD20101404_Duck-Shape.jpg,Magnets,Preco
4.6421,5.9807,P2118,P2118,-,Custom Shape,,NA,2,,#N/A,Magnets,Preco
6,7.91,P2119,P2119,-,Water Drop Shape,,NA,2,,#N/A,Magnets,Preco
3.5,2,P2120,P2120,30,Rectangle - 13.3 x 23.5_Press,,Round,10,3,#N/A,Magnets,Preco
4.0842,6.6709,P2121,P2121,4,House Shape,,NA,2,2,#N/A,Magnets,Preco
5,7,P2122,P2122,-,Kisscut,,NA,2,,#N/A,Magnets,Preco
5,7,P2123,P2123,-,Kisscut,,NA,2,,#N/A,Magnets,Preco
5.5,6,P2124,P2124,6,Rectangle,,Square,2,3,#N/A,Magnets,Preco
3.67,4.42,P2125,P2125,-,Picture Frame,Picture Frame,NA,4,,#N/A,Magnets,Preco
4.4687,5,P2126,P2126,6,Shield Shape,,NA,2,3,#N/A,Magnets,Preco
3.3,6,P2127,P2127,-,Bulb Shape,,NA,3,,#N/A,Magnets,Preco
5,4,P2128,P2128,-,Custom Shape,,NA,4,,#N/A,Magnets,Preco
4,2,P2129,P2129,20,Custom Shape - Bathtub Shape,,NA,5,4,#N/A,Magnets,Preco
4.5481,2.8949,P2130,P2130,-,Custom Shape,,NA,5,,#N/A,Magnets,Preco
6.75,5.25,P2131,P2131,4,Picture Frame with Round corner,Picture Frame,Square,2,2,#N/A,Magnets,Preco
3.5,2.5,P2132,P2132,20,Foot Shape,,NA,4,5,#N/A,Magnets,Preco
3.2822,2.0948,P2133,P2133,24,Hot Dog Shape,,NA,3,8,#N/A,Magnets,Preco
2.9531,2.3107,P2134,P2134,21,Burger Shape,,NA,3,7,#N/A,Magnets,Preco
3.7131,2.3881,P2135,P2135,12,Text logo,,NA,3,4,#N/A,Magnets,Preco
7,5,P2136,P2136,4,Custom Shape - House,,NA,2,2,#N/A,Magnets,Preco
3.1,4.42,P2137,P2137,-,Custom Shape - Trophy,,NA,4,,#N/A,Magnets,Preco
3,2.21,P2138,P2138,-,Custom Shape,,NA,7,,#N/A,Magnets,Preco
6,4.55,P2139,P2139,6,Leaping lion Shape,Shaped,NA,2,3,#N/A,Magnets,Preco
4.5,4.8125,P2140,P2140,6,Rectangle,,Square,2,3,#N/A,Magnets,Preco
2.367,4,P2141,P2141,-,Custom Shape,,NA,4,,#N/A,Magnets,Preco
2.3671,4,P2142,P2142,-,Custom Shape,,NA,4,,#N/A,Magnets,Preco
8.6214,10,P2143,P2143,-,Custom Shape,,NA,2,,#N/A,Magnets,Preco
4,3.14,P2144,P2144,12,Rectangle,,Square,3,4,#N/A,Magnets,Preco
3.6626,3.1245,P2145,P2145,-,Custom Shape,,NA,5,,#N/A,Magnets,Preco
3.5,3.5,P2146,P2146,12,Coffee Mug,,NA,3,4,#N/A,Magnets,Preco
2.27,4,P2147,P2147,-,Custom Shape,,NA,4,,#N/A,Magnets,Preco
1.5,0.625,P2148,P2148,120,Rectangle,,Round,12,10,#N/A,Magnets,Preco
2.705,1.84,P2149,P2149,-,Custom Shape,,NA,6,,#N/A,Magnets,Preco
5,11.875,P2150,P2150,2,Rectangle,,Square,2,1,#N/A,Magnets,Preco
4,5.33,P2151,P2151,9,Custom Shape,,NA,3,3,#N/A,Magnets,Preco
6,6,P2152,P2152,3,Star Shape,,NA,1,3,#N/A,Magnets,Preco
11,8.5,P2153,P2153,2,Kiss Cut,,Square,1,2,#N/A,Magnets,Preco
5.41,1.65,P2154,P2154,-,Custom Shape,,NA,3,,#N/A,Magnets,Preco
2.33,3.5,P2155,P2155,20,Indiana Shape,,NA,4,5,https://media.magnetguys.com/diecut_proof/D__P2155__2.33-x-3.5_P2155_CMD20120409_Indiana-Shape.jpg,Magnets,Preco
3.5,3.125,P2156,P2156,-,Custom Shape - Clip Magnet,,NA,5,,#N/A,Magnets,Preco
11.5,2.75,P2157,P2157,3,Rectangle,,Square,3,1,#N/A,Magnets,Preco
2.33,2.33,P2158,P2158,-,Custom Shape,,NA,7,,#N/A,Magnets,Preco
4.5,4.5,P2159,P2159,-,Custom Shape- Triangle,,NA,3,,#N/A,Magnets,Preco
2,3,P2160,P2160,-,Custom Shape,,NA,5,,#N/A,Magnets,Preco
5,1.75,P2161,P2161,15,Oval shape,Oval,NA,5,3,#N/A,Magnets,Preco
5,5,P2162,P2162,6,Jaguar with A,,NA,2,3,#N/A,Magnets,Preco
10,7.5,P2163,P2163,2,Rectangle,,Square,1,2,#N/A,Magnets,Preco
4.94,4.8,P2164,P2164,-,Custom Shape - Texas,Die Cut,NA,4,,#N/A,Magnets,Preco
4.74,2.29,P2165,P2165,12,Tow Truck Shape,,NA,4,3,#N/A,Magnets,Preco
3.9,2,P2166,P2166,-,Custom Shape,,NA,4,,#N/A,Magnets,Preco
3.6,1.6228,P2167,P2167,-,Custom Shape - Truck Shape,,NA,4,,#N/A,Magnets,Preco
5,2.1,P2168,P2168,12,Electric Guitar Shape,,NA,4,3,https://media.magnetguys.com/diecut_proof/D__P2168__5-x-2.1_P2168_CMD20122920_Electric-Guitar-Shape.jpg,Magnets,Preco
8,8,P2169,P2169,2,Rectangle,,Square,1,2,#N/A,Magnets,Preco
5.25,2.375,P2170,P2170,-,Custom Shape - Truck Shape,,NA,7,,#N/A,Magnets,Preco
3.135,4,P2171,P2171,-,Custom Shape,,NA,4,,#N/A,Magnets,Preco
3,2.066,P2172,P2172,-,Custom Shape,,NA,8,,#N/A,Magnets,Preco
6.88,6.06,P2173,P2173,3,Badge Shape,,NA,1,3,#N/A,Magnets,Preco
7.9295,8.0168,P2174,P2174,2,Custom Shape,,NA,1,2,#N/A,Magnets,Preco
3,4,P2175,P2175,-,Custom Shape - Pain Can,,NA,4,,#N/A,Magnets,Preco
4.97,4.5,P2176,P2176,-,Custom Shape,,NA,3,,#N/A,Magnets,Preco
4,4,P2177,P2177,-,Custom Shape,,NA,4,,#N/A,Magnets,Preco
12,8.5,P2178,P2178,1,Rectangle,,Round,1,1,#N/A,Magnets,Preco
12,10,P2179,P2179,1,Rectangle,,Round,1,1,#N/A,Magnets,Preco
1.25,1.25,P2180,P2180,84,Circle,Circle,NA,14,6,#N/A,Magnets,Preco
6.32,4.39,P2181,P2181,6,Badge Shape,,NA,2,3,#N/A,Magnets,Preco
6.44,5.19,P2182,P2182,-,Custom Shape,,NA,3,,#N/A,Magnets,Preco
11,8.5,P2183,P2183,2,Kiss Cut - A,,Square,1,2,#N/A,Magnets,Preco
11,8.5,P2184,P2184,2,Kiss Cut - B,,Square,1,2,#N/A,Magnets,Preco
11,8.5,P2185,P2185,2,Kiss Cut - C,,Square,1,2,#N/A,Magnets,Preco
11,8.5,P2186,P2186,2,Kiss Cut - D,,Square,1,2,#N/A,Magnets,Preco
11,8.5,P2187,P2187,2,Kiss Cut - E,,Square,1,2,#N/A,Magnets,Preco
11,8.5,P2188,P2188,2,Kiss Cut - F,,Square,1,2,#N/A,Magnets,Preco
11,8.5,P2189,P2189,2,Kiss Cut - G,,Square,1,2,#N/A,Magnets,Preco
11,8.5,P2190,P2190,2,Kiss Cut - I,,Square,1,2,#N/A,Magnets,Preco
11,8.5,P2191,P2191,2,Kiss Cut - J,,Square,1,2,#N/A,Magnets,Preco
11,8.5,P2192,P2192,2,Kiss Cut - K,,Square,1,2,#N/A,Magnets,Preco
11,8.5,P2193,P2193,2,Kiss Cut - L,,Square,1,2,#N/A,Magnets,Preco
11,8.5,P2194,P2194,2,Kiss Cut - M,,Square,1,2,#N/A,Magnets,Preco
11,8.5,P2195,P2195,2,Kiss Cut - N,,Square,1,2,#N/A,Magnets,Preco
11,8.5,P2196,P2196,2,Kiss Cut - O,,Square,1,2,#N/A,Magnets,Preco
4.88,4.78,P2197,P2197,6,House Shape,,NA,2,3,#N/A,Magnets,Preco
4.1375,4.086,P2198,P2198,-,Custom Shape,,NA,4,,#N/A,Magnets,Preco
3.25,3.75,P2199,P2199,-,Custom Shape,,NA,4,,#N/A,Magnets,Preco
7,5,P2200,P2200,4,Picture frame,Picture Frame,Round,2,2,#N/A,Magnets,Preco
7.4985,4.4562,P2201,P2201,-,Custom Shape,,NA,2,,#N/A,Magnets,Preco
3.9042,6,P2202,P2202,9,Custom Shape,,NA,3,3,#N/A,Magnets,Preco
5.125,1.63,P2203,P2203,18,Tennessee Shape,Shaped,NA,6,3,#N/A,Magnets,Preco
3,3.5,P2204,P2204,-,House Shape,,NA,5,,#N/A,Magnets,Preco
2.4192,2.9652,P2205,P2205,-,Custom Shape,,NA,7,,#N/A,Magnets,Preco
4,3,P2206,P2206,-,Custom Shape,,NA,4,,#N/A,Magnets,Preco
11.25,2.875,P2207,P2207,3,Rectangle,,Round,3,1,#N/A,Magnets,Preco
3.25,7,P2208,P2208,6,Rectangle,,Square,3,2,https://media.magnetguys.com/diecut_proof/D__P2208__3.25-x-7_P2208_Square-corner.jpg,Magnets,Preco
3.75,3.75,P2209,P2209,8,Rectangle,,Square,2,4,#N/A,Magnets,Preco
5.29,5.29,P2210,P2210,-,Custom Shape,,NA,3,,#N/A,Magnets,Preco
3.5,2,P2211,P2211,-,Horse Shape Eco Friendly Rectangle Notekeeper,,NA,8,,#N/A,Magnets,Preco
7.5,7.75,P2212,P2212,2,Rectangle,,Square,1,2,#N/A,Magnets,Preco
6.5,2.25,P2213,P2213,8,Rectangle,,Round,4,2,https://media.magnetguys.com/diecut_proof/D__P2213__6.5-x-2.25_P2213_Round-corner.jpg,Magnets,Preco
4.25,11,P2214,P2214,2,Door Hanger Shape,,NA,2,1,#N/A,Magnets,Preco
11,8.5,P2215,P2215,2,Kiss cut,,Square,1,2,#N/A,Magnets,Preco
3.29,4.18,P2216,P2216,12,Shield Shape,,NA,3,4,#N/A,Magnets,Preco
4.5,5.25,P2217,P2217,-,Hand Shape,,NA,3,,#N/A,Magnets,Preco
3.125,2,P2218,P2218,-,Custom Shape,,NA,5,,#N/A,Magnets,Preco
9.355,11.1,P2219,P2219,-,Kiss Cut,,NA,1,,#N/A,Magnets,Preco
6.01,3.11,P2220,P2220,9,Van Shape,,NA,3,3,https://media.magnetguys.com/diecut_proof/D__P2220__6.0079-x-3.1113_P2220_CMD21021105_Van-Shape.jpg,Magnets,Preco
6.37,3.5,P2221,P2221,6,Kiss Cut,,NA,3,2,#N/A,Magnets,Preco
6.37,3.6,P2222,P2222,4,Kiss Cut,,NA,2,2,#N/A,Magnets,Preco
10.5,4,P2223,P2223,4,Rectangle,,Square,1,4,#N/A,Magnets,Preco
3.97,3.84,P2224,P2224,8,Custom Shape,,NA,2,4,#N/A,Magnets,Preco
2.7625,3.5278,P2225,P2225,-,Custom Shape,,NA,5,,#N/A,Magnets,Preco
4.75,4.75,P2226,P2226,6,Tooth Shape,,NA,2,3,#N/A,Magnets,Preco
6.1261,3.9341,P2227,P2227,4,Laptop Shape,,NA,2,2,#N/A,Magnets,Preco
3.52,4.474,P2228,P2228,12,Shield Shape,,NA,3,4,#N/A,Magnets,Preco
3.0353,3.0475,P2229,P2229,-,Custom Shape,,NA,6,,#N/A,Magnets,Preco
4.25,5.25,P2230,P2230,8,Rectangle,,Round,4,2,#N/A,Magnets,Preco
1.68,1.68,P2231,P2231,45,Circle,Circle,NA,5,9,#N/A,Magnets,Preco
5.75,4.125,P2232,P2232,6,Rectangle,,Square,2,3,#N/A,Magnets,Preco
5,4.25,P2233,P2233,8,Rectangle,,Round,2,4,#N/A,Magnets,Preco
2.8,2.8,P2234,P2234,-,Think bubble Shape,,NA,6,,#N/A,Magnets,Preco
1.62,3.75,P2235,P2235,24,Baby Bottle Shape,,NA,6,4,#N/A,Magnets,Preco
4.5402,3.9552,P2236,P2236,-,Custom Shape,,NA,4,,#N/A,Magnets,Preco
3.5,4.5,P2237,P2237,12,Custom Shape,,NA,3,4,#N/A,Magnets,Preco
2.5,2,P2238,P2238,-,House Shape,,NA,4,,#N/A,Magnets,Preco
5,3.4801,P2239,P2239,10,Custom Shape,,NA,2,5,#N/A,Magnets,Preco
2.8693,5.4629,P2240,P2240,-,Custom Shape,,NA,3,,#N/A,Magnets,Preco
2.8126,1.9859,P2241,P2241,-,Custom Shape,,NA,6,,#N/A,Magnets,Preco
2.4375,3.5,P2242,P2059-P2242,20,Trash Can Shape (See also P2059),Shaped,NA,4,5,https://media.magnetguys.com/diecut_proof/D__P2059-P2242__2.4375-x-3.5_P2059-P2242_CMD20080512_Trash-Can-Shape.jpg,Magnets,Preco
4.4,3.32,P2243,P2243,-,Custom Shape,,NA,4,,#N/A,Magnets,Preco
3,1.63,P2244,P2244,30,Rectangle,,Square,6,5,https://media.magnetguys.com/diecut_proof/D__P2244__1.63-x-3_P2244_Square-corner.jpg,Magnets,Preco
3.0174,4.589,P2245,P2245,9,Back of a Truck,,NA,3,3,#N/A,Magnets,Preco
3,3,P2246,P2246,-,Helmet Shape,,NA,2,,#N/A,Magnets,Preco
1,6,P2247,P2247,27,Rectangle,,Square,9,3,#N/A,Magnets,Preco
3.25,2.5,P2248,P2248,20,Rectangle,,Square,4,5,https://media.magnetguys.com/diecut_proof/D__P2248__3.25-x-2.5_P2248_Square-corner.jpg,Magnets,Preco
3.5,8.25,P2249,P2249,6,Rectangle,,Square,3,2,#N/A,Magnets,Preco
1.87,2.62,P2250,P2250,30,Tank Shaped,,NA,5,6,#N/A,Magnets,Preco
4.7326,3.149,P2251,P2251,-,Custom Shape,,NA,3,,#N/A,Magnets,Preco
1.93,1.93,P2252,P2252,-,Custom Shape,,NA,8,,#N/A,Magnets,Preco
6,3,P2253,P2253,9,Baby Bottle Shape,,NA,3,3,https://media.magnetguys.com/diecut_proof/D__P2253__6-x-3_P2253_CMD21031617_Baby-Bottle-Shape.jpg,Magnets,Preco
5,5,P2254,P2254,6,Kiss Cut,,Square,2,3,#N/A,Magnets,Preco
6,4,P2255,P2255,-,Custom Shape - Potty,,NA,3,,#N/A,Magnets,Preco
8.5604,2.687,P2256,P2256,-,Custom Shape,,NA,2,,#N/A,Magnets,Preco
4.1193,5.5102,P2257,P2257,6,Shield Shape,Shaped,NA,2,3,#N/A,Magnets,Preco
5,4,P2258,P2258,-,Custom Shape,,NA,4,,#N/A,Magnets,Preco
6.9231,5.9333,P2259,P2259,3,Helmet Shape,,NA,1,3,#N/A,Magnets,Preco
1.958,3.929,P2260,P2260,-,Custom Shape,,NA,4,,#N/A,Magnets,Preco
3.1,3.021,P2261,P2261,-,Custom Shape,,NA,5,,#N/A,Magnets,Preco
8.0798,9.5325,P2262,P2262,2,Shield Shape,,NA,1,2,#N/A,Magnets,Preco
7,2,P2263,P2263,10,Custom Shape,,NA,5,2,#N/A,Magnets,Preco
6.5,10,P2264,P2264,2,Rectangle,,Round,1,2,#N/A,Magnets,Preco
4,4,P2265,P2265,-,Custom Shape,,NA,4,,#N/A,Magnets,Preco
4,3.25,P2266,P2266,12,Rectangle,,Square,3,4,https://media.magnetguys.com/diecut_proof/D__P2266__3.25-x-4_P2266_Square-corner.jpg,Magnets,Preco
3,3.22,P2267,P2267,-,Custom Shape,,NA,5,,#N/A,Magnets,Preco
5.5,7.25,P2268,P2268,4,Picture Frame with Round punch out,Picture Frame,Round,2,2,#N/A,Magnets,Preco
5.0267,2.2877,P2269,P2269,12,Custom Shape - Van,,NA,4,3,https://media.magnetguys.com/diecut_proof/D__P2269__5.0267-x-2.2877_P2269_CMD21032422_Custom-Van.jpg,Magnets,Preco
3.125,8,P2270,P2270,6,Rectangle,,Square,3,2,#N/A,Magnets,Preco
4.96,2.74,P2271,P2271,12,Wrench Shape,,NA,2,6,https://media.magnetguys.com/diecut_proof/D__P2271__4.9582-x-2.7441_P2271_CMD21040120_Wrench-Shape.jpg,Magnets,Preco
3.8164,2.4577,P2272,P2272,-,Custom Shape,,NA,4,,#N/A,Magnets,Preco
3.069,4.5,P2273,P2273,12,Custom Shape,,NA,3,4,#N/A,Magnets,Preco
1.5496,3.473,P2274,P2274,-,Custom Shape,,NA,5,,#N/A,Magnets,Preco
1.4632,3.7213,P2275,P2275,24,Rectangle,,Square,6,4,#N/A,Magnets,Preco
1.8753,3.4268,P2276,P2276,-,Custom Shape,,NA,5,,#N/A,Magnets,Preco
5.6,5.86,P2277,P2277,3,Shield Shape,,NA,1,3,#N/A,Magnets,Preco
4.7833,4.0278,P2278,P2278,-,Custom Shape,,NA,4,,#N/A,Magnets,Preco
6.4396,4.1154,P2279,P2279,-,Custom Shape,,NA,2,,#N/A,Magnets,Preco
8.5,9,P2280,P2280,2,Rectangle,,Square,1,2,#N/A,Magnets,Preco
6.9375,3.90625,P2281,P2281,4,Rectangle,,Square,2,2,#N/A,Magnets,Preco
5.2289,6.4907,P2282,P2282,4,Custom Shape,,NA,2,2,#N/A,Magnets,Preco
2.1,4,P2283,P2283,-,Custom Shape,,NA,4,,#N/A,Magnets,Preco
1.625,3.75,P2284,P2284,24,Baby bottle,,NA,6,4,#N/A,Magnets,Preco
6,3.5,P2285,P2285,9,Custom Picture Frame (Van),Picture Frame,NA,3,3,#N/A,Magnets,Preco
3,5.25,P2286,P2286,10,Rectangle,,Round,2,5,#N/A,Magnets,Preco
3.7875,4.6942,P2287,P2287,-,Custom Shape,,NA,4,,#N/A,Magnets,Preco
3.8114,4.6891,P2288,P2288,-,Custom Shape,,NA,4,,#N/A,Magnets,Preco
3.718,4.7054,P2289,P2289,8,Custom Shape,,NA,2,4,#N/A,Magnets,Preco
3.4683,2.2539,P2290,P2290,-,Custom Shape,,NA,7,,#N/A,Magnets,Preco
4.2382,5.4864,P2291,P2291,-,Custom Shape,,NA,4,,#N/A,Magnets,Preco
5.2179,5.1148,P2292,P2292,6,Kickers Logo Shape,,NA,2,3,#N/A,Magnets,Preco
2.7281,4.3353,P2293,P2293,12,Cartoon Duck Shape,,NA,3,4,#N/A,Magnets,Preco
2.8524,4.3243,P2294,P2294,-,Custom Shape,,NA,4,,#N/A,Magnets,Preco
3.5381,1.3679,P2295,P2295,-,Custom Shape,,NA,4,,#N/A,Magnets,Preco
5.6115,4.9351,P2296,P2296,6,Custom Shape,,NA,2,3,#N/A,Magnets,Preco
4,7.25,P2297,P2297,4,Rectangle,,Square,2,2,#N/A,Magnets,Preco
3.7386,4.6236,P2298,P2298,-,Custom Shape,,NA,4,,#N/A,Magnets,Preco
4.2122,5.3355,P2299,P2299,8,Shield Shape,,NA,2,4,#N/A,Magnets,Preco
4.0263,10.1529,P2300,P2300,-,Custom Shape,,NA,4,,#N/A,Magnets,Preco
5.2178,4.5942,P2301,P2301,-,Custom Shape,,NA,3,,#N/A,Magnets,Preco
4,1.5,P2302,P2302,24,Rectangle,,Round,6,4,https://media.magnetguys.com/diecut_proof/D__P2302__4-x-1.5_P2302_Round-corner.jpg,Magnets,Preco
4.0811,3.2339,P2303,P2303,-,Custom Shape,,NA,4,,#N/A,Magnets,Preco
5.5192,2.8898,P2304,P2304,-,Custom Shape,,NA,3,,#N/A,Magnets,Preco
9.5,4.5,P2305,P2305,4,Rectangle,,Round,1,4,#N/A,Magnets,Preco
4.1564,5.5775,P2306,P2306,6,Shield Shape,,NA,2,3,#N/A,Magnets,Preco
3.1256,2.1221,P2307,P2307,-,Propane Tank,,NA,5,,#N/A,Magnets,Preco
5.4206,2.2044,P2308,P2308,12,Truck Shape,,NA,4,3,https://media.magnetguys.com/diecut_proof/D__P2308__5.4206-x-2.2044_P2308_CMD21041223_Truck-Shape.jpg,Magnets,Preco
3.5,0,P2309,P2309,-,Custom House Shape,,NA,7,,#N/A,Magnets,Preco
2.5589,1.8857,P2310,P2310,30,Custom Shape Oval,Oval,NA,5,6,#N/A,Magnets,Preco
2.5,2.1867,P2311,P2311,-,CUSTOM HEXAGON,,NA,6,,#N/A,Magnets,Preco
4.25,5.7,P2312,P2312,8,Rectangle,,Square,4,2,#N/A,Magnets,Preco
4.25,5.7,P2313,P2313,8,Oval Shape,Oval,NA,4,2,#N/A,Magnets,Preco
4,3,P2314,P2314,-,Custom Shape,,NA,4,,#N/A,Magnets,Preco
8,7,P2315,P2315,2,Rectangle,,Round,1,2,#N/A,Magnets,Preco
3.77,4.2,P2316,P2316,-,Custom Shape,,NA,4,,#N/A,Magnets,Preco
3,2.8599,P2317,P2317,-,Custom Shape,,NA,5,,#N/A,Magnets,Preco
5.7075,5.6724,P2318,P2318,3,Paw Shape,,NA,1,3,#N/A,Magnets,Preco
4.375,5.7,P2319,P2319,-,Custom Shape,,NA,4,,#N/A,Magnets,Preco
4.2639,5.7,P2320,P2320,-,Custom Shape,,NA,4,,#N/A,Magnets,Preco
1.75,2.18,P2321,P2321,35,Printed Balloon Shape,,NA,5,7,https://media.magnetguys.com/diecut_proof/D__P2321__1.75-x-2.18_P2321_CM41040_Balloon-Shaped.jpg,Magnets,Preco
2.54,8,P2322,P2322,-,Custom Shape,,NA,2,,#N/A,Magnets,Preco
2.875 in,8.5 in,P2323,P2323,-,Custom Shape,,NA,2,,#N/A,Magnets,Preco
4,6,P2324,P2324,-,Custom Shape,,NA,3,,#N/A,Magnets,Preco
4.35,4,P2325,P2325,-,Custom Shape,,NA,4,,#N/A,Magnets,Preco
4.62,4.5,P2326,P2326,-,Custom Shape,,NA,3,,#N/A,Magnets,Preco
6.3,4.43,P2327,P2327,-,Custom Shape Skull,,NA,2,,#N/A,Magnets,Preco
4.625,4.5,P2328,P2328,-,Custom Shape,,NA,3,,#N/A,Magnets,Preco
3.43,5.1,P2329,P2329,-,Custom Flag,,NA,5,,#N/A,Magnets,Preco
3.29,4.5,P2330,P2330,-,Custom Shape,,NA,4,,#N/A,Magnets,Preco
2.15,4,P2331,P2331,-,Custum die Kiss cut,,NA,4,,#N/A,Magnets,Preco
7,2,P2332,P2332,10,Bottle Shaped,,NA,5,2,https://media.magnetguys.com/diecut_proof/D__P2332__7-x-2_P2332_CMD21052505_Bottle-Shape-Shape.jpg,Magnets,Preco
3.9514,1.237,P2333,P2333,-,Custom Shape,,NA,4,,#N/A,Magnets,Preco
3.4738,5.2137,P2334,P2334,-,Custom Shape,,NA,5,,#N/A,Magnets,Preco
3.125,2.875,P2335,P2335,18,Custom House Shape,,NA,3,6,https://media.magnetguys.com/diecut_proof/D__P2335__3.125-x-2.875_P2335_TMG39866_House-Shape.jpg,Magnets,Preco
3.2936,3.2594,P2336,P2336,15,Custom Shape,,NA,3,5,#N/A,Magnets,Preco
4.3172,6.4615,P2337,P2337,6,Shield Shape,,NA,2,3,#N/A,Magnets,Preco
2.28125,2,P2338,P2338,-,Custom Shape (Hexagon),,NA,3,,#N/A,Magnets,Preco
2,3.97,P2339,P2339,-,CUSTOM CABOOSE SHAPE,,NA,4,,#N/A,Magnets,Preco
2.5,5,P2340,P2340,12,Rectangle,,Round,4,3,https://media.magnetguys.com/diecut_proof/D__P2340__5-x-2.5_P2340_Round-Corner.jpg,Magnets,Preco
1.9946,2.3602,P2341,P2341,30,Arizona Shape,,NA,15,2,#N/A,Magnets,Preco
3.7958,5.1168,P2342,P2342,8,Skull Shape,,NA,2,4,#N/A,Magnets,Preco
3.5,3.5,P2343,P2343,-,Custom Shape,,NA,5,,#N/A,Magnets,Preco
10,8.33,P2344,P2344,-,Custom Shape - Puzzle,,NA,2,,#N/A,Magnets,Preco
11.5,7,P2345,P2345,1,7” w x 11.5” h custom kiss cut,,Square,1,1,#N/A,Magnets,Preco
5.35,4.46,P2346,P2346,-,Custom Shape Kisscut,,NA,4,,#N/A,Magnets,Preco
2.9093,7.5388,P2347,P2347,-,Custom Shape,,NA,2,,#N/A,Magnets,Preco
4.3692,4.7804,P2348,P2348,-,Custom Shape,,NA,4,,#N/A,Magnets,Preco
4,5.75,P2349,P2349,6,Custom Shape,,NA,2,3,#N/A,Magnets,Preco
4,5.7,P2350,P2350,-,Custom Shape,,NA,3,,#N/A,Magnets,Preco
5.8,4,P2351,P2351,-,Custom Shape SKULL,,NA,3,,#N/A,Magnets,Preco
3,4,P2352,P2352,-,Custom Kisscut Die,,NA,4,,#N/A,Magnets,Preco
4,7.5,P2353,P2353,4,Rectangle,,Square,2,2,#N/A,Magnets,Preco
6,2,P2354,P2354,12,Bone Shape,,NA,4,3,#N/A,Magnets,Preco
8.5,2.375,P2355,P2355,8,Rectangle,,Square,4,2,#N/A,Magnets,Preco
8,1,P2356,P2356,18,Rectangle,,Square,9,2,https://media.magnetguys.com/diecut_proof/D__P2356__8-x-1_P2356_Square-Corner.jpg,Magnets,Preco
4.9164,3.7471,P2357,P2357,-,Custom Shape,,NA,4,,#N/A,Magnets,Preco
11,2,P2358,P2358,8,Rectangle,,Square,1,8,#N/A,Magnets,Preco
2.0751,4.2505,P2359,P2359,-,Foot shape,,NA,4,,#N/A,Magnets,Preco
4.4,5.24,P2360,P2360,8,Custom Shield,,NA,2,4,#N/A,Magnets,Preco
6.5,1.25,P2361,P2361,14,Rectangle Custom,,Round,7,2,#N/A,Magnets,Preco
4.25,6.25,P2362,P2362,4,Rectangle,,Square,2,2,#N/A,Magnets,Preco
7.6667,4.381,P2363,P2363,4,Measuring Cup,,NA,2,2,#N/A,Magnets,Preco
3.55,2.3,P2364,P2364,16,Pennsylvania,,NA,4,4,#N/A,Magnets,Preco
2.28125,2,P2365,P2365,-,Custom Shape (Hexagon),,NA,3,,#N/A,Magnets,Preco
2.25,3.75,P2366,P2366,16,Rectangle,,Round,8,2,https://media.magnetguys.com/diecut_proof/D__P2366__3.75-x-2.25_P2366_Round-corner.jpg,Magnets,Preco
3.4518,3.4202,P2367,P2367,15,Custom Shape,,NA,3,5,https://media.magnetguys.com/diecut_proof/D__P2367__3.4518-x-3.4202_P2367_CMD21061602_Custom-Paw.jpg,Magnets,Preco
9.25,2.75,P2368,P2368,6,Rectangle,,Square,1,6,https://media.magnetguys.com/diecut_proof/D__P2368__9.25-x-2.75_P2368_Square-corner.jpg,Magnets,Preco
4.0469,3.7899,P2369,P2369,8,Cup Cake Shape,,NA,2,4,#N/A,Magnets,Preco
8.5,2.86,P2370,P2370,-,Custom Shape,,NA,2,,#N/A,Magnets,Preco
8.5,3,P2371,P2371,6,Custom Shape,,NA,3,2,#N/A,Magnets,Preco
3.8388,5.1758,P2372,P2372,8,Custom Shape - Skull,,NA,2,4,#N/A,Magnets,Preco
4.5,3.313,P2373,P2373,12,Clam Shape,,NA,3,4,#N/A,Magnets,Preco
4.5225,2.6059,P2374,P2374,-,Custom Shape,,NA,3,,#N/A,Magnets,Preco
3.3008,2.9871,P2375,P2375,15,Custom Shape,,NA,3,5,#N/A,Magnets,Preco
5.4518,4.6164,P2376,P2376,-,Custom Shape,,NA,3,,#N/A,Magnets,Preco
2.6235,2.2768,P2377,P2377,-,Custom Shape,,NA,3,,#N/A,Magnets,Preco
3,2,P2378,P2378,25,Capsule Oval,Oval,NA,5,5,#N/A,Magnets,Preco
5.25,4.75,P2379,P2379,6,Paw Shape,,NA,2,3,#N/A,Magnets,Preco
2.25,1.75,P2380,P2380,-,Custom Shape Tooth Shape (10 up 2 rows),,NA,3,,#N/A,Magnets,Preco
4.963,4.3558,P2381,P2381,-,Custom Shape,,NA,4,,#N/A,Magnets,Preco
3.75,1.62,P2382,P2382,24,Dump Truck,,NA,6,4,https://media.magnetguys.com/diecut_proof/D__P2382__3.75-x-1.62_P2382_CMD21070604_Dump-Truck-Shape.jpg,Magnets,Preco
3.8739,4.6025,P2383,P2383,8,Custom Shield,,NA,2,4,#N/A,Magnets,Preco
5.599,3.2778 in,P2384,P2384,-,Custom Shape (helmet),,NA,3,,#N/A,Magnets,Preco
5.4958,2.538,P2385,P2385,-,Custom Shape,,NA,3,,#N/A,Magnets,Preco
3.9344,2.5128,P2386,P2386,-,Truck Shape,,NA,4,,#N/A,Magnets,Preco
4.04,2.47,P2387,P2387,16,Bone Shape,,NA,4,4,https://media.magnetguys.com/diecut_proof/D__P2387__4.04-x-2.47_P2387_CMD21070707_Bone-Shape.jpg,Magnets,Preco
8.5,9.75,P2388,P2388,2,Rectangle,,Square,1,2,#N/A,Magnets,Preco
2.8926,2.3248,P2389,P2389,24,Custom Shape - House,,NA,4,6,https://media.magnetguys.com/diecut_proof/D__P2389__2.8926-x-2.3248_P2389_CMD21062514_House-Shape.jpg,Magnets,Preco
4.9718,8.0878,P2390,P2390,-,Custom Shape,,NA,2,,#N/A,Magnets,Preco
4,11,P2391,P2391,4,Rectangle,,Square,1,4,#N/A,Magnets,Preco
3.97,2.26,P2392,P2392,16,Alabama,,NA,4,4,https://media.magnetguys.com/diecut_proof/D__P2392__2.26-x-3.97_P2392_TMG41262_Alabama.jpg,Magnets,Preco
3.5,4,P2393,P2393,12,Picture Frame,Picture Frame,Square,3,4,#N/A,Magnets,Preco
4.97,4.5,P2394,P2394,6,Custom Shape,,NA,2,3,#N/A,Magnets,Preco
3.531,2.1636,P2395,P2395,20,Bone Shape,,NA,4,5,https://media.magnetguys.com/diecut_proof/D__P2395__3.531-x-2.1636_P2395_CMD21063021_Bone-Shape.jpg,Magnets,Preco
4.9861,3.029,P2396,P2396,10,Custom Shape,,NA,2,5,https://media.magnetguys.com/diecut_proof/D__P2396__4.9861-x-3.029_P2396_CMD21071225_House-Shape.jpg,Magnets,Preco
4,3,P2397,P2397,12,Custom - Cooler Shape,,NA,3,4,https://media.magnetguys.com/diecut_proof/D__P2397__4-x-3_P2397_CMD21070927_Cooler-Shape.jpg,Magnets,Preco
4.3542,4.0629,P2398,P2398,-,Custom Shape,,NA,4,,#N/A,Magnets,Preco
10.5,6,P2399,P2399,3,Rectangle,,Square,1,3,#N/A,Magnets,Preco
4,2.15,P2400,P2400,-,Custom Shape,,NA,4,,#N/A,Magnets,Preco
4,2,P2401,P2401,-,Custom Shape,,NA,4,,#N/A,Magnets,Preco
1.598,3.25,P2402,P2402,-,Custom Shape,,NA,5,,#N/A,Magnets,Preco
2.5,4,P2403,P2403,-,Custom Shape,,NA,5,,#N/A,Magnets,Preco
2.52,3.05,P2404,P2404,-,Custom Shape,,NA,5,,#N/A,Magnets,Preco
3.488,5.1271,P2405,P2405,9,P Shape,,NA,3,3,#N/A,Magnets,Preco
2.5,3,P2406,P2406,20,Kisscut,,Square,4,5,#N/A,Magnets,Preco
3.3125,7.1875,P2407,P2407,-,Custom Shape,,NA,2,,#N/A,Magnets,Preco
6,3,P2408,P2408,-,Custom Shape,,NA,3,,#N/A,Magnets,Preco
6,5.1509,P2409,P2409,-,Custom Shape,,NA,,,#N/A,Magnets,Preco
6,5.8185,P2410,P2410,-,Custom Shape,,NA,,,#N/A,Magnets,Preco
7.204,5.754,P2411,P2411,3,Shield Shape,,NA,1,3,#N/A,Magnets,Preco
4.785,6.6927,P2412,P2412,4,Custom Shape - Cross,,NA,2,2,#N/A,Magnets,Preco
2.75,1.5,P2413,P2413,36,Rectangle,,Square,6,6,https://media.magnetguys.com/diecut_proof/D__P2413__2.75-x-1.5_P2413_Square-corner.jpg,Magnets,Preco
4.9586,4.979,P2414,P2414,-,Custom Shape,,NA,3,,#N/A,Magnets,Preco
3.7922,4.5079,P2415,P2415,8,Custom Shield,,NA,2,4,#N/A,Magnets,Preco
3.54,1.848,P2416,P2416,-,Custom Shape,,NA,4,,#N/A,Magnets,Preco
2.9899,2.8639,P2417,P2417,-,Custom Shape,,NA,,,#N/A,Magnets,Preco
2.1657,2.991,P2418,P2418,-,Custom Shape,,NA,,,#N/A,Magnets,Preco
2.994,2.6581,P2419,P2419,-,Custom Shape,,NA,,,#N/A,Magnets,Preco
3,2,P2420,P2420,-,Custom Shape,,NA,,,#N/A,Magnets,Preco
6.25,2.75,P2421,P2421,6,Rectangle,,Square,3,2,https://media.magnetguys.com/diecut_proof/D__P2421__6.25-x-2.75_P2421_Square-corner.jpg,Magnets,Preco
1.667,3.7644,P2422,P2422,20,Van Shape - Right,,NA,5,4,#N/A,Magnets,Preco
1.75,1.75,P2423,P2423,40,Custom Shape Round Corner,Round,Round,20,2,#N/A,Magnets,Preco
3.937,2.969,P2424,P2424,-,Custom Shape,,NA,4,,#N/A,Magnets,Preco
5,4,P2425,P2425,8,Bowl Shape,,NA,2,4,https://media.magnetguys.com/diecut_proof/D__P2425__5-x-4_P2425_CMD21072202_Bowl-Shape.jpg,Magnets,Preco
5,2.9724,P2426,P2426,10,Custom Shape,,NA,2,5,#N/A,Magnets,Preco
3,3,P2427,P2427,24,Rectangle 13.3 x 26 _6up,,Square,6,4,#N/A,Magnets,Preco
5.5,4.25,P2428,P2428,12,Rectangle 13.3 x 28(New Temp For Dashed eye),,Square,4,3,#N/A,Magnets,Preco
4.5,7,P2429,P2429,4,Football Shape,,NA,2,2,#N/A,Magnets,Preco
4.75,4.26,P2430,P2430,8,Text Logo Shape,,NA,2,4,#N/A,Magnets,Preco
3.87,2.75,P2431,P2431,16,Pig Shape,,NA,4,4,#N/A,Magnets,Preco
4.5,5,P2432,P2432,-,Custom Shape 2monkey,,NA,3,,#N/A,Magnets,Preco
3.8892,3.2135,P2433,P2433,-,Custom Shape,,NA,2,,#N/A,Magnets,Preco
4.2325,3.9638,P2434,P2434,-,Custom Shape,,NA,4,,#N/A,Magnets,Preco
2.75,2.5,P2435,P2435,18,Butterfly Shape,,NA,3,6,https://media.magnetguys.com/diecut_proof/D__P2435__2.75-x-2.5_P2435_CMD21081402_Butterfly-Shaped.jpg,Magnets,Preco
1.958,3.929,P2436,P2436,20,Custom Shape,,NA,5,4,#N/A,Magnets,Preco
3,3,P2437,P2437,15,Custom Circle 1,Circle,NA,3,5,#N/A,Magnets,Preco
3,2.1788,P2438,P2438,20,Triangle Cheese,Shaped,NA,4,5,https://media.magnetguys.com/diecut_proof/D__P2438__3-x-3_P2438_CMD21081618_Triangle-Cheese.jpg,Magnets,Preco
3,3,P2439,P2439,15,Custom Circle 2,Circle,NA,3,5,#N/A,Magnets,Preco
3,3,P2440,P2440,15,Cheese Shape,,NA,3,5,#N/A,Magnets,Preco
3,3,P2441,P2441,-,Custom Shape,,NA,5,,#N/A,Magnets,Preco
2.37,3.5,P2442,P2442,20,Hot Air Balloon Shape,,NA,4,5,https://media.magnetguys.com/diecut_proof/D__P2442__2.37-x-3.5_P2442_CM212084_Hot-Air-Balloon-Shape.jpg,Magnets,Preco
4.2419,2.3274,P2443,P2443,-,Custom Shape Beer Can,,NA,4,,#N/A,Magnets,Preco
2.6234,4.245,P2444,P2444,12,Custom Shape Adventure Van,,NA,3,4,#N/A,Magnets,Preco
3.7225,1.3971,P2445,P2445,-,Custom Shape,,NA,4,,#N/A,Magnets,Preco
2.9413,1.7525,P2446,P2446,-,Custom Shape,,NA,5,,#N/A,Magnets,Preco
3.4501,1.9449,P2447,P2447,-,Custom Shape,,NA,5,,#N/A,Magnets,Preco
2.2518,2.3335,P2448,P2448,-,Custom Shape,,NA,7,,#N/A,Magnets,Preco
4.5,1.91,P2449,P2449,15,Van Shape,,NA,5,3,https://media.magnetguys.com/diecut_proof/D__P2449__4.5039-x-1.9142_P2449_CMD21080304_Custom-Van.jpg,Magnets,Preco
3.0837,4.045,P2450,P2450,-,Custom Shape,,NA,4,,#N/A,Magnets,Preco
4.8,1.0477,P2451,P2451,-,Custom Shape,,NA,3,,#N/A,Magnets,Preco
1.6204,9.0124,P2452,P2452,12,Custom Shape Round,Round,Round,6,2,#N/A,Magnets,Preco
5,3.7399,P2453,P2453,8,Text Logo Shape,,NA,2,4,#N/A,Magnets,Preco
1.5,1.5,P2454,P2454,60,Rectangle,,Round,30,2,#N/A,Magnets,Preco
1.7794,5.7235,P2455,P2455,15,Custom Shape,,NA,5,3,#N/A,Magnets,Preco
3.9568,2.7302,P2456,P2456,-,Custom Shape,,NA,4,,#N/A,Magnets,Preco
7.7,4.41,P2457,P2457,-,Custom Shape,,NA,2,,#N/A,Magnets,Preco
2.4713,2.7843,P2458,P2458,20,Custom Shape,,NA,4,5,#N/A,Magnets,Preco
3.45,2.6027,P2459,P2459,18,Custom Shape,,NA,3,6,#N/A,Magnets,Preco
2.7499,2.504,P2460,P2460,18,Custom Shape,,NA,3,6,#N/A,Magnets,Preco
3.064,2.281,P2461,P2461,18,Custom Shape,,NA,3,6,#N/A,Magnets,Preco
2.5,1.75,P2462,P2462,30,Golf Ball & Tee,,NA,5,6,https://media.magnetguys.com/diecut_proof/D__P2462__2.5-x-1.75_P2462_TMG42700_Golf-Ball-&-Tee.jpg,Magnets,Preco
3.75,4.25,P2463,P2463,8,Kisscut,,Square,2,4,#N/A,Magnets,Preco
3.6”,6.37,P2464,P2464,4,Kisscut,,Square,2,2,#N/A,Magnets,Preco
2.2339,1.9464,P2465,P2465,-,Custom Shape,,NA,8,,#N/A,Magnets,Preco
10.75,10.75,P2466,P2466,1,Rectangle,,Square,1,1,#N/A,Magnets,Preco
3.75,3.7,P2467,P2467,-,Custom Shape,,NA,4,,#N/A,Magnets,Preco
3.35,4.26,P2468,P2468,12,Custom Shape,,NA,3,4,#N/A,Magnets,Preco
4,5,P2469,P2469,-,Custom Shape,,NA,4,,#N/A,Magnets,Preco
10.5,2,P2470,P2470,8,Rectangle,,Square,2,4,#N/A,Magnets,Preco
5.9256,4.0502,P2471,P2471,6,Rectangle-Custom Kiss cut,,Square,2,3,#N/A,Magnets,Preco
5.1,8.2268,P2472,P2472,-,Kiss cut,,NA,2,,#N/A,Magnets,Preco
2.6589,2.4837,P2473,P2473,-,Custom Shape,,NA,6,,#N/A,Magnets,Preco
2.75,3.25,P2474,P2474,18,Rectangle,,Round,6,3,https://media.magnetguys.com/diecut_proof/D__P2474__2.75-x-3.25_P2474_Round-corner.jpg,Magnets,Preco
1.9585,1.6868,P2475,P2475,-,Custom Shape,,NA,8,,#N/A,Magnets,Preco
5.4898,8.4882,P2476,P2476,-,Custom Shape,,NA,3,,#N/A,Magnets,Preco
4.9585,5.5696,P2477,P2477,6,Chair Shape,,NA,2,3,#N/A,Magnets,Preco
4.2884,1.7948,P2478,P2478,20,Car Shape,,NA,5,4,https://media.magnetguys.com/diecut_proof/D__P2478__4.2884-x-1.7948_P2478_CMD21082321_Police-Car.jpg,Magnets,Preco
2.9271,7.625,P2479,P2479,-,Custom Kiss Cut,,NA,5,,#N/A,Magnets,Preco
2.25,3.31,P2480,P2480,20,Propane Bottle / Tank,,NA,4,5,https://media.magnetguys.com/diecut_proof/D__P2480__2.25-x-3.31_P2480_CMD21091432_Propane-Bottle-Tank.jpg,Magnets,Preco
3.25,4.375,P2481,P2481,12,Custom Shape,,NA,3,4,#N/A,Magnets,Preco
6.75,1.75,P2482,P2482,10,Bone Shape,,NA,5,2,#N/A,Magnets,Preco
2.5,5,P2483,P2483,12,Shirt Shape,,NA,4,3,#N/A,Magnets,Preco
3.5,2,P2484,P2484,50,Rectangle -13.3 x 23 Sheet,,Round,10,5,#N/A,Magnets,Preco
2.7657,4.1806,P2485,P2485,12,Custom Shape,,NA,3,4,#N/A,Magnets,Preco
5.5484,3.8284,P2486,P2486,8,Custom Shape,,NA,2,4,#N/A,Magnets,Preco
3.5,2.5,P2487,P2487,-,Custom Shape,,NA,5,,#N/A,Magnets,Preco
2.5,9,P2488,P2488,-,Custom Shape,,NA,2,,#N/A,Magnets,Preco
5.4385,4.2459,P2489,P2489,-,Custom Shape,,NA,3,,#N/A,Magnets,Preco
5.5761,3.7987,P2490,P2490,-,Custom Shape,,NA,3,,#N/A,Magnets,Preco
4.1775,5.4761,P2491,P2491,-,Custom Shape,,NA,3,,#N/A,Magnets,Preco
4.75,5,P2492,P2492,6,Custom Shape,,NA,2,3,#N/A,Magnets,Preco
3.0309,3.0227,P2493,P2493,-,Custom Shape,,NA,5,,#N/A,Magnets,Preco
6.9145,3.8351,P2494,P2494,-,Custom Trowel Shape,,NA,2,,#N/A,Magnets,Preco
11.4019,7.2862,P2495,P2495,2,Text Logo Shape,,NA,1,2,#N/A,Magnets,Preco
4.2,5.4,P2496,P2496,8,Rectangle,,Square,4,2,#N/A,Magnets,Preco
3.8021,4.6877,P2497,P2497,8,Custom Shield,,NA,2,4,#N/A,Magnets,Preco
4.25,2.25,P2498,P2498,16,Jeep Shape,,NA,4,4,https://media.magnetguys.com/diecut_proof/D__P2498__4.25-x-2.25_P2498_CMD21092720_Jeep-Shape.jpg,Magnets,Preco
8.5,11.75,P2499,P2499,-,Rectangle,,Round,1,,#N/A,Magnets,Preco
5.089,5.4731,P2500,P2500,6,Custom Shape,,NA,2,3,#N/A,Magnets,Preco
3,4,P2501,P2501,-,Custom Shape,,NA,4,,#N/A,Magnets,Preco
5.2137,3.4738,P2502,P2502,-,Custom Shape,,NA,5,,#N/A,Magnets,Preco
4.0006,8.445,P2503,P2503,-,Custom Shape,,NA,4,,#N/A,Magnets,Preco
11.875,8.5,P2504,P2504,1,Rectangle,,Round,1,1,#N/A,Magnets,Preco
3.8446,3.9,P2505,P2505,-,Custom Shape,,NA,4,,#N/A,Magnets,Preco
3.13,3.13,P2506,P2506,15,Shield Shape,,NA,3,5,#N/A,Magnets,Preco
7,7,P2507,P2507,2,Custom Shape,,NA,1,2,#N/A,Magnets,Preco
7.5,3.75,P2508,P2508,4,Custom Shape,,NA,1,4,#N/A,Magnets,Preco
7.66,3.62,P2509,P2509,4,Custom Shape Ribbon,,NA,2,2,#N/A,Magnets,Preco
3.1168,8.4978,P2510,P2510,-,Die cut,,NA,2,,#N/A,Magnets,Preco
3.0388,8.5308,P2511,P2511,-,Die cut,,NA,2,,#N/A,Magnets,Preco
3,2.62,P2512,P2512,18,Oval Shape,Oval,NA,3,6,#N/A,Magnets,Preco
6.4775,2.3969,P2513,P2513,-,Die cut,,NA,2,,#N/A,Magnets,Preco
5.1742,5.375,P2514,P2514,-,Die cut,,NA,3,,#N/A,Magnets,Preco
6.1828,3.5623,P2515,P2515,-,Die cut,,NA,2,,#N/A,Magnets,Preco
3,3,P2516,P2516,-,Die cut,,NA,5,,#N/A,Magnets,Preco
2.9986,4.3688,P2517,P2517,-,Die Cut,,NA,4,,#N/A,Magnets,Preco
2.63,2.24,P2518,P2518,-,Die Cut,,NA,6,,#N/A,Magnets,Preco
1.6688,4.638,P2519,P2519,-,Die Cut Police Car,,NA,3,,#N/A,Magnets,Preco
2.2,4.578,P2520,P2520,-,Die Cut,,NA,3,,#N/A,Magnets,Preco
3.445,3.382,P2521,P2521,15,Custom Shape(TREE),,NA,3,5,#N/A,Magnets,Preco
2.03,5.6751,P2522,P2522,-,Die Cut Police Car,,NA,3,,#N/A,Magnets,Preco
3.997,6.8346,P2523,P2523,-,Die Cut,,NA,2,,#N/A,Magnets,Preco
2.62,3,P2524,P2524,18,Coffee Cup Shapes,,NA,3,6,#N/A,Magnets,Preco
4.24,5.61,P2525,P2525,-,Custom Shape,,NA,3,,#N/A,Magnets,Preco
4.5299,1.5422,P2526,P2526,-,Custom Shape,,NA,4,,#N/A,Magnets,Preco
8,4.3675,P2527,P2527,-,Custom Shape,,NA,2,,#N/A,Magnets,Preco
1.75,3.75,P2528,P2528,20,Custom Shape VAN,,NA,5,4,#N/A,Magnets,Preco
4.3972,3.9483,P2529,P2529,8,Custom Heart shape,,NA,2,4,#N/A,Magnets,Preco
1.62,3.75,P2530,P2530,24,Custom Snow Plow Truck Shape,,NA,6,4,#N/A,Magnets,Preco
3.75,1.62,P2531,P2531,24,Custom Box Truck/Moving Truck Shape,,NA,6,4,#N/A,Magnets,Preco
3,3,P2532,P2532,-,Custom Die Cut,,NA,5,,#N/A,Magnets,Preco
3.75,9,P2533,P2533,4,Rectangle,,Round,1,4,#N/A,Magnets,Preco
6.28,6.27,P2534,P2534,2,Custom Die Cut,,NA,1,2,#N/A,Magnets,Preco
2.6712,8.6555,P2535,P2535,-,Custom Die Cut,,NA,2,,#N/A,Magnets,Preco
3,2.75,P2536,P2536,18,Flag Shape,,NA,3,6,#N/A,Magnets,Preco
6.9081,4.0491,P2537,P2537,-,Custom Shape,,NA,2,,#N/A,Magnets,Preco
11.24,11.69,P2538,P2538,-,Custom Shape,,NA,1,,#N/A,Magnets,Preco
4.2628,5.5986,P2539,P2539,-,Custom Shape,,NA,3,,#N/A,Magnets,Preco
4.1,4.1,P2540,P2540,-,Custom Die Cut,,NA,4,,#N/A,Magnets,Preco
2.1905,2.6911,P2541,P2541,-,Custom Shape,,NA,6,,#N/A,Magnets,Preco
5.35,4,P2542,P2542,-,Custom Shape,,NA,3,,#N/A,Magnets,Preco
4.75,3.125,P2543,P2543,-,Custom Shape,,NA,5,,#N/A,Magnets,Preco
6.8212,3.9865,P2544,P2544,-,Custom Shape,,NA,4,,#N/A,Magnets,Preco
3.6558,3.7241,P2545,P2545,-,Custom Shape,,NA,4,,#N/A,Magnets,Preco
5.2,5.12,P2546,P2546,-,Custom Shape,,NA,3,,#N/A,Magnets,Preco
3.75,8,P2547,P2547,4,Rectangle,,Round,2,2,#N/A,Magnets,Preco
3.3096,3.5449,P2548,P2548,-,Custom Shape,,NA,4,,#N/A,Magnets,Preco
4,6,P2549,P2549,-,Kiss cut,,NA,3,,#N/A,Magnets,Preco
3.1,3.5,P2550,P2550,-,Custom Shape,,NA,5,,#N/A,Magnets,Preco
4.25,4.2,P2551,P2551,-,Custom Shape,,NA,4,,#N/A,Magnets,Preco
4.25,2.65,P2552,P2552,-,Custom Shape,,NA,4,,#N/A,Magnets,Preco
3.41,4.22,P2553,P2553,-,Custom Shape,,NA,5,,#N/A,Magnets,Preco
2.96,4.24,P2554,P2554,-,Custom Shape,,NA,4,,#N/A,Magnets,Preco
4.22,2.6,P2555,P2555,-,Custom Shape,,NA,4,,#N/A,Magnets,Preco
4.5,4.7234,P2556,P2556,-,Custom Shape,,NA,3,,#N/A,Magnets,Preco
3.0753,5.0834,P2557,P2557,-,Custom Shape,,NA,3,,#N/A,Magnets,Preco
3.0806,3.0981,P2558,P2558,-,Custom Shape,,NA,5,,#N/A,Magnets,Preco
5.1908,4.6147,P2559,P2559,-,Custom Shape,,NA,3,,#N/A,Magnets,Preco
3.776,3.5525,P2560,P2560,8,Custom Shape,,NA,2,4,#N/A,Magnets,Preco
5.5156,4.9985,P2561,P2561,-,Custom Shape,,NA,3,,#N/A,Magnets,Preco
5.25,8.5,P2562,P2562,4,Rectangle,,Round,2,2,#N/A,Magnets,Preco
7.7942,9,P2563,P2563,-,Custom Shape Triangle,,NA,2,,#N/A,Magnets,Preco
4.5,1.7438,P2564,P2564,-,Custom Police Car,,NA,9,,#N/A,Magnets,Preco
6.5,1.75,P2565,P2565,10,Rectangle,,Square,5,2,https://media.magnetguys.com/diecut_proof/D__P2565__1.75-x-6.5_P2565_Square-corner.jpg,Magnets,Preco
2.3024,2.1613,P2566,P2566,-,Custom Shape,,NA,7,,#N/A,Magnets,Preco
4.9985,5.5156,P2567,P2567,6,Custom Shape,,NA,2,3,#N/A,Magnets,Preco
4.4336,4.0018,P2568,P2568,-,Custom Shape,,NA,4,,#N/A,Magnets,Preco
10.25,10.25,P2569,P2569,1,Rectangle,,Square,1,1,#N/A,Magnets,Preco
5.25,5.21,P2570,P2570,-,Custom Shape,,NA,3,,#N/A,Magnets,Preco
2.6134,3.4012,P2571,P2571,-,Custom Shape,,NA,6,,#N/A,Magnets,Preco
2.5,4.5,P2572,P2572,12,Rectangle,,Round,4,3,https://media.magnetguys.com/diecut_proof/D__P2572__4.5-x-2.5_P2572_Round-corner.jpg,Magnets,Preco
3.49,2.66,P2573,P2573,18,New York Shape,Shaped,NA,3,6,https://media.magnetguys.com/diecut_proof/D__P2573__3.49-x-2.66_P2573_CMD22041911_New-York-Shaped.jpg,Magnets,Preco
4.7,2.02,P2574,P2574,16,Van Shape,,NA,2,8,#N/A,Magnets,Preco
4.0102,9.9938,P2575,P2575,-,Custom Shape,,NA,4,,#N/A,Magnets,Preco
4,6.5,P2576,P2576,4,Rectangle,,Round,2,2,#N/A,Magnets,Preco
2.5,4,P2577,P2577,-,Custom Shape,,NA,4,,#N/A,Magnets,Preco
6.18,6.71,P2578,P2578,-,Custom Shape,,NA,2,,#N/A,Magnets,Preco
3.02,3.3015,P2579,P2579,-,Custom Shape,,NA,5,,#N/A,Magnets,Preco
3,3,P2580,P2580,15,Flower Pot Shape,,NA,3,5,#N/A,Magnets,Preco
5.5,1.5,P2581,P2581,-,Custom Shape,,NA,3,,#N/A,Magnets,Preco
2.0.74,2.3867,P2582,P2582,-,Custom Shape,,NA,7,,#N/A,Magnets,Preco
5.2944,6.38,P2583,P2583,-,Custom Shape,,NA,2,,#N/A,Magnets,Preco
2.43,2.4632,P2584,P2584,-,Custom Shape,,NA,6,,#N/A,Magnets,Preco
3.6918,4.3207,P2585,P2585,-,Owl Shape,,NA,4,,#N/A,Magnets,Preco
4.75,2,P2586,P2586,16,Van Shape,,NA,2,8,#N/A,Magnets,Preco
11,11,P2587,P2587,1,Rectangle,,Round,1,1,#N/A,Magnets,Preco
4.25,4.25,P2588,P2588,8,Rectangle,,Round,4,2,#N/A,Magnets,Preco
3.718,4.7054,P2589,P2589,-,Custom Shape,,NA,4,,#N/A,Magnets,Preco
3,2,P2590,P2590,-,Custom Shape,,NA,5,,#N/A,Magnets,Preco
4.8723,4.7607,P2591,P2591,-,Custom Shape Shield,,NA,3,,#N/A,Magnets,Preco
4.357,3.909,P2592,P2592,-,Custom Shape,Die Cut,NA,4,,#N/A,Magnets,Preco
4.25,1.75,P2593,P2593,20,Rectangle,,Square,10,2,#N/A,Magnets,Preco
3.5803,4.85,P2594,P2594,-,Custom Shape,,NA,4,,#N/A,Magnets,Preco
3.7558,2.5767,P2595,P2595,-,Custom Shape,,NA,4,,#N/A,Magnets,Preco
6.849,6.3901,P2596,P2596,-,Custom Shape,,NA,2,,#N/A,Magnets,Preco
3,4.08,P2597,P2597,-,Custom Tooth Shape,,NA,4,,#N/A,Magnets,Preco
4.6675,3.2917,P2598,P2598,-,Custom Shape,,NA,5,,#N/A,Magnets,Preco
2.67,2.22,P2599,P2599,-,Custom Shape,,NA,6,,#N/A,Magnets,Preco
5.0552,8.2568,P2600,P2600,-,House Shape,,NA,2,,#N/A,Magnets,Preco
4.0678,6.6954,P2601,P2601,4,Ribbon Shape,,NA,2,2,#N/A,Magnets,Preco
3.25,3,P2602,P2602,15,Heart Shape,Die Cut,NA,3,5,https://media.magnetguys.com/diecut_proof/D__P2602__3.25-x-3_P2602_TMG45803_Heart-Shape.jpg,Magnets,Preco
4.43,1.8,P2603,P2603,-,Police Car,,NA,4,,#N/A,Magnets,Preco
3.2744,3.2497,P2604,P2604,-,House Shape,,NA,5,,#N/A,Magnets,Preco
3.5,2,P2605,P2605,25,Diamond Shape,,NA,5,5,#N/A,Magnets,Preco
4.9567,3.1004,P2606,P2606,-,Custom Shape,,NA,3,,#N/A,Magnets,Preco
4.75,7.75,P2607,P2607,4,Rectangle,,Square,2,2,#N/A,Magnets,Preco
5,5,P2608,P2608,-,Custom Shape,,NA,3,,#N/A,Magnets,Preco
5.2599,2.5594,P2609,P2609,-,Custom Shape,,NA,3,,#N/A,Magnets,Preco
4.6453,5.8958,P2610,P2610,-,Custom Shape,,NA,3,,#N/A,Magnets,Preco
6.1713,4.5365,P2611,P2611,-,Custom Shape,,NA,3,,#N/A,Magnets,Preco
2.8135,3.5245,P2612,P2612,-,Custom Shape,,NA,5,,#N/A,Magnets,Preco
3.75,2.67,P2613,P2613,16,Tractor Shape,,NA,4,4,#N/A,Magnets,Preco
4.7,3.2648,P2614,P2614,-,Custom Shape,,NA,3,,#N/A,Magnets,Preco
3.4745,2.7635,P2615,P2615,-,Custom Shape,,NA,5,,#N/A,Magnets,Preco
3.25,3,P2616,P2616,15,Apple Shape,,NA,3,5,#N/A,Magnets,Preco
6.5,3.5,P2617,P2617,6,Bowl Shape,,NA,3,2,#N/A,Magnets,Preco
2,5.75,P2618,P2618,15,Punch Hole,,NA,5,3,#N/A,Magnets,Preco
4.0753,2.9294,P2619,P2619,12,Helmet Shape,,NA,3,4,#N/A,Magnets,Preco
5.8513,11.0027,P2620,P2620,-,Custom Shape,,NA,2,,#N/A,Magnets,Preco
3,3,P2621,P2621,-,Custom Shape,,NA,5,,#N/A,Magnets,Preco
2.328,3.2592,P2622,P2622,-,Custom Shape - Tooth,,NA,5,,#N/A,Magnets,Preco
4.18,2.12,P2623,P2623,-,Custom Shape,,NA,4,,#N/A,Magnets,Preco
4,3,P2624,P2624,12,Sign Shaped,,NA,3,4,#N/A,Magnets,Preco
3.82,5.17,P2625,P2625,-,Custom Shape,,NA,4,,#N/A,Magnets,Preco
4.25,8,P2626,P2626,4,Rectangle,,Square,2,2,#N/A,Magnets,Preco
4.5,6.5,P2627,P2627,6,Oval,Oval,NA,2,3,#N/A,Magnets,Preco
3,5,P2628,P2628,10,IV Bag Shape,,NA,2,5,#N/A,Magnets,Preco
4,2.38,P2629,P2629,16,Beer glass,,NA,4,4,#N/A,Magnets,Preco
2.4,4.128,P2630,P2630,-,Custom Shape - Bulb,,NA,4,,#N/A,Magnets,Preco
2.37,2.37,P2631,P2631,28,Squirrel Shaped,,NA,4,7,#N/A,Magnets,Preco
2.5,4.125,P2632,P2632,16,Rectangle,,Square,4,4,#N/A,Magnets,Preco
2.79,5.7,P2633,P2633,9,Custom Shape,,NA,3,3,#N/A,Magnets,Preco
2.3096,2.958,P2634,P2634,-,Custom Shape,,NA,6,,#N/A,Magnets,Preco
3.75,3.7,P2635,P2635,15,Ship Shape,,NA,3,5,#N/A,Magnets,Preco
1.87,2,P2636,P2636,40,Pumpkin,,NA,5,8,https://media.magnetguys.com/diecut_proof/D__P2636__1.87-x-2_P2636_CM212206_Pumpkin-Shape.jpg,Magnets,Preco
2,5.75,P2637,P2637,15,Punch Hole,,NA,5,3,#N/A,Magnets,Preco
2,5.75,P2638,P2638,15,Punch Hole,,NA,5,3,#N/A,Magnets,Preco
3.31,2.04,P2639,P2639,-,Custom Shape,,NA,8,,#N/A,Magnets,Preco
2.2856,2.1337,P2640,P2640,-,Custom Shape,,NA,7,,#N/A,Magnets,Preco
8.5,6,P2641,P2641,3,Rectangle,,Round,1,3,#N/A,Magnets,Preco
2.5625,1.8125,P2642,P2642,30,Custom Shape - Square,,Square,5,6,#N/A,Magnets,Preco
6.4304,6.4285,P2643,P2643,-,Custom Shape,,NA,2,,#N/A,Magnets,Preco
8,4,P2644,P2644,-,Custom Shape,,NA,2,,#N/A,Magnets,Preco
7.375,5,P2645,P2645,4,Picture Frame with Double Punch Square,Picture Frame,Square,2,2,#N/A,Magnets,Preco
5.25,6.5,P2646,P2646,4,Rectangle,,Round,2,2,#N/A,Magnets,Preco
2.3332,2.0702,P2647,P2647,-,Custom Shape,,NA,6,,#N/A,Magnets,Preco
4.9294,5.6163,P2648,P2648,-,Custom Shape,,NA,3,,#N/A,Magnets,Preco
11.875,3.25,P2649,P2649,3,Rectangle,,Square,3,1,#N/A,Magnets,Preco
6.5,6,P2650,P2650,-,Custom Shape - Paw,,NA,3,,#N/A,Magnets,Preco
3.39,2.14,P2651,P2651,21,Montana Shaped,,NA,3,7,#N/A,Magnets,Preco
11,8.5,P2652,P2652,2,Kiss cut,,Square,1,2,#N/A,Magnets,Preco
4,4,P2653,P2653,-,Custom Shape - Paw,,NA,4,,#N/A,Magnets,Preco
5.8959,6.5945,P2654,P2654,-,Custom Shape - Shield,,NA,3,,#N/A,Magnets,Preco
2.88,3.11,P2655,P2655,-,Custom Shape,,NA,6,,#N/A,Magnets,Preco
7,9.5,P2656,P2656,2,Rectangle,,Square,1,2,#N/A,Magnets,Preco
2.6272,3.0143,P2657,P2657,20,Custom Shape,,NA,4,5,#N/A,Magnets,Preco
2,5.75,P2658,P2658,15,Punch Hole,,NA,5,3,#N/A,Magnets,Preco
2.5,5.75,P2659,P2659,-,Custom Shape,,NA,3,,#N/A,Magnets,Preco
4.31,1.75,P2660,P2660,20,Van shape,,NA,5,4,#N/A,Magnets,Preco
3.28,2.96,P2661,P2661,-,Custom Shape,,NA,5,,#N/A,Magnets,Preco
6.65,4.0548,P2662,P2662,-,Custom Shape,,NA,2,,#N/A,Magnets,Preco
6.48,6.48,P2663,P2663,2,Rectangle,,Square,1,2,#N/A,Magnets,Preco
3.85,2.05,P2664,P2664,-,Custom Shape,,NA,4,,#N/A,Magnets,Preco
8.5,2.25,P2665,P2665,8,Rectangle,,Square,4,2,https://media.magnetguys.com/diecut_proof/D__P2665__8.5-x-2.25_P2665_CM2110434_Square-corner.jpg,Magnets,Preco
2.75,2.94,P2666,P2666,-,Custom Shape,,NA,6,,#N/A,Magnets,Preco
4.4629,5.2893,P2667,P2667,-,Custom Shape,,NA,4,,#N/A,Magnets,Preco
11,3,P2668,P2668,5,Rectangle,,Square,1,5,#N/A,Magnets,Preco
5,7,P2669,P2669,-,Custom Shape,,NA,2,,#N/A,Magnets,Preco
4.6049,6.0088,P2670,P2670,-,Custom Shape,,NA,3,,#N/A,Magnets,Preco
4.37,2.04,P2671,P2671,-,Custom Shape,,NA,4,,#N/A,Magnets,Preco
3.5981,3.0631,P2672,P2672,-,Custom Shape,,NA,4,,#N/A,Magnets,Preco
3.8378,2.561,P2673,P2673,-,Custom Shape,,NA,4,,#N/A,Magnets,Preco
2.3873,2.837,P2674,P2674,-,Custom Shape,,NA,6,,#N/A,Magnets,Preco
4.2138,3.9842,P2675,P2675,-,Custom Shape,,NA,4,,#N/A,Magnets,Preco
2.52,3.952,P2676,P2676,-,Custom Shape - Bulbe,,NA,4,,#N/A,Magnets,Preco
3.8123,3.1324,P2677,P2677,-,Custom Shape,,NA,5,,#N/A,Magnets,Preco
6.43,7,P2678,P2678,-,Custom Shape - Paw,,NA,2,,#N/A,Magnets,Preco
2.8247,2.3891,P2679,P2679,-,Custom Shape,,NA,7,,#N/A,Magnets,Preco
11.25,5.75,P2680,P2680,-,Custom Shape,,NA,3,,#N/A,Magnets,Preco
6.8133,7.9697,P2681,P2681,-,Custom Shape - Book,,NA,2,,#N/A,Magnets,Preco
6.8464,5.9388,P2682,P2682,-,Custom Shape,,NA,3,,#N/A,Magnets,Preco
3.925,4.9,P2683,P2683,-,Custom Shape,,NA,4,,#N/A,Magnets,Preco
5.25,5.25,P2684,P2684,-,Custom Shape - Star,,NA,3,,#N/A,Magnets,Preco
3.5,4.5,P2685,P2685,9,Tooth Shape,,NA,3,3,#N/A,Magnets,Preco
4.1472,1.6651,P2686,P2686,-,Custom Shape,,NA,4,,#N/A,Magnets,Preco
3.69,6.47,P2687,P2687,-,Custom Shape,,NA,2,,#N/A,Magnets,Preco
2.7502,4.75,P2688,P2688,-,Custom Shape,,NA,3,,#N/A,Magnets,Preco
4.2946,4.1249,P2689,P2689,-,Custom Shape_Paw,,NA,4,,#N/A,Magnets,Preco
6.5283,2.096,P2690,P2690,-,Custom Shape,,NA,3,,#N/A,Magnets,Preco
2.19,2.21,P2691,P2691,28,Custom Shape,,NA,7,4,#N/A,Magnets,Preco
4.8169,3.5161,P2692,P2692,10,Custom Shape,,NA,2,5,#N/A,Magnets,Preco
2.25,5.75,P2693,P2693,12,Custom Shape,,NA,4,3,#N/A,Magnets,Preco
3,3,P2694,P2694,15,Custom Shape,,NA,3,5,#N/A,Magnets,Preco
3.1495,1.5709,P2695,P2695,30,Custom Shape,,NA,6,5,#N/A,Magnets,Preco
2.73,2.54,P2696,P2696,24,Custom Shape,,NA,6,4,#N/A,Magnets,Preco
8.5,3,P2697,P2697,6,Rectangle,,Round,3,2,https://media.magnetguys.com/diecut_proof/D__P2697__8.5-x-3_P2697_Round-corner.jpg,Magnets,Preco
5.5,5.5,P2698,P2698,6,Rectangle,,Round,3,2,#N/A,Magnets,Preco
4.44,2.25,P2699,P2699,20,Virginia Shaped,,NA,5,4,#N/A,Magnets,Preco
4.0991,1.706,P2700,P2700,20,Custom Van Shape,,NA,4,5,#N/A,Magnets,Preco
3,5.75,P2701,P2701,9,Custom Shape,,NA,3,3,#N/A,Magnets,Preco
3.3293,5.95,P2702,P2702,9,Custom Shape,,NA,3,3,#N/A,Magnets,Preco
3.5,1,P2703,P2703,45,Rectangle (See also P0741),Square,Square,9,5,#N/A,Magnets,Preco
11.875,10,P2704,P2704,1,Rectangle,,Square,1,1,#N/A,Magnets,Preco
6.97,4.95,P2705,P2705,4,Rectangle,,Round,2,2,#N/A,Magnets,Preco
4.75,8,P2706,P2706,4,Custom Shape - Cross,,NA,2,2,#N/A,Magnets,Preco
2.6424,3.0063,P2707,P2707,24,Custom Shape,,NA,4,6,#N/A,Magnets,Preco
5.4209,6.2371,P2708,P2708,4,Custom Shape,,NA,2,2,#N/A,Magnets,Preco
4.1,5.8,P2709,P2709,6,Custom Shape - Round,,NA,2,3,#N/A,Magnets,Preco
5.5,11,P2710,P2710,3,Rectangle,,Square,1,3,#N/A,Magnets,Preco
2.5,6.25,P2711,P2711,8,Rectangle,,Round,4,2,https://media.magnetguys.com/diecut_proof/D__P2711__2.5-x-6.25_P2711_Round-corner.jpg,Magnets,Preco
11,8.5,P2712,P2712,2,Kiss cut,,Square,1,2,#N/A,Magnets,Preco
4.1,2.1798,P2713,P2713,20,Custom Shape - Van,,NA,5,4,#N/A,Magnets,Preco
7.25,7.25,P2714,P2714,2,Custom Shape,,NA,1,2,#N/A,Magnets,Preco
3.5,5,P2715,P2715,9,Custom Shape,,NA,3,3,#N/A,Magnets,Preco
8.81,9.25,P2716,P2716,2,Custom Shape,,NA,1,2,#N/A,Magnets,Preco
5.5,6,P2717,P2717,3,Heart Shape,,NA,1,3,#N/A,Magnets,Preco
3.625,5.75,P2718,P2718,6,Custom Die Cut,,NA,2,3,#N/A,Magnets,Preco
3.7,2.66,P2719,P2719,16,Custom Shape - Bird,,NA,4,4,#N/A,Magnets,Preco
4.68,3.53,P2720,P2720,10,Jeremiah's italian ice logo,,NA,2,5,#N/A,Magnets,Preco
2.2985,2.6,P2721,P2721,28,Custom Shape,,NA,4,7,#N/A,Magnets,Preco
3.5,2,P2722,P2722,25,Die Cut,,NA,5,5,#N/A,Magnets,Preco
4,2,P2723,P2723,16,Die Cut - Truck,,NA,4,4,#N/A,Magnets,Preco
2.7611,2.8745,P2724,P2724,18,Die Cut,,NA,3,6,#N/A,Magnets,Preco
3.6916,3.3963,P2725,P2725,15,Custom Shape,,NA,3,5,#N/A,Magnets,Preco
5.12,6.25,P2726,P2726,4,Rectangle,,Square,2,2,#N/A,Magnets,Preco
3,5,P2727,P2727,12,Butterfly Shape,,NA,2,6,#N/A,Magnets,Preco
4.9976,2.2,P2728,P2728,12,Custom shape - Van,,NA,4,3,#N/A,Magnets,Preco
3,2,P2729,P2729,25,Custom Die Cut,,NA,5,5,#N/A,Magnets,Preco
5.4,7,P2730,P2730,4,Rectangle,,Square,2,2,#N/A,Magnets,Preco
4.56,2.0669,P2731,P2731,16,Custom Die Cut,,NA,4,4,#N/A,Magnets,Preco
4.375,6,P2732,P2732,6,Custom Shape,,NA,2,3,#N/A,Magnets,Preco
2.5,2.2278,P2733,P2733,28,Custom Die Cut,,NA,4,7,#N/A,Magnets,Preco
8.3,11.7,P2734,P2734,1,Rectangle,,Square,1,1,#N/A,Magnets,Preco
4.5,1,P2735,P2735,36,Rectangle,,Square,9,4,#N/A,Magnets,Preco
9.25,2.5,P2736,P2736,6,Rectangle,,Square,3,2,https://media.magnetguys.com/diecut_proof/D__P2736__9.25-x-2.5_P2736_Square-corner.jpg,Magnets,Preco
5,3.6,P2737,P2737,9,Custom Shape,,NA,3,3,#N/A,Magnets,Preco
3.2,2.25,P2738,P2738,20,Iowa Shape,,NA,4,5,https://media.magnetguys.com/diecut_proof/D__P2738__3.2038-x-2.25_P2738_CMD23010617_Lowa-Shape.jpg,Magnets,Preco
2.3573,2.0964,P2739,P2739,32,Custom Shape,,NA,4,8,#N/A,Magnets,Preco
5.5,7,P2740,P2740,4,Custom Shape - T,,NA,2,2,#N/A,Magnets,Preco
4.08,2.15,P2741,P2741,16,Custom Shape,,NA,4,4,#N/A,Magnets,Preco
4.5,1.5,P2742,P2742,24,Car Shape,,NA,6,4,#N/A,Magnets,Preco
1.625,4,P2743,P2743,24,Custom Shape,,NA,6,4,#N/A,Magnets,Preco
4.5,5.875,P2744,P2744,6,Custom Shape,,NA,2,3,#N/A,Magnets,Preco
6,2.35,P2745,P2745,12,Custom Die Cut,,NA,4,3,#N/A,Magnets,Preco
4.2,3.298,P2746,P2746,15,Custom Die Cut,,NA,3,5,#N/A,Magnets,Preco
3.49,2.22,P2747,P2747,20,North Dakota Shaped,Shaped,NA,4,5,https://media.magnetguys.com/diecut_proof/D__P2747__3.4926-x-2.2241_P2747_CMD23012309_North-Dakota-Shaped.jpg,Magnets,Preco
3,3.5,P2748,P2748,15,Custom Shape - Leaf Clover,,NA,3,5,#N/A,Magnets,Preco
1.18,3.31,P2749,P2749,40,Truck Shape.,,NA,8,5,#N/A,Magnets,Preco
3.35,3.954,P2750,P2750,12,Custom Shape,,NA,3,4,#N/A,Magnets,Preco
5.4904,5,P2751,P2751,6,Custom Shape - PAW,,NA,2,3,#N/A,Magnets,Preco
4.4143,3.5199,P2752,P2752,10,Custom Shape - House,,NA,5,2,#N/A,Magnets,Preco
3.5,2,P2753,P2753,25,Custom Shape - Business Card,,NA,5,5,#N/A,Magnets,Preco
3.6471,2.4245,P2754,P2754,16,Custom Shape,,Round,4,4,#N/A,Magnets,Preco
2,3.74,P2755,P2755,24,Custom Shape - Foot,,NA,6,4,https://media.magnetguys.com/diecut_proof/D__P2755__2-x-3.74_P2755_TMG23020116_Custom-Foot.jpg,Magnets,Preco
6.75,5,P2756,P2756,4,Punch hole,,NA,2,2,#N/A,Magnets,Preco
5.25,2.19,P2757,P2757,14,Car Shape,,NA,2,7,#N/A,Magnets,Preco
5,7,P2758,P2758,4,Kiss cut,,NA,2,2,#N/A,Magnets,Preco
5,7,P2759,P2759,4,Kiss cut,,NA,2,2,#N/A,Magnets,Preco
5,2,P2760,P2760,12,Custom Shape Van,,NA,4,3,#N/A,Magnets,Preco
4.25,6.75,P2761,P2761,4,Rectangle,,Square,2,2,#N/A,Magnets,Preco
3.2396,3.6939,P2762,P2762,16,Custom Shape,,NA,4,4,#N/A,Magnets,Preco
4.5,5.25,P2763,P2763,8,Rectangle,,Round,2,4,#N/A,Magnets,Preco
3,3,P2764,P2764,18,Custom Shape,,NA,3,6,#N/A,Magnets,Preco
5.73,2.76,P2765,P2765,9,Custom Shape Van,,NA,3,3,#N/A,Magnets,Preco
2.84,2.13,P2766,P2766,24,Custom Shape,,NA,4,6,#N/A,Magnets,Preco
3.8125,2.9375,P2767,P2767,16,Custom Shape,,NA,4,4,#N/A,Magnets,Preco
4.9624,3.1836,P2768,P2768,10,Custom Shape,,NA,2,5,#N/A,Magnets,Preco
3.0501,2.4943,P2769,P2769,18,Custom Shape,,NA,3,6,#N/A,Magnets,Preco
6,2.25,P2770,P2770,12,Custom Van Shape,,NA,4,3,#N/A,Magnets,Preco
3,3,P2771,P2771,18,Custom Shape,,NA,3,6,#N/A,Magnets,Preco
3.7574,3.6082,P2772,P2772,12,Custom Shape,,NA,3,4,#N/A,Magnets,Preco
2.5,1.44,P2773,P2773,42,Oval Shape,Oval,NA,6,7,#N/A,Magnets,Preco
4.7,1.75,P2774,P2774,18,Rectangle,,Round,2,9,#N/A,Magnets,Preco
2.7856,2.633,P2775,P2775,18,Custom Shape,,NA,3,6,#N/A,Magnets,Preco
2.5,2.5,P2776,P2776,24,Punch hole,,Square,4,6,#N/A,Magnets,Preco
5.5,7.25,P2777,P2777,4,Custom Shape,,NA,2,2,#N/A,Magnets,Preco
3.05,2.2592,P2778,P2778,21,Custom Shape,,NA,3,7,#N/A,Magnets,Preco
5,2.375,P2779,P2779,12,Rectangle,,Round,4,3,#N/A,Magnets,Preco
3.25,3.25,P2780,P2780,15,Rectangle,,Round,3,5,https://media.magnetguys.com/diecut_proof/D__P2780__3.25-x-3.25_P2780_TMG23022806_Round-Corner.jpg,Magnets,Preco
2.9466,4.6825,P2781,P2781,9,Custom Shape,,NA,3,3,#N/A,Magnets,Preco
2.19,5.45,P2782,P2782,15,Tall dessert glass Shape,Shaped,NA,5,3,#N/A,Magnets,Preco
2.72,5.12,P2783,P2783,9,Wine glass Shape,Shaped,NA,3,3,#N/A,Magnets,Preco
3.4,5.25,P2784,P2784,9,Palm?Tree Shape,Shaped,NA,3,3,#N/A,Magnets,Preco
4.21,3.28,P2785,P2785,12,Cigar + Ashtray Shape,Shaped,NA,3,4,#N/A,Magnets,Preco
3.43,2.2,P2786,P2786,20,Custom Shape,,NA,4,5,#N/A,Magnets,Preco
7.75,4.5,P2787,P2787,4,Rectangle,,Square,2,2,#N/A,Magnets,Preco
2.45,3.934,P2788,P2788,16,Paw Shape,Shaped,NA,4,4,#N/A,Magnets,Preco
4.2067,7.9977,P2789,P2789,4,Custom Shape,,NA,2,2,#N/A,Magnets,Preco
5.86,4.66,P2790,P2790,6,Custom Shape,,NA,2,3,#N/A,Magnets,Preco
4.9495,6.7473,P2791,P2791,4,Custom Shape,,NA,2,2,#N/A,Magnets,Preco
6.7,3.5,P2792,P2792,6,Custom - Rectangle,,Round,3,2,#N/A,Magnets,Preco
5.7931,2.6792,P2793,P2793,9,Van Shape,,NA,3,3,#N/A,Magnets,Preco
4,9,P2794,P2794,4,Kisscut,,NA,1,4,#N/A,Magnets,Preco
2.47,4.5,P2795,P2795,12,Custom Dog Shape,,NA,4,3,#N/A,Magnets,Preco
4.5,4.25,P2796,P2796,9,Custom Shape,,NA,3,3,#N/A,Magnets,Preco
3.8715,1.7976,P2797,P2797,20,Custom Shape Van,,NA,5,4,#N/A,Magnets,Preco
11.5,8,P2798,P2798,1,Custom Shape,,NA,1,1,#N/A,Magnets,Preco
2.5,3,P2799,P2799,24,Umbrella Shape,,NA,4,6,#N/A,Magnets,Preco
2.4974,2.3416,P2800,P2800,28,Custom Shape,,NA,4,7,#N/A,Magnets,Preco
4.78,5.68,P2801,P2801,6,Custom Shape,,NA,2,3,#N/A,Magnets,Preco
3.942,1.7641,P2802,P2802,24,Gas Truck Shape,,NA,6,4,#N/A,Magnets,Preco
4.1204,3.3903,P2803,P2803,10,Custom Shape,,NA,2,5,#N/A,Magnets,Preco
2.2051,2.5,P2804,P2804,30,Custom Shape,,NA,5,6,#N/A,Magnets,Preco
5.98,6.71,P2805,P2805,3,Custom Shape - E,,NA,1,3,#N/A,Magnets,Preco
9.5,4,P2806,P2806,4,Rectangle,,Square,1,4,#N/A,Magnets,Preco
1.617,6.613,P2807,P2807,12,Custom Shape,,NA,6,2,#N/A,Magnets,Preco
5.6205,4.9061,P2808,P2808,6,Custom Shape,,NA,2,3,#N/A,Magnets,Preco
2.5,5.25,P2809,P2809,12,Truck Shape,,NA,4,3,#N/A,Magnets,Preco
3.4687,3.785,P2810,P2810,12,Custom Shape,,NA,3,4,#N/A,Magnets,Preco
4.38,1.81,P2811,P2811,20,Police car Shape,,NA,5,4,#N/A,Magnets,Preco
5,5,P2812,P2812,6,Custom Shape - Shield,,NA,2,3,#N/A,Magnets,Preco
3.8538,1.7576,P2813,P2813,24,Custom Shape,,NA,6,4,#N/A,Magnets,Preco
3,4,P2814,P2814,12,Custom Shape,,NA,3,4,#N/A,Magnets,Preco
3.68,1.37,P2815,P2815,28,Bus Shape,,NA,7,4,#N/A,Magnets,Preco
5.9781,4.5705,P2816,P2816,6,Custom Shape,,NA,2,3,#N/A,Magnets,Preco
3.0518,3.22,P2817,P2817,15,Hibiscus Shape,,NA,3,5,#N/A,Magnets,Preco
6.4101,4.3586,P2818,P2818,6,Turtle Shape,,NA,2,3,#N/A,Magnets,Preco
2.5037,4.7868,P2819,P2819,12,Pineapple Shape,,NA,4,3,#N/A,Magnets,Preco
2.8551,9.8,P2820,P2820,6,Custom Shape,,NA,1,6,#N/A,Magnets,Preco
2.25,3.25,P2821,P2821,21,Rectangle,,Round,3,7,https://media.magnetguys.com/diecut_proof/D__P2821__3.25-x-2.25_P2821_Round-corner.jpg,Magnets,Preco
4.215,2.375,P2822,P2822,16,Illinois Shape,,NA,8,2,#N/A,Magnets,Preco
4,2.186,P2823,P2823,16,Rectangle,,NA,4,4,#N/A,Magnets,Preco
4.1747,3.2227,P2824,P2824,15,Heart Shape,,NA,3,5,#N/A,Magnets,Preco
2.63,3.06,P2825,P2825,20,Trash Recycling Bin Shape,,NA,4,5,https://media.magnetguys.com/diecut_proof/D__P2825__2.63-x-3.06_P2825_CM4281_Trash-Recycling-Bin-Shape.jpg,Magnets,Preco
5.0701,4.6579,P2826,P2826,6,Custom Shape,,NA,2,3,#N/A,Magnets,Preco
2.25,3,P2827,P2827,20,Tooth Shape,,NA,4,5,#N/A,Magnets,Preco
4.7591,5.7639,P2828,P2828,6,Custom Shape,,NA,2,3,#N/A,Magnets,Preco
4.643,4.5,P2829,P2829,8,Custom Shape,,NA,2,4,#N/A,Magnets,Preco
4.4058,5.2453,P2830,P2830,6,Custom Shape,,NA,2,3,#N/A,Magnets,Preco
2.4,3.2193,P2831,P2831,20,Custom Rectangle,Square,Square,4,5,#N/A,Magnets,Preco
6.6224,5.0227,P2832,P2832,6,Custom Shape,,NA,2,3,#N/A,Magnets,Preco
5.251,4.5,P2833,P2833,8,Custom Shape,,NA,2,4,#N/A,Magnets,Preco
9.75,11.05,P2834,P2834,1,Custom Shape,,NA,1,1,#N/A,Magnets,Preco
3.92,2.033,P2835,P2835,20,Custom Shape,,NA,5,4,#N/A,Magnets,Preco
1.8374,3.258,P2836,P2836,25,Custom Shape,,NA,5,5,#N/A,Magnets,Preco
3.98,3.98,P2837,P2837,8,Custom Shape - Star,,NA,2,4,#N/A,Magnets,Preco
4.33,2.75,P2838,P2838,12,Custom Shape - House,,NA,2,6,#N/A,Magnets,Preco
2.9564,2.0072,P2839,P2839,25,Custom Shape,,NA,5,5,#N/A,Magnets,Preco
5.125,7.875,P2840,P2840,4,Custom Shape - Square Corner,,NA,2,2,#N/A,Magnets,Preco
5,7.49,P2841,P2841,4,Custom Shape-House,,NA,2,2,#N/A,Magnets,Preco
4.25,7.25,P2842,P2842,4,Rectangle,,Round,2,2,#N/A,Magnets,Preco
4.825,4.901,P2843,P2843,6,Custom Shape,,NA,2,3,#N/A,Magnets,Preco
2.25,3,P2844,P2844,20,Recycle Shape,,NA,4,5,#N/A,Magnets,Preco
2.178,4.237,P2845,P2845,16,Gas Cylinder Shape,Shaped,NA,4,4,#N/A,Magnets,Preco
3.14,1.4,P2846,P2846,33,Custom Shape,,NA,3,11,#N/A,Magnets,Preco
3.1051,3.17,P2847,P2847,15,Weed Leaf with Strains shape,,NA,3,5,#N/A,Magnets,Preco
4.75,8.5,P2848,P2848,4,Rectangle,,Square,2,2,#N/A,Magnets,Preco
11,2.5,P2849,P2849,6,Rectangle,,Square,1,6,https://media.magnetguys.com/diecut_proof/D__P2849__11-x-2.5_P2849_Square-corner.jpg,Magnets,Preco
7.9977,4.8,P2850,P2850,4,Custom Shape,,NA,2,2,#N/A,Magnets,Preco
2.7446,3.6203,P2851,P2851,12,Custom Shape,,NA,2,6,#N/A,Magnets,Preco
1.7321,1.5,P2852,P2852,90,Custom Shape - Triangle,,NA,9,10,#N/A,Magnets,Preco
1,1,P2853,P2853,135,Rectangle,,Square,9,15,#N/A,Magnets,Preco
4,4.8221,P2854,P2854,8,Custom Shape,,NA,2,4,#N/A,Magnets,Preco
4,2.12,P2855,P2855,20,Custom Shape - Motorcycle,,NA,5,4,#N/A,Magnets,Preco
6,11.5,P2856,P2856,1,Rectangle,,Square,1,1,#N/A,Magnets,Preco
3.375,4,P2857,P2857,12,Custom Heart Shape,,NA,3,4,#N/A,Magnets,Preco
4.25,2.5,P2858,P2858,16,Rectangle,,Round,4,4,https://media.magnetguys.com/diecut_proof/D__P2858__4.25-x-2.5_P2858_Round-corner.jpg,Magnets,Preco
3.5,2,P2859,P2859,24,Custom Shape,,NA,3,8,#N/A,Magnets,Preco
2.5,2,P2860,P2860,30,Rectangle,,Square,5,6,https://media.magnetguys.com/diecut_proof/D__P2860__2.5-x-2_P2860_Square-corner.jpg,Magnets,Preco
4.5,1.79,P2861,P2861,15,Septic Tank Truck Shape,,NA,5,3,#N/A,Magnets,Preco
4.9015,3.8991,P2862,P2862,12,Custom Shape - Heart,,NA,3,4,#N/A,Magnets,Preco
2,1.06,P2863,P2863,64,Rectangle,,Round,8,8,#N/A,Magnets,Preco
6.2309,5.1866,P2864,P2864,4,Custom Shape,,Custom Shape,2,2,#N/A,Magnets,Preco
5.5253,7.5629,P2865,P2865,3,Custom Shape,,Custom Shape,1,3,#N/A,Magnets,Preco
3,1.37,P2866,P2866,35,Oval Shape,Oval,NA,7,5,#N/A,Magnets,Preco
4.247,6,P2867,P2867,6,Custom Shape,,NA,2,3,#N/A,Magnets,Preco
5.7495,4.8,P2868,P2868,6,Custom Shape,,NA,2,3,#N/A,Magnets,Preco
4,2,P2869,P2869,20,Custom Shape - Truck,,NA,5,4,#N/A,Magnets,Preco
6.25,6,P2870,P2870,3,Rectangle,,Round,1,3,#N/A,Magnets,Preco
2.2447,3.0676,P2871,P2871,25,Custom Shape,,NA,5,5,#N/A,Magnets,Preco
2.3352,2.9669,P2872,P2872,21,Custom Shape,,NA,3,7,#N/A,Magnets,Preco
5,2,P2873,P2873,16,Custom Shape - Bandage,,NA,2,8,#N/A,Magnets,Preco
6,1.0995,P2874,P2874,24,Custom magnets direct Logo,,NA,8,3,#N/A,Magnets,Preco
2.25,1.75,P2875,P2875,32,Newspaper Shape,,NA,4,8,#N/A,Magnets,Preco
3.9386,4.5622,P2876,P2876,8,Custom Shape,,NA,2,4,#N/A,Magnets,Preco
6.75,10.5,P2877,P2877,2,Rectangle,,Square,1,2,#N/A,Magnets,Preco
5,5,P2878,P2878,6,Custom Kiss cut,,Square,2,3,#N/A,Magnets,Preco
5.3045,5.5,P2879,P2879,6,Custom Shape,,NA,2,3,#N/A,Magnets,Preco
6.1222,4.4799,P2880,P2880,6,Custom Shape,,NA,2,3,#N/A,Magnets,Preco
5.8722,4.6219,P2881,P2881,6,Custom Shape,,NA,2,3,#N/A,Magnets,Preco
3.54,2.36,P2882,P2882,16,Custom Shape,,NA,4,4,#N/A,Magnets,Preco
3.25,3.25,P2883,P2883,15,Custom Shape - PAW,,NA,3,5,#N/A,Magnets,Preco
3.8867,4.3,P2884,P2884,16,Custom Shape - Butterfly,,NA,4,4,#N/A,Magnets,Preco
3.34,4.79,P2885,P2885,9,Custom Kiss cut,,NA,3,3,#N/A,Magnets,Preco
4.3959,4.0876,P2886,P2886,8,Custom Shape,,NA,2,4,#N/A,Magnets,Preco
4.074,4.5,P2887,P2887,8,Custom Shape,,NA,2,4,#N/A,Magnets,Preco
5.5031,5.4982,P2888,P2888,6,Custom Shape,,NA,2,3,#N/A,Magnets,Preco
3.9196,3.3709,P2889,P2889,12,Heart Shape,,NA,3,4,#N/A,Magnets,Preco
3.2,2,P2890,P2890,25,Custom Shape - Rectangle,,Round,5,5,#N/A,Magnets,Preco
11,4.75,P2891,P2891,3,Custom Shape - Rectangle,,Round,1,3,#N/A,Magnets,Preco
4.9,3.6711,P2892,P2892,8,Custom Shape,,NA,2,4,#N/A,Magnets,Preco
4.796,4.9048,P2893,P2893,6,Custom Shape,,NA,2,3,#N/A,Magnets,Preco
3.625,2.625,P2894,P2894,16,Rectangle,,Square,4,4,https://media.magnetguys.com/diecut_proof/D__P2894__3.625-x-2.625_P2894_Square-corner.jpg,Magnets,Preco
3.082,6.3861,P2895,P2895,6,Custom Shape - Bottle,,NA,3,2,#N/A,Magnets,Preco
2.25,3.66,P2896,P2896,20,Nevada,,NA,4,5,https://media.magnetguys.com/diecut_proof/D__P2896__2.25-x-3.66_P2896_CMD23082919_Nevada.jpg,Magnets,Preco
3.4,1.6933,P2897,P2897,27,Custom Shape,,NA,3,9,#N/A,Magnets,Preco
9,2.25,P2898,P2898,8,Rectangle,,Round,4,2,https://media.magnetguys.com/diecut_proof/D__P2898__9-x-2.25_P2898_Round-Corner.jpg,Magnets,Preco
3.0567,5.1567,P2899,P2899,9,Custom Shape,,NA,3,3,#N/A,Magnets,Preco
3.3528,5.5,P2900,P2900,9,Custom Shape,,NA,3,3,#N/A,Magnets,Preco
4.372,2 .0299,P2901,P2901,16,Custom Shape - Van,,NA,4,4,#N/A,Magnets,Preco
4,5.75,P2902,P2902,6,Custom Shape,,NA,3,2,#N/A,Magnets,Preco
4.25,3.6,P2903,P2903,8,Telephone Shape,,NA,4,2,#N/A,Magnets,Preco
3,2.4616,P2904,P2904,20,,,NA,4,5,#N/A,Magnets,Preco
8,10,P2905,P2905,2,Custom Shape - Kiss Cut Paw,,Round,1,2,#N/A,Magnets,Preco
6,5.625,P2906,P2906,6,Custom Shape,,NA,2,3,#N/A,Magnets,Preco
6.749,3,P2907,P2907,4,Custom Shape - Van,,NA,2,2,#N/A,Magnets,Preco
6.61,6.1,P2908,P2908,4,Custom Shape,,NA,2,2,#N/A,Magnets,Preco
4,8.5,P2909,P2909,4,Rectangle,,Round,2,2,#N/A,Magnets,Preco
4.05,3.8806,P2910,P2910,12,Custom Shape,,NA,3,4,#N/A,Magnets,Preco
3,2,P2911,P2911,24,Custom Shape - Camera,,NA,12,2,#N/A,Magnets,Preco
4.2,2.3444,P2912,P2912,14,Custom Shape - Dog,,NA,2,7,#N/A,Magnets,Preco
4.5,5,P2913,P2913,6,Custom Shape,,NA,2,3,#N/A,Magnets,Preco
5.251,4.5,P2914,P2914,6,Custom Shape,,NA,2,3,#N/A,Magnets,Preco
3.1187,3.1252,P2915,P2915,15,Rectangle Bear Shaped,,NA,3,5,#N/A,Magnets,Preco
3.25,9.75,P2916,P2916,5,Rectangle,,Square,1,5,https://media.magnetguys.com/diecut_proof/D__P2916__3.25-x-9.75_P2916_Square-corner.jpg,Magnets,Preco
3.25,2.5,P2917,P2917,25,The state of WU Shape,,NA,5,5,#N/A,Magnets,Preco
2.7904,3.57,P2918,P2918,16,Custom Shape - Toilet,,NA,4,4,#N/A,Magnets,Preco
5.81,4.74,P2919,P2919,6,Custom Shape,,NA,2,3,#N/A,Magnets,Preco
4.0532,5,P2920,P2920,8,Custom Shape,,NA,2,4,#N/A,Magnets,Preco
3.8908,3.5811,P2921,P2921,12,Custom Shape,,NA,6,2,#N/A,Magnets,Preco
5.25,6.25,P2922,P2922,4,Custom Shape - Kiss Cut,,NA,2,2,#N/A,Magnets,Preco
3.1409,3.8,P2923,P2923,12,Custom Shape,,NA,3,4,#N/A,Magnets,Preco
3,3,P2924,P2924,15,Beach,Shaped,NA,3,5,#N/A,Magnets,Preco
6.4,4.4,P2925,P2925,6,Rectangle,Square,Square,3,2,#N/A,Magnets,Preco
6,8,P2926,P2926,3,Custom Shape - House,,NA,1,3,#N/A,Magnets,Preco
3.9457,3.8598,P2927,P2927,12,Custom Shape - Shirt,,NA,3,4,#N/A,Magnets,Preco
4.2656,1.8391,P2928,P2928,20,Custom Shape - Truck,,NA,10,2,#N/A,Magnets,Preco
3.2844,1.5154,P2929,P2929,30,Custom Shape - Car,,NA,15,2,#N/A,Magnets,Preco
6,8,P2930,P2930,3,Picture frame,Picture Frame,Square,1,3,#N/A,Magnets,Preco
4.5337,1.9653,P2931,P2931,16,Custom Shape - Delivery Truck,,NA,8,2,#N/A,Magnets,Preco
1.75,11.875,P2932,P2932,5,Rectangle,,Square,5,1,#N/A,Magnets,Preco
3.5,5.75,P2933,P2933,9,Rectangle,,Round,3,3,#N/A,Magnets,Preco
7,5,P2934,P2934,4,Custom Shape - Picture frame,Picture Frame,Round,2,2,#N/A,Magnets,Preco
3.5,4,P2935,P2935,12,Custom Shape - Shield,,NA,6,2,#N/A,Magnets,Preco
4.5,9.25,P2936,P2936,3,Rectangle,,Round,1,3,#N/A,Magnets,Preco
9.5,5.5,P2937,P2937,3,Rectangle,,Round,1,3,#N/A,Magnets,Preco
4.7,1.69,P2938,P2938,20,Custom Shape,,NA,10,2,#N/A,Magnets,Preco
2.2601,2.6144,P2939,P2939,24,Custom Shape,,NA,12,2,#N/A,Magnets,Preco
5.12,2.28,P2940,P2940,15,Custom Shape - Car,,NA,5,3,#N/A,Magnets,Preco
3.0487,2.5371,P2941,P2941,18,Custom Shape,,NA,3,6,#N/A,Magnets,Preco
4.3574,2.039,P2942,P2942,20,Propane Tank Shape,,NA,5,4,#N/A,Magnets,Preco
2.4116,3.4971,P2943,P2943,20,Water Drop Shape,,NA,4,5,#N/A,Magnets,Preco
6,3,P2944,P2944,9,TMG logo,,NA,3,3,#N/A,Magnets,Preco
3.25,3.6865,P2945,P2945,12,Shield Shape,,NA,6,2,#N/A,Magnets,Preco
5.3787,3.9943,P2946,P2946,6,Shield Shape,,NA,2,3,#N/A,Magnets,Preco
3,5,P2947,P2947,10,Ambulance Shape,,NA,2,5,#N/A,Magnets,Preco
2.37,3.5,P2948,P2948,20,Paint Brush,,NA,4,5,https://media.magnetguys.com/diecut_proof/D__P2948__2.37-x-3.5_P2948_Paint-Brush.jpg,Magnets,Preco
8,7,P2949,P2949,2,Kisscut,,NA,1,2,#N/A,Magnets,Preco
9.25,5.75,P2950,P2950,3,Kisscut,,NA,1,3,#N/A,Magnets,Preco
3.99,1.768,P2951,P2951,20,Custom Shape - Pump Truck,,NA,5,4,#N/A,Magnets,Preco
3,3.5,P2952,P2952,16,Custom Shape,,NA,4,4,#N/A,Magnets,Preco
3.0454,3.1906,P2953,P2953,15,Custom Cup Shape,,,3,5,#N/A,Magnets,Preco
8.098,6.75,P2954,P2954,2,Custom Shape,,NA,1,2,#N/A,Magnets,Preco
2.75,3.5,P2955,P2955,18,Custom Shape - Ribbon,,NA,3,6,#N/A,Magnets,Preco
4.9,2.373,P2956,P2956,12,Custom Shape,,NA,4,3,#N/A,Magnets,Preco
3.5,7.25,P2957,P2957,6,Rectangle,,Square,3,2,#N/A,Magnets,Preco
3.5,3.5,P2958,P2958,12,Custom Shape - Circle Top_Round Corners,Die Cut,NA,6,2,#N/A,Magnets,Preco
4,4.5,P2959,P2959,6,Custom Shape - Shield,,NA,2,3,#N/A,Magnets,Preco
5.255,5.95,P2960,P2960,6,Custom Shape,,NA,2,3,#N/A,Magnets,Preco
6.222,8,P2961,P2961,2,Custom Shape,,NA,1,2,#N/A,Magnets,Preco
4.6224,2.3465,P2962,P2962,12,Van Shape,,NA,4,3,#N/A,Magnets,Preco
1.9014,2.473,P2963,P2963,32,Cougar Head Shape,,NA,4,8,#N/A,Magnets,Preco
6,2.7254,P2964,P2964,9,Custom Shape - DNA,,NA,3,3,#N/A,Magnets,Preco
10.76,0.9311,P2965,P2965,12,Kisscut,,NA,1,12,#N/A,Magnets,Preco
5,2.3101,P2966,P2966,12,Van Shape,,NA,4,3,#N/A,Magnets,Preco
2.9934,2.9926,P2967,P2967,15,Custom Shape,,NA,3,5,#N/A,Magnets,Preco
3.5,4.1231,P2968,P2968,12,Shield Shape,,NA,3,4,#N/A,Magnets,Preco
5.125,2.25,P2969,P2969,12,SUV Shape,,NA,4,3,#N/A,Magnets,Preco
4.25,5.75,P2970,P2970,6,Rectangle,,Round,2,3,#N/A,Magnets,Preco
4.1,1.6191,P2971,P2971,20,Custom Shape - Police Car,,NA,10,2,#N/A,Magnets,Preco
3.788,1.57,P2972,P2972,24,Custom Shape - SUV,,NA,6,4,#N/A,Magnets,Preco
3.9491,4.0199,P2973,P2973,8,Jackets Shape,,NA,2,4,#N/A,Magnets,Preco
7.4317,3.2695,P2974,P2974,6,Custom Shape,,NA,3,2,#N/A,Magnets,Preco
4.0626,1.4343,P2975,P2975,28,Custom Shape,,NA,7,4,#N/A,Magnets,Preco
6,6,P2976,P2976,3,Paw Shape,,NA,1,3,#N/A,Magnets,Preco
6.4151,6.3817,P2977,P2977,2,Octagon Shape,,NA,1,2,#N/A,Magnets,Preco
3.2,3.8,P2978,P2978,12,Custom Puzzle Shape,,NA,6,2,#N/A,Magnets,Preco
7.0132,4.7709,P2979,P2979,4,Custom Shape,,NA,2,2,#N/A,Magnets,Preco
6,4,P2980,P2980,6,Awareness Ribbon,,NA,2,3,#N/A,Magnets,Preco
2.9859,1.5641,P2981,P2981,30,Custom Shape,,NA,6,5,#N/A,Magnets,Preco
2.285,3.5,P2982,P2982,20,Custom Shape,,NA,4,5,#N/A,Magnets,Preco
6.38,2.48,P2983,P2983,8,Custom Shape_SUV,,NA,4,2,#N/A,Magnets,Preco
2.5618,2.2955,P2984,P2984,28,Custom Shape,,NA,4,7,#N/A,Magnets,Preco
2.75,3.5,P2985,P2985,18,Rectangle,,Round,3,6,https://media.magnetguys.com/diecut_proof/D__P2985__2.75-x-3.5_P2985_Round-corner.jpg,Magnets,Preco
1.83,2.7164,P2986,P2986,30,Hand Shape,,NA,5,6,#N/A,Magnets,Preco
4.99,2.58,P2987,P2987,12,Custom Shape,,NA,2,6,#N/A,Magnets,Preco
5.2338,2.2269,P2988,P2988,12,Van Shape,,NA,4,3,#N/A,Magnets,Preco
3,3,P2989,P2989,15,Custom Shirt Shape,,NA,3,5,#N/A,Magnets,Preco
3,2,P2990,P2990,25,Pig Shape,,NA,5,5,https://media.magnetguys.com/diecut_proof/D__P2990__3-x-2_P2990_CMD24030805_Pig-Shaped.jpg,Magnets,Preco
5,7,P2991,P2991,4,Custom window shape,,NA,2,2,#N/A,Magnets,Preco
5.5757,2.75,P2992,P2992,12,Custom Key shape,,NA,4,3,#N/A,Magnets,Preco
3.2814,4,P2993,P2993,16,San Diego - California,,NA,4,4,https://media.magnetguys.com/diecut_proof/D__P2993__3.2814-x-4_P2993_TMG24031126A_San-Diego---California.jpg,Magnets,Preco
4.023,4,P2994,P2994,16,Florida,,NA,4,4,#N/A,Magnets,Preco
2.967,4,P2995,P2995,12,Vegas,,NA,3,4,#N/A,Magnets,Preco
3.829,4,P2996,P2996,12,Texas,,NA,3,4,#N/A,Magnets,Preco
3.0585,7.6802,P2997,P2997,6,Bottle shape,,NA,3,2,#N/A,Magnets,Preco
2.46,2.76,P2998,P2998,24,Custom Shape,,NA,12,2,#N/A,Magnets,Preco
3.5209,1.8855,P2999,P2999,24,Custom Shape_Truck,,NA,12,2,#N/A,Magnets,Preco
4.94,2,P3000,P3000,15,Custom Shape - Car,,NA,5,3,#N/A,Magnets,Preco
4.87,1.52,P3001,P3001,21,Syringe Shape,,NA,7,3,#N/A,Magnets,Preco
3.9202,4.7922,P3002,P3002,8,Aeroplane,,NA,4,2,#N/A,Magnets,Preco
3.5596,1.9076,P3003,P3003,20,Custom Shape,,NA,10,2,#N/A,Magnets,Preco
7,5,P3004,P3004,4,Picture Frame,Picture Frame,NA,2,2,#N/A,Magnets,Preco
5,2,P3005,P3005,15,Lobster Shape,,NA,5,3,#N/A,Magnets,Preco
2,3.5,P3006,P3006,20,Pop Can Shape,,NA,5,4,https://media.magnetguys.com/diecut_proof/D__P3006__3.5-x-2_P3006_CMD24040325_Pop-Can-Shape.jpg,Magnets,Preco
3.3754,4.125,P3007,P3007,12,Dryer Shape,,NA,3,4,#N/A,Magnets,Preco
5.1456,5.3691,P3008,P3008,6,Custom Shape,,NA,2,3,#N/A,Magnets,Preco
4.9265,8.3303,P3009,P3009,4,Custom Shape,,NA,2,2,#N/A,Magnets,Preco
11.5,3,P3010,P3010,3,Rectangle,,Round,3,1,#N/A,Magnets,Preco
3.015,3.7547,P3011,P3011,12,Custom Shape,,NA,3,4,#N/A,Magnets,Preco
4,3.8633,P3012,P3012,12,Custom Shape,,NA,3,4,#N/A,Magnets,Preco
4.749,2.0327,P3013,P3013,16,Custom Shape,,NA,8,2,#N/A,Magnets,Preco
5.22,5.27,P3014,P3014,6,Shield Shape,,NA,2,3,#N/A,Magnets,Preco
4.7,2.4,P3015,P3015,12,Custom Shape,,NA,4,3,#N/A,Magnets,Preco
7.5,2.3,P3016,P3016,8,Rectangle,,Square,4,2,https://media.magnetguys.com/diecut_proof/D__P3016__2.3-x-7.5_P3016_Square-corner.jpg,Magnets,Preco
3.8045,8,P3017,P3017,4,House Shape,,NA,1,4,#N/A,Magnets,Preco
10,8.2366,P3018,P3018,2,Custom Shape,,NA,1,2,#N/A,Magnets,Preco
4.4,4.46,P3019,P3019,9,Custom Shape - Triangle,,NA,3,3,#N/A,Magnets,Preco
3.625,3.625,P3020,P3020,9,Circle,Circle,NA,3,3,#N/A,Magnets,Preco
4.1706,4.2789,P3021,P3021,8,Custom Shape,,NA,2,4,#N/A,Magnets,Preco
6,5.5,P3022,P3022,6,Bee Shape,,NA,2,3,#N/A,Magnets,Preco
3.6046,3.9634,P3023,P3023,12,Custom Shape,,NA,3,4,#N/A,Magnets,Preco
5,5,P3024,P3024,6,Picture Frame - Circle,Picture Frame,Circle,2,3,#N/A,Magnets,Preco
2.5,5.25,P3025,P3025,12,Truck Shape,Shaped,NA,4,3,#N/A,Magnets,Preco
3.55,4.48,P3026,P3026,10,Picture Frame - Circle,Picture Frame,Round,2,5,#N/A,Magnets,Preco
4.599,1.8821,P3027,P3027,16,SUV - Sheriff,,NA,2,8,#N/A,Magnets,Preco
4.5999,2.0187,P3028,P3028,16,SUV - Sheriff_Right,,NA,2,8,#N/A,Magnets,Preco
4.873,2.0255,P3029,P3029,15,Truck,,NA,5,3,#N/A,Magnets,Preco
11,3,P3030,P3030,5,Rectangle,,Round,1,5,#N/A,Magnets,Preco
3.5,4.25,P3031,P3031,12,Picture Frame - Tooth,Picture Frame,Round,3,4,#N/A,Magnets,Preco
5,2.9796,P3032,P3032,10,Custom Shape,,NA,2,5,#N/A,Magnets,Preco
3,4,P3033,P3033,12,Custom Shape_Kiss-Cut,,Square,6,2,#N/A,Magnets,Preco
6.25,6.25,P3034,P3034,2,Circle,Circle,NA,1,2,#N/A,Magnets,Preco
4.55,2.5275,P3035,P3035,12,Wrench Shape,,NA,4,3,#N/A,Magnets,Preco
4.65,3.7679,P3036,P3036,8,Custom Shape,,NA,4,2,#N/A,Magnets,Preco
2.25,1.75,P3037,P3037,35,Rectangle,,Square,5,7,https://media.magnetguys.com/diecut_proof/D__P3037__1.75-x-2.25_P3037_Square-corner.jpg,Magnets,Preco
5.25,3.25,P3038,P3038,10,Rectangle,,Square,2,5,https://media.magnetguys.com/diecut_proof/D__P3038__5.25-x-3.25_P3038_Square-corner.jpg,Magnets,Preco
4.5411,5,P3039,P3039,6,Custom Shape,,NA,2,3,#N/A,Magnets,Preco
2.558,6.0176,P3040,P3040,12,Rectangle,,Square,4,3,#N/A,Magnets,Preco
2.3742,2.2879,P3041,P3041,32,Custom Shape,,NA,16,2,#N/A,Magnets,Preco
4.101,5,P3042,P3042,8,Cup Shape,,NA,2,4,#N/A,Magnets,Preco
5,3.5,P3043,P3043,9,Custom Louisa county map,,NA,3,3,#N/A,Magnets,Preco
5.4171,4.3099,P3044,P3044,8,Custom - Brain,,NA,2,4,#N/A,Magnets,Preco
3.39,2.03,P3045,P3045,24,Custom Shape,,NA,3,8,#N/A,Magnets,Preco
4.68,1.31,P3046,P3046,24,Bus Shape,,NA,12,2,#N/A,Magnets,Preco
6.4364,4.2987,P3047,P3047,4,Custom Shape,,NA,2,2,#N/A,Magnets,Preco
11.875,9,P3048,P3048,2,Rectangle,,Round,1,2,#N/A,Magnets,Preco
6,4,P3049,P3049,6,Kisscut,,Square,3,2,#N/A,Magnets,Preco
7,5,P3050,P3050,4,Kisscut,,Square,2,2,#N/A,Magnets,Preco
4.5339,1.9077,P3051,P3051,15,Oil Truck,,NA,5,3,#N/A,Magnets,Preco
5.61,6.55,P3052,P3052,3,Shield Shape,,NA,1,3,#N/A,Magnets,Preco
4.95,4.6588,P3053,P3053,6,Custom Shape,,NA,2,3,#N/A,Magnets,Preco
6.25,1.25,P3054,P3054,14,Rectangle,,Round,7,2,#N/A,Magnets,Preco
2.38,3.13,P3055,P3055,21,Book Shape,,NA,3,7,#N/A,Magnets,Preco
3.7827,4.0495,P3056,P3056,9,Custom Shape,,NA,3,3,#N/A,Magnets,Preco
4.251,4.6169,P3057,P3057,8,Custom Shape,,NA,4,2,#N/A,Magnets,Preco
8,6,P3058,P3058,3,Kisscut,,Square,1,3,#N/A,Magnets,Preco
3.375,2.3125,P3059,P3059,20,Rectangle,,Square,4,5,#N/A,Magnets,Preco
6,4,P3060,P3060,4,Kisscut,,Square,2,2,#N/A,Magnets,Preco
4.75,6.75,P3061,P3061,4,Picture frame,Picture Frame,Round,2,2,#N/A,Magnets,Preco
4.6078,5.1926,P3062,P3062,6,Custom Shape - Shield,,NA,2,3,#N/A,Magnets,Preco
2.64,4.4,P3063,P3063,12,Rectangle,,Square,6,2,#N/A,Magnets,Preco
4.75,3.62,P3064,P3064,8,Custom Shape,,NA,4,2,#N/A,Magnets,Preco
6.05,2.84,P3065,P3065,12,Custom Shape,,NA,4,3,#N/A,Magnets,Preco
3.8418,2.5582,P3066,P3066,16,Custom Shape - Oval,Oval,NA,8,2,#N/A,Magnets,Preco
4.3586,6.0145,P3067,P3067,6,Custom Shape,,NA,2,3,#N/A,Magnets,Preco
11,5.75,P3068,P3068,3,Custom Shape - Oval,Oval,NA,1,3,#N/A,Magnets,Preco
3.2811,3.6399,P3069,P3069,12,Custom Shape,,NA,6,2,#N/A,Magnets,Preco
5.9,4.43,P3070,P3070,6,Helmet Shapes,,NA,2,3,#N/A,Magnets,Preco
2.9626,1.9929,P3071,P3071,24,Custom Shape,,NA,2,12,#N/A,Magnets,Preco
6.7507,5.2428,P3072,P3072,4,Custom Shape - Picture frame,Picture Frame,Round,2,2,#N/A,Magnets,Preco
6,5.5,P3073,P3073,3,Heart Shape,,NA,1,3,#N/A,Magnets,Preco
4.65 87,1.6995,P3074,P3074,18,Truck Shaped,,NA,6,3,#N/A,Magnets,Preco
4,2.25,P3075,P3075,16,Rectangle,,Round,8,2,https://media.magnetguys.com/diecut_proof/D__P3075__2.25-x-4_P3075_Round-corner.jpg,Magnets,Preco
4,2.25,P3076,P3076,24,Custom Shape,,NA,12,2,#N/A,Magnets,Preco
5.5,8.5,P3077,P3077,3,Custom Punch out Shape,,Round,1,3,#N/A,Magnets,Preco
8.625,8.625,P3078,P3078,2,Circle,Circle,NA,1,2,#N/A,Magnets,Preco
4.9995,2.6357,P3079,P3079,12,Custom Shape - Oval,Oval,NA,2,6,#N/A,Magnets,Preco
3.555,7.5866,P3080,P3080,4,Custom Shape,,NA,2,2,#N/A,Magnets,Preco
3,2.31,P3081,P3081,20,Cow Shape,,NA,4,5,#N/A,Magnets,Preco
4.8293,5,P3082,P3082,6,Custom Shape - Shield,,NA,2,3,#N/A,Magnets,Preco
4.9636,5.4692,P3083,P3083,6,Custom Shape,,NA,2,3,#N/A,Magnets,Preco
3.0489,1.5491,P3084,P3084,30,Custom SHape,,NA,15,2,#N/A,Magnets,Preco
7.37,6.18,P3085,P3085,2,Helmet Shapes,,NA,1,2,#N/A,Magnets,Preco
2.58,3,P3086,P3086,20,Arizona shape,Shaped,NA,4,5,https://media.magnetguys.com/diecut_proof/D__P3086__2.58-x-3_P3086_TMG24080616_Arizona-shape.jpg,Magnets,Preco
6.25,3.6,P3087,P3087,6,Cloud Shape,,NA,3,2,#N/A,Magnets,Preco
7.5,8,P3088,P3088,2,Rectangle,,Square,1,2,#N/A,Magnets,Preco
5.0646,5.4765,P3089,P3089,6,Custom Shape,,NA,2,3,#N/A,Magnets,Preco
5.3786,4.896,P3090,P3090,6,Custom Shape,,NA,2,3,#N/A,Magnets,Preco
5.1655,3.6713,P3091,P3091,8,House Shape,,NA,4,2,#N/A,Magnets,Preco
2.2992,2.1567,P3092,P3092,24,Custom Shape,,NA,12,2,#N/A,Magnets,Preco
4.45,3.53,P3093,P3093,12,Custom Shape,,NA,6,2,#N/A,Magnets,Preco
5.0081,4.0333,P3094,P3094,8,Custom Shape,,NA,2,4,#N/A,Magnets,Preco
6.0174,3.9252,P3095,P3095,6,Custom Shape,,NA,2,3,#N/A,Magnets,Preco
6.2883,2.5,P3096,P3096,8,Custom Shape,,NA,4,2,#N/A,Magnets,Preco
4.75,3.0642,P3097,P3097,10,Custom Shape,,NA,2,5,#N/A,Magnets,Preco
4.4163,3.586,P3098,P3098,8,Custom Shape,,NA,4,2,#N/A,Magnets,Preco
5.8059,2.75,P3099,P3099,9,Custom Shape,,NA,3,3,#N/A,Magnets,Preco
5.3672,5,P3100,P3100,6,Custom Shape,,NA,2,3,#N/A,Magnets,Preco
4.25,2.5,P3101,P3101,16,Custom Shape - Fish,,NA,4,4,#N/A,Magnets,Preco
3.75,4.3663,P3102,P3102,8,Shield Shape,,NA,4,2,#N/A,Magnets,Preco
3.2118,3.065,P3103,P3103,15,Custom Shape,,NA,3,5,#N/A,Magnets,Preco
5.4997,2.5279,P3104,P3104,12,Van Shape,,NA,4,3,#N/A,Magnets,Preco
4.67,6.55,P3105,P3105,6,Rectangle,,Square,3,2,#N/A,Magnets,Preco
3.5,3.5,P3106,P3106,12,Custom Shape,,NA,6,2,#N/A,Magnets,Preco
5.25,2.7248,P3107,P3107,9,Custom Van Shape,,NA,3,3,#N/A,Magnets,Preco
6.2346,5,P3108,P3108,4,Custom Shape,,NA,2,2,#N/A,Magnets,Preco
7.7352,5,P3109,P3109,4,Custom Shape,,NA,2,2,#N/A,Magnets,Preco
3.8241,3.6473,P3110,P3110,8,Custom Shape,,NA,4,2,#N/A,Magnets,Preco
8.3437,3.7379,P3111,P3111,4,Van Shape,,NA,2,2,#N/A,Magnets,Preco
8,5,P3112,P3112,4,Oval shape,Oval,NA,2,2,#N/A,Magnets,Preco
2,2.31,P3113,P3113,35,Custom Bowling Shape,,NA,5,7,#N/A,Magnets,Preco
3.75,2.79,P3114,P3114,12,Custom Shape,,NA,6,2,#N/A,Magnets,Preco
7,3.5,P3115,P3115,6,Semi-Circle Shape,Shaped,NA,3,2,#N/A,Magnets,Preco
2.77,4.2,P3116,P3116,12,Bear Shape,,NA,6,2,#N/A,Magnets,Preco
3,2.5,P3117,P3117,18,Custom Shape,,NA,9,2,#N/A,Magnets,Preco
4.7,5.1,P3118,P3118,6,Paw Shape,,NA,2,3,#N/A,Magnets,Preco
7.5,1.9277,P3119,P3119,10,Custom Shape,,NA,5,2,#N/A,Magnets,Preco
3,6.5,P3120,P3120,6,Rectangle,,Square,3,2,#N/A,Magnets,Preco
5.58,2.71,P3121,P3121,9,Custom Shape,,NA,3,3,#N/A,Magnets,Preco
4.8598,5.5,P3122,P3122,6,Custom Shape,,NA,2,3,#N/A,Magnets,Preco
2.45,2.43,P3123,P3123,24,Shield Shape,,NA,12,2,#N/A,Magnets,Preco
6.75,3.25,P3124,P3124,6,Rectangle,,Square,3,2,#N/A,Magnets,Preco
4,3.36,P3125,P3125,12,Custom Shape,,NA,6,2,#N/A,Magnets,Preco
5.43,1.76,P3126,P3126,15,Custom Shape,,NA,5,3,#N/A,Magnets,Preco
2.88,3,P3127,P3127,18,House Shape,,NA,9,2,#N/A,Magnets,Preco
1.87,1.87,P3128,P3128,40,Heart Shape,,NA,20,2,#N/A,Magnets,Preco
1.75,5,P3129,P3129,15,Cylindrical container shapeShape,Shaped,NA,5,3,#N/A,Magnets,Preco
2.54,2.33,P3130,P3130,30,Triangle Shape,,NA,15,2,#N/A,Magnets,Preco
5,5,P3131,P3131,6,Custom Shape-Kisscut,,NA,2,3,#N/A,Magnets,Preco
4.25,4.15,P3132,P3132,8,Sun Shape,,NA,4,2,#N/A,Magnets,Preco
5,3.9809,P3133,P3133,8,Shield Shape,,NA,2,4,#N/A,Magnets,Preco
3.9846,4.9775,P3134,P3134,6,Shield Shape,,NA,2,3,#N/A,Magnets,Preco
4.92,5.06,P3135,P3135,6,Custom Shape,,NA,2,3,#N/A,Magnets,Preco
3.0332,2.2687,P3136,P3136,20,Custom Shape,,NA,4,5,#N/A,Magnets,Preco
8.5,3.5,P3137,P3137,6,Custom Shape,,NA,3,2,#N/A,Magnets,Preco
5.25,4,P3138,P3138,8,Oval shape,Oval,NA,4,2,#N/A,Magnets,Preco
3.4,1.1429,P3139,P3139,40,Custom Shape,,NA,8,5,#N/A,Magnets,Preco
5,1.76,P3140,P3140,15,Custom Shape,,NA,5,3,#N/A,Magnets,Preco
4.99,2.01,P3141,P3141,15,Custom Shape,,NA,5,3,#N/A,Magnets,Preco
3.07,2.31,P3142,P3142,18,Ribbon Shape,,NA,9,2,#N/A,Magnets,Preco
3.3416,1.485,P3143,P3143,30,Custom Shape - Van,,NA,6,5,https://media.magnetguys.com/diecut_proof/D__P3143__3.3416-x-1.485_P3143_TMG24101706_Van.jpg,Magnets,Preco
3,2.3,P3144,P3144,21,Custom Shape,,NA,3,7,#N/A,Magnets,Preco
5.4643,5,P3145,P3145,6,Custom Shape,,NA,2,3,#N/A,Magnets,Preco
3.67,1.71,P3146,P3146,20,Custom Star Shaped,,NA,5,4,#N/A,Magnets,Preco
4.17,2.7,P3147,P3147,12,Custom Shape,,NA,6,2,#N/A,Magnets,Preco
3.625,3.625,P3148,P3148,8,Custom Shape,,NA,4,2,#N/A,Magnets,Preco
2.23,2.23,P3149,P3149,24,Paw Shape,,NA,12,2,#N/A,Magnets,Preco
2.5,1.94,P3150,P3150,32,Custom Shape,,NA,16,2,#N/A,Magnets,Preco
3.4,3.87,P3151,P3151,12,Penguin Shape,,NA,6,2,#N/A,Magnets,Preco
6,3.5,P3152,P3152,9,Oval shape,Oval,NA,3,3,#N/A,Magnets,Preco
3,3,P3153,P3153,15,Circle - Puzzle piece,Circle,NA,3,5,#N/A,Magnets,Preco
2.9123,1.999,P3154,P3154,25,Custom Shape,,NA,5,5,#N/A,Magnets,Preco
2.9532,1.9807,P3155,P3155,25,Custom Shape,,NA,5,5,#N/A,Magnets,Preco
4.7,2.01,P3156,P3156,15,Van Shape,,NA,5,3,#N/A,Magnets,Preco
3.5,2,P3157,P3157,25,Cruise Ship,,NA,5,5,#N/A,Magnets,Preco
11.8,1,P3158,P3158,9,Custom Shape,,NA,9,1,#N/A,Magnets,Preco
4.0871,4.7944,P3159,P3159,8,Custom Shape,,NA,2,4,#N/A,Magnets,Preco
4.0812,2.1539,P3160,P3160,16,Custom Shape,,NA,4,4,#N/A,Magnets,Preco
3.38,1.72,P3161,P3161,20,Van Shape,,NA,10,2,#N/A,Magnets,Preco
4.83,2.23,P3162,P3162,12,Car Shape,,NA,4,3,#N/A,Magnets,Preco
3.207,2.779,P3163,P3163,18,Custom Shape,,NA,3,6,#N/A,Magnets,Preco
4.2404,4.2308,P3164,P3164,12,Custom Shape,,NA,2,6,#N/A,Magnets,Preco
6.8452,7.3803,P3165,P3165,2,Custom Shape,,NA,1,2,#N/A,Magnets,Preco
4.5,2.75,P3166,P3166,9,Rectangle,,Round,3,3,#N/A,Magnets,Preco
2.73,3.62,P3167,P3167,16,Foot Shape,,NA,4,4,#N/A,Magnets,Preco
6,2.97,P3168,P3168,9,Custom Shape,,NA,3,3,#N/A,Magnets,Preco
3.147,3.196,P3169,P3169,15,Custom Shape - Shield,,NA,3,5,#N/A,Magnets,Preco
3.75,1.98,P3170,P3170,20,Truck Shape,,NA,5,4,#N/A,Magnets,Preco
7.5089,3.65,P3171,P3171,5,Custom Shape,,NA,1,5,#N/A,Magnets,Preco
2.2742,4.1997,P3172,P3172,16,Custom Shape,,NA,4,4,#N/A,Magnets,Preco
1.25,2,P3173,P3173,56,Rectangle,,Square,7,8,#N/A,Magnets,Preco
1.25,1.33,P3174,P3174,77,Rectangle,,Square,7,11,#N/A,Magnets,Preco
1.25,1.71875,P3175,P3175,63,Rectangle,,Square,7,9,#N/A,Magnets,Preco
1.25,2.39653,P3176,P3176,49,Rectangle,,Square,7,7,#N/A,Magnets,Preco
6.2,2.23,P3177,P3177,10,Cyber Truck,,NA,5,2,#N/A,Magnets,Preco
4.348,3.2117,P3178,P3178,12,Custom Shape - Cup,,NA,3,4,#N/A,Magnets,Preco
2.2872,2.178,P3179,P3179,28,Custom Shape,,NA,4,7,#N/A,Magnets,Preco
4.71,1.65,P3180,P3180,18,Truck Shape,,NA,6,3,#N/A,Magnets,Preco
3.5,3.1,P3181,P3181,16,Custom Shape,,NA,4,4,#N/A,Magnets,Preco
11,4.5,P3182,P3182,3,Rectangle,,Square,1,3,#N/A,Magnets,Preco
4.29,4.16,P3183,P3183,12,Custom Shape,,NA,3,4,#N/A,Magnets,Preco
5.1834,6.4,P3184,P3184,4,Custom Shape,,NA,2,2,#N/A,Magnets,Preco
4,5.5,P3185,P3185,9,Custom Shape,,NA,3,3,#N/A,Magnets,Preco
1.68,3,P3186,P3186,25,Custom Shape,,NA,5,5,#N/A,Magnets,Preco
3.6,3.5,P3187,P3187,12,Paw Shape,,NA,3,4,#N/A,Magnets,Preco
2,2,P3188,P3188,40,Custom Shape,,NA,5,8,#N/A,Magnets,Preco
5,8.37,P3189,P3189,4,Custom Shape,,NA,2,2,#N/A,Magnets,Preco
4.25,4.6,P3190,P3190,8,Picture Frame -Shield,Picture Frame,Square,2,4,#N/A,Magnets,Preco
4.72,2.16,P3191,P3191,12,Van Shape,,NA,4,3,#N/A,Magnets,Preco
3.9688,3.4458,P3192,P3192,12,Heart Shape,,NA,3,4,#N/A,Magnets,Preco
3.2316,4.3104,P3193,P3193,12,Dog Shape,,NA,3,4,#N/A,Magnets,Preco
3.1969,4.2889,P3194,P3194,12,Milk Jug,,NA,3,4,#N/A,Magnets,Preco
3.3,4.2381,P3195,P3195,12,Flower Vase,,NA,3,4,#N/A,Magnets,Preco
3.225,4.2498,P3196,P3196,12,Vertical Vintage Paper Shape,,NA,3,4,#N/A,Magnets,Preco
3.2681,4.2499,P3197,P3197,12,Cross Shape,,NA,3,4,#N/A,Magnets,Preco
3.2702,4.25,P3198,P3198,12,A glass of lemonade with a straw and a lemon wedge,,NA,3,4,#N/A,Magnets,Preco
2.8788,4.45,P3199,P3199,12,the top left corner of this shape forms an arch,,NA,3,4,#N/A,Magnets,Preco
4.16,3.25,P3200,P3200,12,Scallop Shell Shape,,NA,3,4,#N/A,Magnets,Preco
4.1367,3.1509,P3201,P3201,12,Book Shape,,NA,3,4,#N/A,Magnets,Preco
3.1881,4.2076,P3202,P3202,12,Acoustic Guitar Shape,,NA,3,4,#N/A,Magnets,Preco
3.3174,4.0536,P3203,P3203,12,Beehive Shape,,NA,3,4,#N/A,Magnets,Preco
3.9153,3.3582,P3204,P3204,12,Pair of baby footprints Shape,,NA,3,4,#N/A,Magnets,Preco
3.2482,4.1684,P3205,P3205,12,Apple on Books Shape,,NA,3,4,#N/A,Magnets,Preco
2.18,3.12,P3206,P3206,20,Custom Tooth Shape,,NA,4,5,#N/A,Magnets,Preco
3.1201,1.5956,P3207,P3207,30,Custom Shape,,NA,6,5,#N/A,Magnets,Preco
2.2619,3,P3208,P3208,20,Shield Shape,,NA,4,5,#N/A,Magnets,Preco
4.9586,2.6912,P3209,P3209,12,Potato Shape,,NA,4,3,#N/A,Magnets,Preco
2.9924,2.5538,P3210,P3210,24,Custom Shape,,NA,4,6,#N/A,Magnets,Preco
2.7419,2.6757,P3211,P3211,24,Custom Shape,,NA,4,6,#N/A,Magnets,Preco
5,8,P3212,P3212,4,Custom Shape - Picture frame,Picture Frame,NA,2,2,#N/A,Magnets,Preco
4.29,2,P3213,P3213,20,Van Shape,,NA,5,4,#N/A,Magnets,Preco
3.3,3.54,P3214,P3214,15,Custom Shape,,NA,3,5,#N/A,Magnets,Preco
3.4,3.5,P3215,P3215,15,Custom Shape,,NA,3,5,#N/A,Magnets,Preco
5.1274,2.7184,P3216,P3216,12,Custom Shape,,NA,4,3,#N/A,Magnets,Preco
4.925,1.3795,P3217,P3217,21,Custom Shape,,NA,7,3,#N/A,Magnets,Preco
4.8189,4.25,P3218,P3218,8,Custom Shape,,NA,2,4,#N/A,Magnets,Preco
4,4.15,P3219,P3219,8,Custom Shape,,NA,2,4,#N/A,Magnets,Preco
3,1.5,P3220,P3220,30,Custom Shape,,NA,3,10,#N/A,Magnets,Preco
4,2.3962,P3221,P3221,16,Custom Shape,,NA,4,4,#N/A,Magnets,Preco
5,1.99,P3222,P3222,16,Custom Shape,,NA,2,8,#N/A,Magnets,Preco
4.5,2,P3223,P3223,15,Van Shape,,NA,5,3,#N/A,Magnets,Preco
4,2,P3224,P3224,16,Bubble Shape,,NA,2,8,#N/A,Magnets,Preco
8.5,4.1082,P3225,P3225,4,Custom Shape,,NA,1,4,#N/A,Magnets,Preco
1.5,3,P3226,P3226,30,Standing human figure Shape,Shaped,NA,3,10,#N/A,Magnets,Preco
5.9,3.35,P3227,P3227,9,Custom Shape,,NA,3,3,#N/A,Magnets,Preco
6.0517,2.6,P3228,P3228,12,Car Shape,,NA,4,3,#N/A,Magnets,Preco
1.5,3.3042,P3229,P3229,30,Standing human figure Shape,Die Cut,NA,6,5,#N/A,Magnets,Preco
3.395,4.0756,P3230,P3230,12,Custom Shape,Die Cut,NA,3,4,#N/A,Magnets,Preco
6.28,4.3,P3231,P3231,4,Custom Shape,Die Cut,NA,2,2,#N/A,Magnets,Preco
6,5.782,P3232,P3232,3,Custom Shape,Die Cut,NA,1,3,#N/A,Magnets,Preco
4.0448,3.9183,P3233,P3233,12,Custom Shape,,NA,3,4,#N/A,Magnets,Preco
4,6.25,P3234,P3234,4,Custom Shape,,NA,2,2,#N/A,Magnets,Preco
2.7338,3.5,P3235,P3235,18,Custom Shape,,NA,3,6,#N/A,Magnets,Preco
1.5,6.375,P3236,P3236,16,Custom Shape,,NA,2,8,#N/A,Magnets,Preco
4.5,2.28,P3237,P3237,14,Custom Shape,,NA,2,7,#N/A,Magnets,Preco
2.5,3.5,P3238,P3238,20,Cross Shape,,NA,4,5,#N/A,Magnets,Preco
2.915,2.25,P3239,P3239,24,Custom Shape,,NA,4,6,#N/A,Magnets,Preco
7,5,P3240,P3240,4,Custom Shape,,NA,2,2,#N/A,Magnets,Preco
3.75,6.12,P3241,P3241,6,House Shape - Left,,NA,3,2,#N/A,Magnets,Preco
3.6727,2.3738,P3242,P3242,16,South Dakota,Die Cut,NA,4,4,#N/A,Magnets,Preco
2.85,2.85,P3243,P3243,18,Flower Shape,Shaped,NA,3,6,#N/A,Magnets,Preco
4,1.125,P3244,P3244,32,Rectangle,,Round,8,4,#N/A,Magnets,Preco
6,4,P3245,P3245,6,Magna Phrase,,Square,2,3,#N/A,Magnets,Preco
2.375,1.9,P3246,P3246,32,Custom Shape,,NA,4,8,#N/A,Magnets,Preco
6,3.1559,P3247,P3247,9,Custom Shape,,NA,3,3,#N/A,Magnets,Preco
2.537,3.45,P3248,P3248,20,Custom Shape,,NA,4,5,#N/A,Magnets,Preco
5.75,5.75,P3249,P3249,3,Custom Shape,,NA,1,3,#N/A,Magnets,Preco
6.15,4.5122,P3250,P3250,6,Custom Shape,,NA,2,3,#N/A,Magnets,Preco
4,4.3207,P3251,P3251,12,Custom Shape,,NA,3,4,#N/A,Magnets,Preco
4.15,7,P3252,P3252,4,Ribbon Shape,,NA,2,2,#N/A,Magnets,Preco
4,4,P3253,P3253,8,Custom Shape,,NA,2,4,#N/A,Magnets,Preco
6.3835,3.1999,P3254,P3254,10,Custom Shape,,NA,2,5,#N/A,Magnets,Preco
2.5363,3.0776,P3255,P3255,18,Custom Shape,,NA,3,6,#N/A,Magnets,Preco
2.75,2.0842,P3256,P3256,24,Custom Shape,,NA,4,6,#N/A,Magnets,Preco
6,9.25,P3257,P3257,3,Kiss Cut,,NA,1,3,#N/A,Magnets,Preco
4,2,P3258,P3258,20,Van Shape,,NA,5,4,#N/A,Magnets,Preco
5.5,5,P3259,P3259,6,Custom Shape,,NA,2,3,#N/A,Magnets,Preco
4,3.75,P3260,P3260,8,Rectangle,,Round,4,2,#N/A,Magnets,Preco
4.3158,2.0428,P3261,P3261,20,Van Shape,,NA,5,4,#N/A,Magnets,Preco
3.4901,4.1887,P3262,P3262,12,Custom Shape,,NA,3,4,#N/A,Magnets,Preco
4.4259,6.25,P3263,P3263,4,Custom Shape,,NA,2,2,#N/A,Magnets,Preco
5.5,4.2573,P3264,P3264,6,Custom Shape,,NA,2,3,#N/A,Magnets,Preco
8.5,3.5,P3265,P3265,6,Kiss Cut,,Square,3,2,#N/A,Magnets,Preco
3.875,2.0262,P3266,P3266,16,Custom Shape,,NA,4,4,#N/A,Magnets,Preco
5.16,3.39,P3267,P3267,9,Custom Shape,,NA,3,3,#N/A,Magnets,Preco
2.24,3.07,P3268,P3268,20,Custom Shape,,NA,4,5,#N/A,Magnets,Preco
1.99,3,P3269,P3269,25,Pickleball Paddle Shape,,NA,5,5,#N/A,Magnets,Preco
2.326,2.5604,P3270,P3270,28,Custom Shape,,NA,4,7,#N/A,Magnets,Preco
2.6907,3,P3271,P3271,20,Shield Shape,,NA,4,5,#N/A,Magnets,Preco
6.2633,7,P3272,P3272,2,Custom Shape,,NA,1,2,#N/A,Magnets,Preco
10.6096,2.2156,P3273,P3273,7,Custom Shape,,NA,1,7,#N/A,Magnets,Preco
5.294,6.7609,P3274,P3274,4,Custom Shape,,NA,2,2,#N/A,Magnets,Preco
7.1,3.32,P3275,P3275,6,Custom Shape,,NA,3,2,#N/A,Magnets,Preco
4,5.193,P3276,P3276,8,Custom Shape,,NA,2,4,#N/A,Magnets,Preco
5.5872,3.9791,P3277,P3277,8,Custom Shape,,NA,2,4,#N/A,Magnets,Preco
2.25,1.31,P3278,P3278,49,Rectangle,,Round,7,7,#N/A,Magnets,Preco
3.017,2.6186,P3279,P3279,24,Custom Shape,Die Cut,NA,4,6,#N/A,Magnets,Preco
2.1763,2.75,P3280,P3280,21,Custom Shape,,NA,3,7,#N/A,Magnets,Preco
4,3,P3281,P3281,12,House with Chimney - Left,,NA,3,4,#N/A,Magnets,Preco
4.1052,1.6061,P3282,P3282,24,Custom Shape,,NA,6,4,#N/A,Magnets,Preco
3.2,2.75,P3283,P3283,18,Chef Cap,,NA,3,6,#N/A,Magnets,Preco
3.38,2.9328,P3284,P3284,15,Custom Shape,,NA,3,5,#N/A,Magnets,Preco
3.0772,2.1022,P3285,P3285,24,Custom Shape,,NA,3,8,#N/A,Magnets,Preco
3,3,P3286,P3286,15,Custom Shape,,NA,3,5,#N/A,Magnets,Preco
6,2.3171,P3287,P3287,12,Custom Shape,,NA,4,3,#N/A,Magnets,Preco
2.3586,2.3998,P3288,P3288,28,Custom Shape,,NA,4,7,#N/A,Magnets,Preco
2.15,2.75,P3289,P3289,24,Tooth Shape,Die Cut,NA,4,6,#N/A,Magnets,Preco
3.5,2,P3290,P3290,24,Oval shape,Oval,NA,3,8,#N/A,Magnets,Preco
2.6153,1.8,P3291,P3291,36,Iowa Shape,Die Cut,NA,4,9,#N/A,Magnets,Preco
5,5.5,P3292,P3292,6,Shield Shape,,NA,2,3,#N/A,Magnets,Preco
3.0803,5.1498,P3293,P3293,10,Paint Brush,,NA,2,5,#N/A,Magnets,Preco
3,3.0663,P3294,P3294,15,Custom Shape,,NA,3,5,#N/A,Magnets,Preco
3.25,9,P3295,P3295,6,Picture Frame,Die Cut,NA,3,2,#N/A,Magnets,Preco
9.132,5.0095,P3296,P3296,4,Truck Shape,Die Cut,NA,2,2,#N/A,Magnets,Preco
3.35,2.0776,P3297,P3297,21,Custom Shape,,NA,3,7,#N/A,Magnets,Preco
1.313,4.12,P3298,P3298,28,Bottle Shape,,NA,7,4,#N/A,Magnets,Preco
2.3192,7,P3299,P3299,8,Bottle Shape,Die Cut,NA,4,2,#N/A,Magnets,Preco
3,4,P3300,P3300,12,Custom Shape,,NA,3,4,#N/A,Magnets,Preco
5.3116,5.1984,P3301,P3301,6,Custom Shape,,NA,2,3,#N/A,Magnets,Preco
3,2.34,P3302,P3302,21,Custom Shape,,NA,3,7,#N/A,Magnets,Preco
1.3397,4,P3303,P3303,28,Bottle Shape,Die Cut,NA,7,4,#N/A,Magnets,Preco
2.2283,3.125,P3304,P3304,21,Custom Shape,,NA,3,7,#N/A,Magnets,Preco
2.25,2.15,P3305,P3305,28,Custom Shape,,NA,4,7,#N/A,Magnets,Preco
5,5,P3306,P3306,6,Kiss Cut,,NA,2,3,#N/A,Magnets,Preco
2.75,2.4431,P3307,P3307,24,Custom Shape,,NA,4,6,#N/A,Magnets,Preco
5.0922,5,P3308,P3308,6,Custom Shape,,NA,2,3,#N/A,Magnets,Preco
2.3109,5,P3309,P3309,12,Custom Shape,,NA,4,3,#N/A,Magnets,Preco
2.1365,2.151,P3310,P3310,35,Faucet Shape,,NA,5,7,#N/A,Magnets,Preco
5,8.5,P3311,P3311,4,Rectangle,,Round,2,2,#N/A,Magnets,Preco
3.5,3,P3312,P3312,20,Custom Shape,Die Cut,NA,4,5,#N/A,Magnets,Preco
3,6,P3313,P3313,9,Custom Shape,Die Cut,NA,3,3,#N/A,Magnets,Preco
5.211,8.4768,P3314,P3314,4,Custom Shape,,NA,2,2,#N/A,Magnets,Preco
2.9634,2.9696,P3315,P3315,15,Rectangle Bear Shaped,,NA,3,5,#N/A,Magnets,Preco
10.2064,4.4114,P3316,P3316,4,Custom Shape,,NA,1,4,#N/A,Magnets,Preco
3,3.9,P3317,P3317,12,Custom Shape,,NA,3,4,#N/A,Magnets,Preco
3.5,6,P3318,P3318,9,Custom Shape,Die Cut,NA,3,3,#N/A,Magnets,Preco
6.5,2.6079,P3319,P3319,8,Car Shape,,NA,4,2,#N/A,Magnets,Preco
2.9514,2.3661,P3320,P3320,25,Custom Shape,,NA,5,5,#N/A,Magnets,Preco
2.88,6,P3321,P3321,12,Custom Shape,Die Cut,NA,4,3,#N/A,Magnets,Preco
3.5,4,P3322,P3322,12,Custom Shape,,NA,3,4,#N/A,Magnets,Preco
2.1245,2.2406,P3323,P3323,35,Custom Shape,Die Cut,NA,5,7,#N/A,Magnets,Preco
4,7,P3324,P3324,4,Rectangle,Square,Square,2,2,#N/A,Magnets,Preco
3.0281,3.6635,P3325,P3325,16,Custom Shape,,NA,4,4,#N/A,Magnets,Preco
4.0952,3.8966,P3326,P3326,12,Custom Shape,,NA,3,4,#N/A,Magnets,Preco
1.5761,6.5792,P3327,P3327,14,Custom Shape,,NA,7,2,#N/A,Magnets,Preco
5,2.5965,P3328,P3328,12,Truck Shape,,NA,4,3,#N/A,Magnets,Preco
7.9512,10,P3329,P3329,2,Shield Shape,Die Cut,NA,1,2,#N/A,Magnets,Preco
2.5219,3.1249,P3330,P3330,20,Custom Shape,,NA,4,5,#N/A,Magnets,Preco
2.2313,2.9211,P3331,P3331,25,Custom Shape,,NA,5,5,#N/A,Magnets,Preco
2.1724,3.515,P3332,P3332,20,Custom Shape,,NA,4,5,#N/A,Magnets,Preco
4,2.8087,P3333,P3333,16,Custom Shape,,NA,4,4,#N/A,Magnets,Preco
3.75,1.85,P3334,P3334,20,Custom Shape,,NA,5,4,#N/A,Magnets,Preco
2.5,9,P3335,P3335,8,Rectangle,,Round,4,2,#N/A,Magnets,Preco
1.45,6.2,P3336,P3336,16,Custom Shape,,NA,8,2,#N/A,Magnets,Preco
3.7853,3.65,P3337,P3337,12,Custom Shape,,NA,3,4,#N/A,Magnets,Preco
5.976,1.938,P3338,P3338,10,Custom Shape,,NA,5,2,#N/A,Magnets,Preco
3,1.5,P3339,P3339,30,Ticket Shape,,NA,6,5,#N/A,Magnets,Preco
2.1586,2.1189,P3340,P3340,35,Custom Shape,,NA,5,7,#N/A,Magnets,Preco
6,3.0717,P3341,P3341,9,Custom Shape,,NA,3,3,#N/A,Magnets,Preco
3.5,2.5,P3342,P3342,20,Piggy Bank Shape,,NA,4,5,#N/A,Magnets,Preco
3.5,3.75,P3343,P3343,12,Picture frame Georgia Shape,Picture Frame,NA,3,4,#N/A,Magnets,Preco
3.1244,3.0677,P3344,P3344,15,Custom Shape,,NA,3,5,#N/A,Magnets,Preco
3.6064,2.4667,P3345,P3345,16,Custom Shape,,NA,4,4,#N/A,Magnets,Preco
6,4.7854,P3346,P3346,8,Custom Shape,,NA,2,4,#N/A,Magnets,Preco
3.6154,4.1093,P3347,P3347,12,Citrus Shape,,NA,3,4,#N/A,Magnets,Preco
2.8635,3.331,P3348,P3348,18,Oval shape,Oval,NA,3,6,#N/A,Magnets,Preco
3,3,P3349,P3349,15,Custom Shape,,NA,3,5,#N/A,Magnets,Preco
4.4407,2,P3350,P3350,20,Van Shape,,NA,5,4,#N/A,Magnets,Preco
4.4941,4.3,P3351,P3351,8,Custom Shape,Die Cut,NA,2,4,#N/A,Magnets,Preco
5.75,2.3159,P3352,P3352,12,Semi-Trailer Shape,Shaped,NA,4,3,#N/A,Magnets,Preco
3.15,1.8664,P3353,P3353,25,Bat shape,,NA,5,5,#N/A,Magnets,Preco
7.03,2.6,P3354,P3354,6,Custom Shape,Die Cut,NA,3,2,#N/A,Magnets,Preco
3.6278,4.2881,P3355,P3355,8,Custom Shape,,NA,2,4,#N/A,Magnets,Preco
3.55,1.6244,P3356,P3356,24,Van Shape,Die Cut,NA,6,4,#N/A,Magnets,Preco
2.1909,2.1969,P3357,P3357,28,Circular saw blade Shape,,NA,4,7,#N/A,Magnets,Preco
5.5,3.5,P3358,P3358,10,Rectangle,Square,Square,2,5,#N/A,Magnets,Preco
2.1213,2.1396,P3359,P3359,28,Custom Shape,,NA,4,7,#N/A,Magnets,Preco
4.8232,3.722,P3360,P3360,8,Custom Shape,,NA,2,4,#N/A,Magnets,Preco
2.974,2.686,P3361,P3361,18,Custom Shape,,NA,3,6,#N/A,Magnets,Preco
3.097,2.2272,P3362,P3362,20,Custom Shape,,NA,4,5,#N/A,Magnets,Preco
4.1131,2.4103,P3363,P3363,16,Custom Shape,,NA,4,4,#N/A,Magnets,Preco
3.5395,3.2306,P3364,P3364,15,Custom Shape,Die Cut,NA,3,5,#N/A,Magnets,Preco
3,3.9852,P3365,P3365,12,Custom Shape,,NA,3,4,#N/A,Magnets,Preco
5.3135,3.625,P3366,P3366,8,Custom Shape,Die Cut,NA,2,4,#N/A,Magnets,Preco
5.2059,5.2432,P3367,P3367,6,Faucet Shape,,NA,2,3,#N/A,Magnets,Preco
3.2367,3.066,P3368,P3368,18,Heart Shape,Die Cut,NA,3,6,#N/A,Magnets,Preco
4,4,P3369,P3369,8,Custom Picture Frame Circle Shape,Die Cut,NA,2,4,#N/A,Magnets,Preco
2.2946,2.1473,P3370,P3370,28,Custom Shape,,NA,4,7,#N/A,Magnets,Preco
2,2.4807,P3371,P3371,30,"""X"" Shape",Die Cut,NA,5,6,#N/A,Magnets,Preco
5,4.5,P3372,P3372,6,Paw Shape,,NA,2,3,#N/A,Magnets,Preco
5,3.2,P3373,P3373,10,Rectangle,,Square,2,5,#N/A,Magnets,Preco
2.75,3.0592,P3374,P3374,18,Custom Shape,,NA,3,6,#N/A,Magnets,Preco
4,1.5686,P3375,P3375,24,Trailer Truck Shape,,NA,6,4,#N/A,Magnets,Preco
3.5,3.25,P3376,P3376,12,Custom Shape,,NA,3,4,#N/A,Magnets,Preco
2,2,P3377,P3377,56,Triangle Shape,Die Cut,NA,8,7,#N/A,Magnets,Preco
2.3413,2.9461,P3378,P3378,20,Custom Shape,Die Cut,NA,4,5,#N/A,Magnets,Preco
4.875,2.25,P3379,P3379,12,Convertible Auto Car Shape,,NA,4,3,#N/A,Magnets,Preco
5.1437,2.8007,P3380,P3380,12,Custom Shape,,NA,4,3,#N/A,Magnets,Preco
4.5,7.5,P3381,P3381,3,Picture Frame,Die Cut,Round,1,3,#N/A,Magnets,Preco
4.1407,7,P3382,P3382,4,Custom Shape,,NA,2,2,#N/A,Magnets,Preco
4.88,5.85,P3383,P3383,6,Shield Shape,,NA,2,3,#N/A,Magnets,Preco
3.125,3.125,P3384,P3384,20,Custom Shape,,NA,4,5,#N/A,Magnets,Preco
6,3.6055,P3385,P3385,9,Custom Shape,,NA,3,3,#N/A,Magnets,Preco
5.2031,3.2685,P3386,P3386,10,Custom Shape,Die Cut,NA,2,5,#N/A,Magnets,Preco
7.9099,3.5267,P3387,P3387,6,Fish Shape,,NA,3,2,#N/A,Magnets,Preco
4.3668,3.02,P3388,P3388,12,Custom Shape,Die Cut,NA,3,4,#N/A,Magnets,Preco
5.1962,2.35,P3389,P3389,12,Custom Shape,Die Cut,NA,4,3,#N/A,Magnets,Preco
4.75,3.1477,P3390,P3390,9,Custom Shape,Die Cut,NA,3,3,#N/A,Magnets,Preco
2.3986,7.25,P3391,P3391,8,Bottle Cylindrical Shape,,NA,4,2,#N/A,Magnets,Preco
2.3446,2.9662,P3392,P3392,20,Custom Shape,Die Cut,NA,4,5,#N/A,Magnets,Preco
9,11.875,P3393,P3393,1,Rectangle,Die Cut,Square,1,1,#N/A,Magnets,Preco
3.45,2.0105,P3394,P3394,25,Custom Shape,,NA,5,5,#N/A,Magnets,Preco
4,3.38,P3395,P3395,15,Custom Shape,Die Cut,NA,3,5,#N/A,Magnets,Preco
1.6384,3.4105,P3396,P3396,30,Vertical cylinder Shape,Die Cut,NA,6,5,#N/A,Magnets,Preco
2.5,1.9545,P3397,P3397,30,Custom Shape,Die Cut,NA,5,6,#N/A,Magnets,Preco
5.95,4.638,P3398,P3398,6,Custom Shape,Die Cut,NA,2,3,#N/A,Magnets,Preco
3.75,2.756,P3399,P3399,12,Custom - Round Corner,Die Cut,Round,3,4,#N/A,Magnets,Preco
4,3.4592,P3400,P3400,12,Custom Shape,,NA,3,4,#N/A,Magnets,Preco
2.9088,3.5726,P3401,P3401,12,Custom Shape,Die Cut,NA,3,4,#N/A,Magnets,Preco
6.5,2.4244,P3402,P3402,8,Pickup Truck Shape,,NA,4,2,#N/A,Magnets,Preco
3,4,P3403,P3403,12,Custom X Shape,,NA,3,4,#N/A,Magnets,Preco
4.1828,3.3331,P3404,P3404,12,Custom Shape,Die Cut,NA,3,4,#N/A,Magnets,Preco
1.9342,2.5,P3405,P3405,30,Custom Shape,Die Cut,NA,5,6,#N/A,Magnets,Preco
4.05,3.2987,P3406,P3406,12,M Shape,,NA,3,4,#N/A,Magnets,Preco
3.2783,6,P3407,P3407,9,Bulb Shape,,NA,3,3,#N/A,Magnets,Preco
2.29,3,P3408,P3408,20,Custom Shape,,NA,4,5,#N/A,Magnets,Preco
6.39,2.5,P3409,P3409,8,Police Car Shape,Die Cut,NA,4,2,#N/A,Magnets,Preco
2.75,3.5,P3410,P3410,15,Rectangle,Square,NA,3,5,#N/A,Magnets,Preco
3.0709,3.0709,P3411,P3411,15,Rectangle,Die Cut,Round,3,5,#N/A,Magnets,Preco
2,2.0826,P3412,P3412,40,Custom Shape,,NA,5,8,#N/A,Magnets,Preco
3.6114,2.75,P3413,P3413,16,Custom Shape,,NA,4,4,#N/A,Magnets,Preco
2.4999,2.6626,P3414,P3414,24,Custom Shape,,NA,4,6,#N/A,Magnets,Preco
3.6761,3.7825,P3415,P3415,12,Custom Shape,,NA,3,4,#N/A,Magnets,Preco
5.8885,2.2844,P3416,P3416,12,Custom Shape,Die Cut,NA,4,3,#N/A,Magnets,Preco
6,4,P3417,P3417,6,Rectangle,Round,Round,2,3,#N/A,Magnets,Preco
3.5,4.5,P3418,P3418,9,Picture Frame - Shield,Picture Frame,NA,3,3,#N/A,Magnets,Preco
3.1269,1.4538,P3419,P3419,30,Truck Shape,,NA,6,5,#N/A,Magnets,Preco
3.21,2.48,P3420,P3420,20,Bubble Shape,,NA,4,5,#N/A,Magnets,Preco
3.5191,3.8716,P3421,P3421,12,Sheriff's Badge Shape,,NA,3,4,#N/A,Magnets,Preco
2.91,2.1153,P3422,P3422,30,Rectangle,,Round,5,6,#N/A,Magnets,Preco
7,5,P3423,P3423,4,Picture Frame,Picture Frame,Square,2,2,#N/A,Magnets,Preco
5.25,3,P3424,P3424,10,Picture Frame,Picture Frame,NA,2,5,#N/A,Magnets,Preco
6,4.7219,P3425,P3425,6,Custom Shape,,NA,2,3,#N/A,Magnets,Preco
11,7.3855,P3426,P3426,2,Custom Shape,Die Cut,NA,1,2,#N/A,Magnets,Preco
7,5,P3427,P3427,4,Shield Shape,Die Cut,NA,2,2,#N/A,Magnets,Preco
4,4,P3428,P3428,8,Rectangle,Die Cut,Round,2,4,#N/A,Magnets,Preco
4.5,4.1,P3429,P3429,12,Custom Shape,Die Cut,NA,3,4,#N/A,Magnets,Preco
4.375,4.5,P3430,P3430,8,Custom Shape,Die Cut,NA,2,4,#N/A,Magnets,Preco
3.7149,3.691,P3431,P3431,12,Custom Shape,,NA,3,4,#N/A,Magnets,Preco
2.5,2.3641,P3432,P3432,24,Custom Shape,,NA,4,6,#N/A,Magnets,Preco
6,3.8913,P3433,P3433,6,Custom Shape,Die Cut,NA,2,3,#N/A,Magnets,Preco
2.1698,2.2779,P3434,P3434,35,Custom Shape,,NA,5,7,#N/A,Magnets,Preco
3,2,P3435,P3435,25,Custom Shape,,NA,5,5,#N/A,Magnets,Preco
2.5,2.5,P3436,P3436,24,Custom Shape,,NA,4,6,#N/A,Magnets,Preco
4,2.5,P3437,P3437,12,Rectangle,Square,Square,2,6,#N/A,Magnets,Preco
4,3,P3438,P3438,10,Picture frame Punch out,Die Cut,Square,2,5,#N/A,Magnets,Preco
4.1375,4.1779,P3439,P3439,8,Broccoli Shape,,NA,2,4,#N/A,Magnets,Preco
3,3.2168,P3440,P3440,15,Custom Shape,,NA,3,5,#N/A,Magnets,Preco
6,3.3428,P3441,P3441,9,Dump truck (Construction truck),,NA,3,3,#N/A,Magnets,Preco
8,8.0831,P3442,P3442,2,Octagon,,NA,1,2,#N/A,Magnets,Preco
2.3521,2.1188,P3443,P3443,28,Flower Shape,,NA,4,7,#N/A,Magnets,Preco
2.1603,2.2843,P3444,P3444,28,Custom Shape,,NA,4,7,#N/A,Magnets,Preco
4,3.4641,P3445,P3445,16,Triangle Shape,Die Cut,NA,4,4,#N/A,Magnets,Preco
2.8,2.6,P3446,P3446,24,Shirt Shape,,NA,4,6,#N/A,Magnets,Preco
4.4212,5.978,P3447,P3447,6,Shield Shape,,NA,2,3,#N/A,Magnets,Preco
4.4508,1.9545,P3448,P3448,20,Van Shape,,NA,5,4,#N/A,Magnets,Preco
4.6657,4.6511,P3449,P3449,6,Custom Shape,,NA,2,3,#N/A,Magnets,Preco
6.091,2.6021,P3450,P3450,8,Custom Shape,,NA,4,2,#N/A,Magnets,Preco
4.1338,4.3263,P3451,P3451,9,Custom Shape,,NA,3,3,#N/A,Magnets,Preco
5.3738,2.2262,P3452,P3452,15,Custom Shape,,NA,5,3,#N/A,Magnets,Preco
4,3.94,P3453,P3453,8,Custom Shape,,NA,2,4,#N/A,Magnets,Preco
4.1499,3.7896,P3454,P3454,8,Custom Shape,,NA,2,4,#N/A,Magnets,Preco
4,1.9075,P3455,P3455,20,Custom Shape,,NA,5,4,#N/A,Magnets,Preco
4.0927,3.8834,P3456,P3456,8,Custom Shape,,NA,2,4,#N/A,Magnets,Preco
5.4545,5.07,P3457,P3457,6,Custom Shape,,NA,2,3,#N/A,Magnets,Preco
5,5,P3458,P3458,6,Custom Shape,,NA,2,3,#N/A,Magnets,Preco
3.5,2.5,P3459,P3459,16,House Shape,,NA,4,4,#N/A,Magnets,Preco
4.5,3.5,P3460,P3460,9,Picture Frame-Football,Picture Frame,NA,3,3,#N/A,Magnets,Preco
7.5,4.5,P3461,P3461,4,Picture frame,Picture Frame,Square,2,2,#N/A,Magnets,Preco
4.25,3.2665,P3462,P3462,12,Custom Shape,Die Cut,NA,3,4,#N/A,Magnets,Preco
4.8985,5.6907,P3463,P3463,6,Shield Shape,,NA,2,3,#N/A,Magnets,Preco
2.1389,4,P3464,P3464,16,Beer Can Shape,,NA,4,4,#N/A,Magnets,Preco
4.5,1.125,P3465,P3465,24,Rectangle,,Round,8,3,#N/A,Magnets,Preco
2.95,2,P3466,P3466,25,Custom Oval Shape,Oval,NA,5,5,#N/A,Magnets,Preco
3,3.3438,P3467,P3467,15,Custom Shape,,NA,3,5,#N/A,Magnets,Preco
2.909,2.7221,P3468,P3468,24,Custom Shape,,NA,4,6,#N/A,Magnets,Preco
2.25,3,P3469,P3469,20,Rectangle,,Round,4,5,#N/A,Magnets,Preco
4.7011,4.192,P3470,P3470,8,Custom Shape,,NA,2,4,#N/A,Magnets,Preco
5.6,2.4,P3471,P3471,12,Custom Van Shape,Die Cut,NA,4,3,#N/A,Magnets,Preco
4.1421,6,P3472,P3472,16,Ribbon Shape,,NA,4,4,#N/A,Magnets,Preco
4.08,3.74,P3473,P3473,8,Cup cake Shape,,NA,2,4,#N/A,Magnets,Preco
2.7,2.9049,P3474,P3474,24,Custom Shape,,NA,4,6,#N/A,Magnets,Preco
3.1,1.6,P3475,P3475,30,Custom Shape,,NA,6,5,#N/A,Magnets,Preco
2.8476,3,P3476,P3476,15,Custom Shape,,NA,3,5,#N/A,Magnets,Preco
4,4,P3477,P3477,8,Paw Shape,,NA,2,4,#N/A,Magnets,Preco
6,2.3,P3478,P3478,12,Custom Shape,,NA,4,3,#N/A,Magnets,Preco
5,2.6652,P3479,P3479,12,Foot shape,,NA,4,3,#N/A,Magnets,Preco
9,9,P3480,P3480,2,Custom Shape,,Round,1,2,#N/A,Magnets,Preco
3,1.44,P3481,P3481,30,Car Shape,,NA,6,5,#N/A,Magnets,Preco
4.2499,2.032,P3482,P3482,16,Ambulance Shape,,NA,4,4,#N/A,Magnets,Preco
2.4444,3.6523,P3483,P3483,16,Custom Shape,,NA,4,4,#N/A,Magnets,Preco
2.4938,3.5939,P3484,P3484,16,Custom Shape,,NA,4,4,#N/A,Magnets,Preco
2.3516,3.6354,P3485,P3485,16,Custom Shape,,NA,4,4,#N/A,Magnets,Preco
2.5665,3.2988,P3486,P3486,20,Custom Shape,,NA,4,5,#N/A,Magnets,Preco
2.4516,3.6155,P3487,P3487,16,Custom Shape,,NA,4,4,#N/A,Magnets,Preco
2.3738,3.7305,P3488,P3488,16,Custom Shape,,NA,4,4,#N/A,Magnets,Preco
2.7365,3.213,P3489,P3489,20,Custom Shape,,NA,4,5,#N/A,Magnets,Preco
2.5137,3.2872,P3490,P3490,20,Custom Shape,,NA,4,5,#N/A,Magnets,Preco
2.6314,3.3162,P3491,P3491,20,Custom Shape,,NA,4,5,#N/A,Magnets,Preco
2.3951,3.6703,P3492,P3492,16,Custom Shape,,NA,4,4,#N/A,Magnets,Preco
3.45,3.45,P3493,P3493,15,Rectangle,,Square,3,5,#N/A,Magnets,Preco
2.25,2.2172,P3494,P3494,28,Custom Shape,,NA,4,7,#N/A,Magnets,Preco
5.35,5.1391,P3495,P3495,6,Custom Shape,,NA,2,3,#N/A,Magnets,Preco
3.5,3.4233,P3496,P3496,12,Shield Shape,,NA,3,4,#N/A,Magnets,Preco
5,2.077,P3497,P3497,12,Custom Shape,,NA,4,3,#N/A,Magnets,Preco
3.75,1.875,P3498,P3498,20,Custom Shape,,NA,5,4,#N/A,Magnets,Preco
3.85,5.7,P3499,P3499,6,Custom Shape,Die Cut,NA,2,3,#N/A,Magnets,Preco
3.82,5.4,P3500,P3500,9,Custom Shape,Die Cut,NA,3,3,#N/A,Magnets,Preco
4.4198,1.7923,P3501,P3501,20,Van Shape,,NA,5,4,#N/A,Magnets,Preco
3.5838,2.4959,P3502,P3502,16,Potato Shape,,NA,4,4,#N/A,Magnets,Preco
8.5,5.5,P3503,P3503,6,Kiss cut,,Square,3,2,#N/A,Magnets,Preco
2.5698,1.8448,P3504,P3504,30,Custom Shape,,NA,5,6,#N/A,Magnets,Preco
3,3.4964,P3505,P3505,15,Custom Shape,,NA,3,5,#N/A,Magnets,Preco
2.87,7,P3506,P3506,8,Custom Shape,Die Cut,NA,4,2,#N/A,Magnets,Preco
3.1139,1.5888,P3507,P3507,30,Van Shape,,NA,6,5,#N/A,Magnets,Preco
3.3146,2.6503,P3508,P3508,20,Custom Shape,,NA,4,5,#N/A,Magnets,Preco
5.75,5.75,P3509,P3509,3,Paw Shape,Die Cut,NA,1,3,#N/A,Magnets,Preco
6.3886,2.75,P3510,P3510,6,Garbage truck Shape,,NA,3,2,#N/A,Magnets,Preco
2.75,2.117,P3511,P3511,32,Custom Shape,,NA,4,8,#N/A,Magnets,Preco
1.6526,2.8051,P3512,P3512,36,Custom Shape,Die Cut,NA,6,6,#N/A,Magnets,Preco
3.875,5.25,P3513,P3513,8,Custom Shape,,NA,4,2,#N/A,Magnets,Preco
2.5821,3.7838,P3514,P3514,16,House Shape,Die Cut,NA,4,4,#N/A,Magnets,Preco
5,4.6015,P3515,P3515,6,Truck Shape,,NA,2,3,#N/A,Magnets,Preco
5.25,4.1303,P3516,P3516,8,Shield Shape,,NA,2,4,#N/A,Magnets,Preco
3.5,2,P3517,P3517,20,Dog bowl Shape,,NA,5,4,#N/A,Magnets,Preco
3.5708,1.3346,P3518,P3518,28,Spanner Shape,,NA,7,4,#N/A,Magnets,Preco
2.7027,2.5921,P3519,P3519,24,Custom Shape,Die Cut,NA,4,6,#N/A,Magnets,Preco
7,4,P3520,P3520,6,Custom Shape,Die Cut,NA,3,2,#N/A,Magnets,Preco
4.127,2.8706,P3521,P3521,12,Custom Shape,,NA,3,4,#N/A,Magnets,Preco
6.4,6.4,P3522,P3522,2,Picture Frame,Picture Frame,Round,1,2,#N/A,Magnets,Preco
3.75,6,P3523,P3523,6,Rectangle,Square,Square,2,3,#N/A,Magnets,Preco
3.9245,6.0155,P3524,P3524,6,Custom Shape,,NA,3,2,#N/A,Magnets,Preco
4,5,P3525,P3525,6,Rectangle,,Square,2,3,#N/A,Magnets,Preco
3,3.2096,P3526,P3526,15,Custom Shape,,NA,3,5,#N/A,Magnets,Preco
3,3.1425,P3527,P3527,15,Custom Shape,,NA,3,5,#N/A,Magnets,Preco
3.4877,2,P3528,P3528,25,Custom Van Shape,Die Cut,NA,5,5,#N/A,Magnets,Preco
7.5,6.5537,P3529,P3529,2,Custom Heart Shape,Die Cut,NA,1,2,#N/A,Magnets,Preco
,,P3530,P3530,-,Rectangle,Die Cut,NA,,,#N/A,Magnets,Preco
4,2.6098,P3531,P3531,12,Custom Shape,,NA,3,4,#N/A,Magnets,Preco
2.0519,2.5,P3532,P3532,32,Custom Shield Shape,,NA,4,8,#N/A,Magnets,Preco
2.092,2.3387,P3533,P3533,32,Custom Shape,,NA,4,8,#N/A,Magnets,Preco
2.9044,3.3178,P3534,P3534,15,Custom Shape,,NA,3,5,#N/A,Magnets,Preco
6,3.75,P3535,P3535,6,Custom Shape,,NA,2,3,#N/A,Magnets,Preco
4,4.4303,P3536,P3536,9,Custom Shape,,NA,3,3,#N/A,Magnets,Preco
6,11,P3537,P3537,3,Rectangle,,Square,1,3,#N/A,Magnets,Preco
2.68,4.75,P3538,P3538,12,Custom Shape,,NA,2,6,#N/A,Magnets,Preco
2.2,2.25,P3539,P3539,28,Custom Shape,,NA,4,7,#N/A,Magnets,Preco
4,2.5853,P3540,P3540,16,Custom Shape,,NA,4,4,#N/A,Magnets,Preco
2.1702,4.25,P3541,P3541,20,Custom Shape,,NA,5,4,#N/A,Magnets,Preco
3.5,3.5,P3542,P3542,15,Picture Frame - Custom,Picture Frame,Square,3,5,#N/A,Magnets,Preco
4.9318,3.5958,P3543,P3543,8,Custom Shape,,NA,2,4,#N/A,Magnets,Preco
6.85,3.5,P3544,P3544,6,Custom Shape,,NA,3,2,#N/A,Magnets,Preco
3.25,2.991,P3545,P3545,15,Custom Shape,,NA,3,5,#N/A,Magnets,Preco
3.375,4.0836,P3546,P3546,12,Shield Shape,,NA,3,4,#N/A,Magnets,Preco
2.5,3.85,P3547,P3547,16,Custom Shape,,NA,4,4,#N/A,Magnets,Preco
7.25,3.4679,P3548,P3548,8,Custom Shape,,NA,4,2,#N/A,Magnets,Preco
7,5,P3549,P3549,4,Picture Frame (Oval ),Picture Frame,Square,2,2,#N/A,Magnets,Preco
3.125,3.375,P3550,P3550,15,Purse Shape,,NA,3,5,#N/A,Magnets,Preco
4,2.747,P3551,P3551,12,Custom Shape,,NA,3,4,#N/A,Magnets,Preco
3.7949,2.6061,P3552,P3552,16,Custom Shape,,,4,4,#N/A,Magnets,Preco
5.7431,5.9125,P3553,P3553,3,Custom Shape,,NA,1,3,#N/A,Magnets,Preco
1.75,1,P3554,P3554,81,Rectangle,,Square,9,9,#N/A,Magnets,Preco
4.5,5.5644,P3555,P3555,6,Custom Shape,,NA,2,3,#N/A,Magnets,Preco
4.6393,6.3323,P3556,P3556,4,Stylized jar Shape,,NA,2,2,#N/A,Magnets,Preco
7.5,7.5,P3557,P3557,2,Rectangle,,Square,1,2,#N/A,Magnets,Preco
4.25,1.255,P3558,P3558,32,Custom Shape,,NA,8,4,#N/A,Magnets,Preco
7.25,5.5,P3559,P3559,4,Picture Frame,Picture Frame,Round,2,2,#N/A,Magnets,Preco
3.2998,1.4705,P3560,P3560,44,Pendant Shape,,NA,11,4,#N/A,Magnets,Preco
4.9993,2.7922,P3561,P3561,18,triangle shape,,NA,6,3,#N/A,Magnets,Preco
2.75,9,P3562,P3562,6,Custom Picture Frame,Picture Frame,Square,3,2,#N/A,Magnets,Preco
4.284,4.1924,P3563,P3563,8,Custom Shape,,NA,2,4,#N/A,Magnets,Preco
2.15,2.25,P3564,P3564,28,Custom Shape,,NA,4,7,#N/A,Magnets,Preco
5,2.25,P3565,P3565,12,Custom Van Shape,,NA,4,3,#N/A,Magnets,Preco
7,5.5,P3566,P3566,4,Kiss cut,,Square,2,2,#N/A,Magnets,Preco
4.25,3.55,P3567,P3567,9,Custom Shape,,NA,3,3,#N/A,Magnets,Preco
3,2.25,P3568,P3568,21,Custom Shape,,NA,3,7,#N/A,Magnets,Preco
4.1752,1.8924,P3569,P3569,20,Van Shape,,NA,5,4,#N/A,Magnets,Preco
2.3367,4.2534,P3570,P3570,16,Custom Glass Shape,,NA,4,4,#N/A,Magnets,Preco
6.0103,4.287,P3571,P3571,6,Custom Shape,,NA,2,3,#N/A,Magnets,Preco
3.6815,9,P3572,P3572,4,House Shape,,NA,1,4,#N/A,Magnets,Preco
3.5,3.5,P3573,P3573,15,Badges Shape,,NA,3,5,#N/A,Magnets,Preco
2.84,2.1,P3574,P3574,24,Custom Shape,,NA,4,6,#N/A,Magnets,Preco
3,1.8919,P3575,P3575,25,Custom Shape,,NA,5,5,#N/A,Magnets,Preco
6.5,6,P3576,P3576,3,Custom Heart Shape,,NA,1,3,#N/A,Magnets,Preco
4,4.4362,P3577,P3577,8,Custom Shape,,NA,2,4,#N/A,Magnets,Preco
5,5.7151,P3578,P3578,6,Custom Shape,,NA,2,3,#N/A,Magnets,Preco
8.1229,5.9412,P3579,P3579,3,Custom Diamond Shape,,NA,1,3,#N/A,Magnets,Preco
4.2822,3.9794,P3580,P3580,8,Custom Shape,,NA,2,4,#N/A,Magnets,Preco
3.4073,4.0469,P3581,P3581,12,Custom Shape,,NA,3,4,#N/A,Magnets,Preco
7,7,P3582,P3582,2,Custom Shape,,NA,1,2,#N/A,Magnets,Preco
5.187,2.2869,P3583,P3583,12,Van Shape,,NA,4,3,#N/A,Magnets,Preco
5.96,6,P3584,P3584,3,Bear head Shape,,NA,1,3,#N/A,Magnets,Preco
4.25,2.02,P3585,P3585,20,Van Shape,,NA,5,4,#N/A,Magnets,Preco
5.9211,3.1625,P3586,P3586,9,Car Shape,,NA,3,3,#N/A,Magnets,Preco
3.34,3.54,P3587,P3587,15,Custom Shape,,NA,3,5,#N/A,Magnets,Preco
4.75,2.0476,P3588,P3588,15,Van Shape,,NA,5,3,#N/A,Magnets,Preco
3.6591,4.5,P3589,P3589,8,Custom Shape,,NA,2,4,#N/A,Magnets,Preco
3.27,5,P3590,P3590,9,Custom Teddy Shape,,NA,3,3,#N/A,Magnets,Preco
3.5,1.8683,P3591,P3591,25,Cylindrical Can Shape,,NA,5,5,#N/A,Magnets,Preco
5,2.2398,P3592,P3592,21,Custom Triangle Shape,,NA,7,3,#N/A,Magnets,Preco
1.9539,3.033,P3593,P3593,25,Shield Shape,,NA,5,5,#N/A,Magnets,Preco
9,5.75,P3594,P3594,4,Rectangle,,Square,2,2,#N/A,Magnets,Preco
7,5,P3595,P3595,4,Custom Shape,,NA,2,2,#N/A,Magnets,Preco
3.6,3,P3596,P3596,16,Custom Shape,,NA,4,4,#N/A,Magnets,Preco
3.6241,1.6337,P3597,P3597,24,Van Shape,,NA,6,4,#N/A,Magnets,Preco
4.1872,4.2571,P3598,P3598,8,Badge Shape,,NA,2,4,#N/A,Magnets,Preco
4.2397,4.5694,P3599,P3599,6,Badge Shape,,NA,2,3,#N/A,Magnets,Preco
10.2232,9.8988,P3600,P3600,1,Custom Shape,,NA,1,1,#N/A,Magnets,Preco
4.8799,4.0019,P3601,P3601,8,Custom Flag Shape,,NA,2,4,#N/A,Magnets,Preco
4.6611,5.3185,P3602,P3602,6,Custom Shape,,NA,2,3,#N/A,Magnets,Preco
4,2,P3603,P3603,20,Custom Shape,,NA,5,4,#N/A,Magnets,Preco
4.0744,4,P3604,P3604,8,Custom Shape,,NA,2,4,#N/A,Magnets,Preco
4.4142,3.9705,P3605,P3605,8,Custom Shape,,NA,2,4,#N/A,Magnets,Preco
6.7811,5.0071,P3606,P3606,4,Custom Shape,,NA,2,2,#N/A,Magnets,Preco
4.35,4,P3607,P3607,8,Custom Shape,,NA,2,4,#N/A,Magnets,Preco
6,3,P3608,P3608,9,Custom Shape,,NA,3,3,#N/A,Magnets,Preco
5.8,8.5,P3609,P3609,3,Custom Shape,,NA,1,3,#N/A,Magnets,Preco
5.23,2.469,P3610,P3610,12,Van Shape,,NA,2,6,#N/A,Magnets,Preco
4.25,2.11,P3611,P3611,16,Van Shape,,NA,4,4,#N/A,Magnets,Preco
4,2.46,P3612,P3612,16,Custom Shape,,NA,4,4,#N/A,Magnets,Preco
6,4,P3613,P3613,6,Custom Shape,,NA,2,3,#N/A,Magnets,Preco
3.2278,4.1921,P3614,P3614,12,Custom Shape,,NA,3,4,#N/A,Magnets,Preco
6.0413,5.5,P3615,P3615,6,Custom Shape,,NA,2,3,#N/A,Magnets,Preco
5.5,4.5,P3616,P3616,6,Custom Shape,,NA,2,3,#N/A,Magnets,Preco
8.4039,2.25,P3617,P3617,10,Custom Shape,,NA,5,2,#N/A,Magnets,Preco
2.8133,3.6133,P3618,P3618,12,Window with Round Arch,,NA,3,4,#N/A,Magnets,Preco
3.5,4.585,P3619,P3619,10,Custom Mortar Shape,,NA,2,5,#N/A,Magnets,Preco
3.6441,3.7912,P3620,P3620,8,Custom Shape,,NA,2,4,#N/A,Magnets,Preco
2.5,3,P3621,P3621,20,Custom Shape,,NA,4,5,#N/A,Magnets,Preco
2.625,1.7716,P3622,P3622,30,Custom Shape,,NA,5,6,#N/A,Magnets,Preco
2.2,2.25,P3623,P3623,28,Custom Shape,,NA,4,7,#N/A,Magnets,Preco
3.4,4,P3624,P3624,12,Custom Shape,,NA,3,4,#N/A,Magnets,Preco
2.82,4,P3625,P3625,12,House Shape,,NA,3,4,#N/A,Magnets,Preco
3.1856,2.993,P3626,P3626,15,Custom Pentagon Shape,,NA,3,5,#N/A,Magnets,Preco
3.0956,5.5,P3627,P3627,12,Cartoon human figure,,NA,4,3,#N/A,Magnets,Preco
4.5,3.89,P3628,P3628,8,Custom Shape,,NA,2,4,#N/A,Magnets,Preco
2.75,7.5,P3629,P3629,6,Rectangle,,Square,3,2,#N/A,Magnets,Preco
5.9201,6.8781,P3630,P3630,3,Apple Shape,,NA,1,3,#N/A,Magnets,Preco
1.7103,4,P3631,P3631,20,Beer Can Shape,,NA,5,4,#N/A,Magnets,Preco
2.75,1.63,P3632,P3632,36,Custom Shape,,NA,6,6,#N/A,Magnets,Preco
2.62,2.2733,P3633,P3633,28,Custom Shape,,NA,4,7,#N/A,Magnets,Preco
4.8,2.2,P3634,P3634,14,Van Shape,,NA,2,7,#N/A,Magnets,Preco
1.9663,5.0411,P3635,P3635,15,Coffee Vending Machine,,NA,5,3,#N/A,Magnets,Preco
3.8175,4,P3636,P3636,8,Custom Shield Shape,,NA,2,4,#N/A,Magnets,Preco
5.5,3.895,P3637,P3637,8,Oval Shape,Oval,NA,2,4,#N/A,Magnets,Preco
3,1.6216,P3638,P3638,30,Rectangle,,Square,6,5,#N/A,Magnets,Preco
6,4,P3639,P3639,6,Custom Shape,,NA,2,3,#N/A,Magnets,Preco
6.98,3.03,P3640,P3640,6,Custom Shape,,NA,3,2,#N/A,Magnets,Preco
2.4779,2.75,P3641,P3641,24,Custom Shape,,NA,4,6,#N/A,Magnets,Preco
6,3.9044,P3642,P3642,6,Custom Folder Shape,,NA,3,2,#N/A,Magnets,Preco
2.5,2.9,P3643,P3643,20,Custom Shape,,NA,4,5,#N/A,Magnets,Preco
2.58,3.98,P3644,P3644,16,Custom Bulb Shape,,NA,4,4,#N/A,Magnets,Preco
5,2.624,P3645,P3645,12,Custom Shape,,NA,4,3,#N/A,Magnets,Preco
5.5,3.3685,P3646,P3646,9,Custom Shape,,NA,3,3,#N/A,Magnets,Preco
6.75,11.5,P3647,P3647,1,Custom Shape,,NA,1,1,#N/A,Magnets,Preco
2,4.33,P3648,P3648,20,Custom Pill Shape,,NA,5,4,#N/A,Magnets,Preco
3.36,2.88,P3649,P3649,18,Heart Shape,,NA,3,6,#N/A,Magnets,Preco
7.5,4.5,P3650,P3650,4,Picture frame - Square,Picture Frame,Square,2,2,#N/A,Magnets,Preco
5,1.7433,P3651,P3651,20,Custom Shape,,NA,2,10,#N/A,Magnets,Preco
2.35,2.48,P3652,P3652,24,Custom Shape,,NA,4,6,#N/A,Magnets,Preco
3,2.5,P3653,P3653,20,Custom Shape,,NA,4,5,#N/A,Magnets,Preco
11.75,7.5,P3654,P3654,1,Rectangle,,Square,1,1,#N/A,Magnets,Preco
3.72,2.1,P3655,P3655,20,Custom Shape,,NA,5,4,#N/A,Magnets,Preco
3.9351,3.0321,P3656,P3656,12,Custom Shape,,NA,3,4,#N/A,Magnets,Preco
2.03,2.4,P3657,P3657,35,Custom Shape,,NA,5,7,#N/A,Magnets,Preco
4.35,2.63,P3658,P3658,16,Custom Shape,,NA,4,4,#N/A,Magnets,Preco
3.47,3.44,P3659,P3659,15,Custom Shape,,NA,3,5,#N/A,Magnets,Preco
6,4.44,P3660,P3660,6,Custom Shape,,NA,2,3,#N/A,Magnets,Preco
2.2106,2.6422,P3661,P3661,28,Custom Shape,,NA,4,7,#N/A,Magnets,Preco
3,3.6,P3662,P3662,15,Rectangle,,Square,3,5,#N/A,Magnets,Preco
3.73,4.27,P3663,P3663,16,California Shape,,NA,4,4,#N/A,Magnets,Preco
1.93,2.5,P3664,P3664,30,Custom Shape,,NA,5,6,#N/A,Magnets,Preco
3,3.5,P3665,P3665,12,Custom Shape,,NA,3,4,#N/A,Magnets,Preco
7.5,4.87,P3666,P3666,4,Custom Shape,,NA,2,2,#N/A,Magnets,Preco
5.5,8.25,P3667,P3667,4,Rectangle,,Round,2,2,#N/A,Magnets,Preco
7.843,1.3142,P3668,P3668,14,Custom Shape,,NA,7,2,#N/A,Magnets,Preco
2.56,1.89,P3669,P3669,30,Oval Shape,Oval,NA,5,6,https://media.magnetguys.com/diecut_proof/D__P3669__2.56-x-1.89_P3669_PIM26031847_Oval-Shape.jpg,Magnets,Preco
3,1.99,P3670,P3670,25,Custom Shape,,NA,5,5,#N/A,Magnets,Preco
3,7,P3671,P3671,6,Custom Picture frame - Square,Picture Frame,Square,3,2,#N/A,Magnets,Preco
2.9731,3.35,P3672,P3672,15,Custom Shape,,NA,3,5,#N/A,Magnets,Preco
2.1416,3.0878,P3673,P3673,20,Window with Round Arch,,NA,4,5,#N/A,Magnets,Preco
9,4.5,P3674,P3674,4,Custom Picture frame,Picture Frame,Square,2,2,#N/A,Magnets,Preco
5,2.28,P3675,P3675,12,Custom Pill Shape,,NA,4,3,#N/A,Magnets,Preco
2.97,3.35,P3676,P3676,15,Custom Shape,,NA,3,5,#N/A,Magnets,Preco
3.9521,3.9616,P3677,P3677,12,Triangle shape,,NA,3,4,#N/A,Magnets,Preco
2.8329,4,P3678,P3678,12,Custom Shape,,NA,3,4,#N/A,Magnets,Preco
2.6672,4,P3679,P3679,12,Custom Shape,,NA,3,4,#N/A,Magnets,Preco
3.65,3,P3680,P3680,12,Custom Shape,,NA,3,4,#N/A,Magnets,Preco
4,1.7351,P3681,P3681,20,Custom Van Shape,,NA,5,4,#N/A,Magnets,Preco
2.36,2.08,P3682,P3682,32,Maple leaf,,NA,4,8,#N/A,Magnets,Preco
3.42,1.1,P3683,P3683,45,Custom Shape,,NA,9,5,#N/A,Magnets,Preco
2.95,1.56,P3684,P3684,30,Van Shape,,NA,6,5,#N/A,Magnets,Preco
3.1,3.03,P3685,P3685,15,Custom Shape,,NA,3,5,#N/A,Magnets,Preco
6.25,1.3967,P3686,P3686,16,Custom Shape,,NA,8,2,#N/A,Magnets,Preco
7,4.7882,P3687,P3687,4,Custom Shape,,NA,2,2,#N/A,Magnets,Preco
2.5113,1.9742,P3688,P3688,30,Custom Shape,,NA,5,6,#N/A,Magnets,Preco
7,3.5646,P3689,P3689,6,Custom Shape,,NA,3,2,#N/A,Magnets,Preco
3.4603,3,P3690,P3690,15,Custom Shape,,NA,3,5,#N/A,Magnets,Preco
3.069,1.8694,P3691,P3691,25,Custom Shape,,NA,5,5,#N/A,Magnets,Preco
4.34,2.04,P3692,P3692,20,Custom Shape,,NA,5,4,#N/A,Magnets,Preco
4.29,4.5,P3693,P3693,8,Custom Shield Shape,,NA,2,4,#N/A,Magnets,Preco
1.875,3,P3694,P3694,25,Bottle Shape,,NA,5,5,#N/A,Magnets,Preco
2.25,1.9,P3695,P3695,35,Apple has merged with a Citrus,,NA,5,7,#N/A,Magnets,Preco
4.4,4.05,P3696,P3696,8,Custom Shape,,NA,2,4,#N/A,Magnets,Preco
4,1.55,P3697,P3697,24,Custom Shape,,NA,6,4,#N/A,Magnets,Preco
4.86,3.26,P3698,P3698,9,Iowa Shape,,NA,3,3,#N/A,Magnets,Preco
4.77,1.86,P3699,P3699,15,Custom Shape,,NA,5,3,#N/A,Magnets,Preco
4.47,1.99,P3700,P3700,15,Oval Shape,Oval,NA,5,3,#N/A,Magnets,Preco
4.5,1.96,P3701,P3701,15,Van Shape,,NA,5,3,#N/A,Magnets,Preco
3.4,2.8627,P3702,P3702,18,Custom Shape,,NA,3,6,#N/A,Magnets,Preco
4.75,3.72,P3703,P3703,8,Custom Shape,,NA,2,4,#N/A,Magnets,Preco
4.61,4.29,P3704,P3704,8,Custom Shape,,NA,2,4,#N/A,Magnets,Preco
4,3,P3705,P3705,10,Custom Shape,,NA,2,5,#N/A,Magnets,Preco
3.725,4,P3706,P3706,12,Custom Shape,,NA,3,4,#N/A,Magnets,Preco
3.679,6,P3707,P3707,9,Custom Shape,,NA,3,3,#N/A,Magnets,Preco
4.28,3.66,P3708,P3708,-,Custom Shape,,NA,2,,#N/A,Magnets,Preco
3.09,3.2,P3709,P3709,15,Custom Shape,,NA,3,5,#N/A,Magnets,Preco
6.86,2.67,P3710,P3710,8,Police car Shape,,NA,4,2,#N/A,Magnets,Preco
2.6367,3.5176,P3711,P3711,15,S - Shape,,NA,3,5,#N/A,Magnets,Preco
4,2.878,P3712,P3712,12,Custom Shape,,NA,3,4,#N/A,Magnets,Preco
7,5,P3713,P3713,4,Picture Frame,Picture Frame,Square,2,2,#N/A,Magnets,Preco
3.85,3.31,P3714,P3714,12,Custom Shape,,NA,3,4,#N/A,Magnets,Preco
5,1.4106,P3715,P3715,18,Custom Shape,,NA,6,3,#N/A,Magnets,Preco
3.0705,3.7447,P3716,P3716,12,Custom Shape,,NA,3,4,#N/A,Magnets,Preco
1.45,4.472,P3717,P3717,18,Custom Shape,,NA,6,3,#N/A,Magnets,Preco
3,1.6,P3718,P3718,27,Rectangle,,Round,3,9,#N/A,Magnets,Preco
2.125,3.375,P3719,P3719,25,Bulbe Shape,,NA,5,5,#N/A,Magnets,Preco
5,0.8655,P3720,P3720,30,Custom Shape,,NA,10,3,#N/A,Magnets,Preco
3.125,3.0625,P3721,P3721,15,Rectangle,,Square,3,5,#N/A,Magnets,Preco
7.5,3,P3722,P3722,8,Mountain Shape,,NA,4,2,#N/A,Magnets,Preco
4.614,4.227,P3723,P3723,6,Custom Shape,,NA,2,3,#N/A,Magnets,Preco
4.5,4.4,P3724,P3724,8,Custom Shape,,NA,2,4,#N/A,Magnets,Preco
3,1.659,P3725,P3725,30,Custom Shape,,NA,6,5,#N/A,Magnets,Preco
6,3.99,P3726,P3726,9,Dolphin shaped,,NA,3,3,#N/A,Magnets,Preco
3.2657,4.0057,P3727,P3727,12,Custom Shape,,NA,3,4,#N/A,Magnets,Preco
9.5,5.8053,P3728,P3728,3,Custom Shape,,NA,1,3,#N/A,Magnets,Preco
5,3.75,P3729,P3729,10,Custom Butterfly Shape,,NA,2,5,#N/A,Magnets,Preco
6,2.65,P3730,P3730,12,Van Shape,,NA,4,3,#N/A,Magnets,Preco
3.9979,2.2731,P3731,P3731,20,Massachusetts Shape,,NA,5,4,#N/A,Magnets,Preco
4.36,4.29,P3732,P3732,8,Custom Shape,,NA,2,4,#N/A,Magnets,Preco
4.4274,4.4362,P3733,P3733,8,Custom Shape,,NA,2,4,#N/A,Magnets,Preco
4.9615,3.9072,P3734,P3734,8,Shield Shape,,NA,2,4,#N/A,Magnets,Preco
3.5,2.25,P3735,P3735,20,Butterfly with Square,,NA,4,5,#N/A,Magnets,Preco
5.5,4,P3736,P3736,8,Custom Picture Frame Shape,Picture Frame,Square,2,4,#N/A,Magnets,Preco
2.63,2.55,P3737,P3737,24,Texas Shape,,NA,4,6,#N/A,Magnets,Preco
4.1698,4.5348,P3738,P3738,8,Custom Shape,,NA,2,4,#N/A,Magnets,Preco
3.5,3.75,P3739,P3739,12,Custom Picture Frame Shape,Picture Frame,Square,3,4,#N/A,Magnets,Preco
1.98,2.417,P3740,P3740,35,Custom Shape,,NA,5,7,#N/A,Magnets,Preco
6,3,P3741,P3741,15,Custom Shape,,NA,5,3,#N/A,Magnets,Preco
5.5,11.875,P3742,P3742,2,Rectangle,Square,Square,2,1,#N/A,Magnets,Preco
4,2.4154,P3743,P3743,16,Rectangle,Round,Round,8,2,#N/A,Magnets,Preco
4.2253,4.0615,P3744,P3744,9,Dog Shape,Shaped,NA,3,3,#N/A,Magnets,Preco
2.51,2.76,P3745,P3745,24,Custom Shape,Die Cut,NA,4,6,#N/A,Magnets,Preco
6.1185,4.3362,P3746,P3746,4,Custom Shape,Die Cut,NA,2,2,#N/A,Magnets,Preco
11.25,3,P3747,P3747,5,Rectangle,Square,Square,1,5,#N/A,Magnets,Preco
3.65,1.63,P3748,P3748,24,Custom Shape,Die Cut,NA,6,4,#N/A,Magnets,Preco
5,2.75,P3749,P3749,12,Custom Shape,Die Cut,NA,2,6,#N/A,Magnets,Preco
5.3,1.69,P3750,P3750,18,Custom Shape,Die Cut,NA,6,3,#N/A,Magnets,Preco
2.33,2.96,P3751,P3751,20,Shield Shape,Shaped,NA,4,5,#N/A,Magnets,Preco
6.5,3.8514,P3752,P3752,4,Custom Shape,Die Cut,NA,2,2,#N/A,Magnets,Preco
3,1.6384,P3753,P3753,30,Campervan Shape,Shaped,NA,6,5,#N/A,Magnets,Preco
4.8614,4.2075,P3754,P3754,8,Custom Shape,Die Cut,NA,2,4,#N/A,Magnets,Preco
4.7,4.1944,P3755,P3755,8,Custom Shape,Die Cut,NA,2,4,#N/A,Magnets,Preco
5,3.8777,P3756,P3756,8,Custom Shape,Die Cut,NA,2,4,#N/A,Magnets,Preco
4.26,4.51,P3757,P3757,8,Custom Shape,Die Cut,NA,2,4,#N/A,Magnets,Preco
4.4942,4.259,P3758,P3758,8,Custom Shape,Die Cut,NA,2,4,#N/A,Magnets,Preco
3.854,5.0046,P3759,P3759,8,Custom Shape,Die Cut,NA,2,4,#N/A,Magnets,Preco
4.375,4.375,P3760,P3760,8,Circle,Circle,NA,2,4,#N/A,Magnets,Preco
3.99,2.77,P3761,P3761,12,Custom Shape,Die Cut,NA,2,6,#N/A,Magnets,Preco
4,2.725,P3762,P3762,12,Custom Shape,Die Cut,NA,2,6,#N/A,Magnets,Preco
5.862,7.112,P3763,P3763,3,Custom Shape,Die Cut,NA,1,3,#N/A,Magnets,Preco
3,3,P3764,P3764,15,Custom Shape,Die Cut,NA,3,5,#N/A,Magnets,Preco
5.1531,3.8542,P3765,P3765,8,Custom Shape,Die Cut,NA,2,4,#N/A,Magnets,Preco
5.1757,3.8615,P3766,P3766,8,Custom Shape,Die Cut,NA,2,4,#N/A,Magnets,Preco
7.15,2.9,P3767,P3767,6,Custom Shape,Die Cut,NA,3,2,#N/A,Magnets,Preco
6.889,6.359,P3768,P3768,2,Heart Shape,Shaped,NA,1,2,#N/A,Magnets,Preco
4.1633,4.2521,P3769,P3769,9,Custom Shape,Die Cut,NA,3,3,#N/A,Magnets,Preco
2.31,3.01,P3770,P3770,21,Stamp shape Shape,Shaped,NA,3,7,#N/A,Magnets,Preco
5.4927,3.6034,P3771,P3771,9,Custom Shape,Die Cut,NA,3,3,#N/A,Magnets,Preco
4.2,5.5614,P3772,P3772,8,Custom Shield Shape,Shaped,NA,2,4,#N/A,Magnets,Preco
3.5,3.5,P3773,P3773,15,Picture frame - T Shirt,Picture Frame,NA,3,5,#N/A,Magnets,Preco
7.5502,4.4827,P3774,P3774,4,Custom Shape,Die Cut,NA,2,2,#N/A,Magnets,Preco
6.4308,5.1547,P3775,P3775,4,Custom Shape,Die Cut,NA,2,2,#N/A,Magnets,Preco
2.5804,3.8118,P3776,P3776,16,Wine Glass Shape,Shaped,NA,4,4,#N/A,Magnets,Preco
4.18,5,P3777,P3777,6,Shield shape,Shaped,NA,2,3,#N/A,Magnets,Preco
2.45,3.5,P3778,P3778,20,Toilet Shape,Shaped,NA,4,5,#N/A,Magnets,Preco
8.25,5.7081,D0105,,3,"""80"" Shape",,NA,,,,Hand Fans,Duplo
7,8.1411,D0093,,2,Apothecary Jar Shape,,NA,,,,Hand Fans,Duplo
8,9.2018,D0057,,2,Apple Shape,,NA,,,,Hand Fans,Duplo
8,7.3791,D0096,,2,Baseball Cap,,NA,,,,Hand Fans,Duplo
8,8.5,D0076,,2,Bell Shape,,NA,,,,Hand Fans,Duplo
4,5.1401,D0099,,6,Boot Shape (Mini),,NA,,,,Hand Fans,Duplo
2.618,4.743,D0051,,12,Bottle Hangers,,Round,,,,Bottle Hangers,Duplo
2.5,5,D0070,,12,Bottle Hangers,,Square,,,,Bottle Hangers,Duplo
3,7.5,D0073,,6,Bottle Hangers,,Square,,,,Bottle Hangers,Duplo
8,8,D0009,,2,Bread Shape with angled notch,,NA,,,,Hand Fans,Duplo
8.5,8.5,D0018,,2,Bubble Shape,,NA,,,,Hand Fans,Duplo
11.3202,5.4465,D0033,,2,Car Shape,,NA,,,,Hand Fans,Duplo
8,8.1507,D0011,,2,Church shape with angled notch,,NA,,,,Hand Fans,Duplo
5,5,D0001,,6,Circle,,NA,,,,Vinyl Sticker,Duplo
8.5,8.5,D0002,,2,Circle,,NA,,,,Hand Fans,Duplo
3,3,D0003,,15,Circle,,NA,,,,Hand Fans,Duplo
4,4,D0049,Pulp Coasters,9,Circle,,NA,,,,Vinyl Sticker,Duplo
2,2,D0059,,40,Circle,,NA,,,,Vinyl Sticker,Duplo
6,6,D0077,,3,Circle,,NA,,,,Paper Sticker,Duplo
3.5,3.5,D0088,Pulp Coasters,15,Circle,,NA,,,,Sticker,Duplo
8,8,D0015,,2,Circle with angled notch,,NA,,,,Hand Fans,Duplo
8.5,8.5,D0007,,2,Circle with angled notch 0.125 inch,,NA,,,,Hand Fans,Duplo
8,8,D0044,,2,Clover Shape with angled notch,,NA,,,,Hand Fans,Duplo
9.8344,7.6463,D0013,,2,Cowboy hat shape with angled notch,,NA,,,,Hand Fans,Duplo
3.5,2,D0053,,25,Business Cards Shape,Custom - Business Cards Shape,NA,,,,Paper Sticker,Duplo
8,10,D0081,,2,Custom Shape,Custom Shape,NA,,,,Hand Fans,Duplo
3,2.6253,D0082,,20,Custom Shape,Custom Shape,NA,,,,Vinyl Sticker,Duplo
3,3.08,D0086,,15,Custom Shape,Custom Shape,NA,,,,Vinyl Sticker,Duplo
8,7.27,D0103,,2,Custom Shape,Custom Shape,NA,,,,Hand Fans,Duplo
8,8,D0087,,2,Diamond Shape,,Square,,,,Hand Fans,Duplo
4.25,11,D0022,,4,Door Hangers,,Square,,,,Door Hangers,Duplo
3.5,8.5,D0062,,6,Door Hangers,,NA,,,,Door Hangers,Duplo
3.5,8.5,D0071,,6,Door Hangers,,Square,,,,Door Hangers,Duplo
5.25,8.5,D0108,,4,Door Hangers,,Square,,,,Door Hangers,Duplo
8,8.64,D0014,,2,Elect Shape,,NA,,,,Hand Fans,Duplo
8.1513,8,D0109,,2,Elephant Shape,,NA,,,,Hand Fans,Duplo
8,8,D0025,,2,Fire Badge Shape,,NA,,,,Hand Fans,Duplo
8,8.1462,D0094,,2,Flag Shape,,NA,,,,Hand Fans,Duplo
8,7.3,D0027,,2,Flower Shape with angled notch,,NA,,,,Hand Fans,Duplo
8,7,D0046,,2,Fruit Shape,,NA,,,,Vinyl Sticker,Duplo
8,7.5,D0030,,2,Gem Shape,,NA,,,,Hand Fans,Duplo
8,10.1296,D0040,,2,Guitar Shape with angled notch,,NA,,,,Hand Fans,Duplo
8,7.2909,D0054,,2,Hand Shape,,NA,,,,Hand Fans,Duplo
8.58,7.8,D0019,,2,Heart Shape,,NA,,,,Hand Fans,Duplo
8,8.108,D0026,,2,Helmet Shape with angled notch,,NA,,,,Hand Fans,Duplo
8,9.1574,D0097,,2,Hexagon Shape,,NA,,,,Vinyl Sticker,Duplo
7.25,7.25,D0005,,2,Hourglass with angled notch,,NA,,,,Hand Fans,Duplo
10,7.5,D0012,,2,House shape with angled notch,,NA,,,,Hand Fans,Duplo
7.6096,8,D0110,,2,Leaf Shape,,NA,,,,Hand Fans,Duplo
8.5,9.5,D0092,,2,Light bulb,,NA,,,,Hand Fans,Duplo
5,5,D0106,,6,Mini Bread Shape,,NA,,,,Hand Fans,Duplo
5,4.0697,D0028,,8,Mini Cowboy hat shape with angled notch,,NA,,,,Hand Fans,Duplo
5,3.6,D0036,,8,Mini Dragon Shaped,,NA,,,,Hand Fans,Duplo
4.5,5,D0107,,6,Mini Hexagon Shape,,NA,,,,Hand Fans,Duplo
5,5.1262,D0038,,6,Mini Monster Shaped,,NA,,,,Hand Fans,Duplo
4,5.0974,D0039,,8,Mini Oval with angled notch (Face Cutout),,NA,,,,Hand Fans,Duplo
5,5.0226,D0017,,6,Mini Palm / Hourglass Shape with angled notch 0.75 Inch,,NA,,,,Hand Fans,Duplo
9,4,D0063,,1,Mini pocket folder,,NA,,,,Paper Sticker,Duplo
5,5.1221,D0029,,6,Mini Rectangle with angled notch,,Square,,,,Hand Fans,Duplo
5,5,D0090,,6,Mini Shield Shape,,NA,,,,Hand Fans,Duplo
8,8.125,D0056,,2,Octagon Shape,,NA,,,,Hand Fans,Duplo
6,4,D0034,,6,Oval Shape,,NA,,,,Vinyl Sticker,Duplo
6.5,4.25,D0042,,4,Oval Shape,,NA,,,,Vinyl Sticker,Duplo
3,2,D0060,,25,Oval Shape,,NA,,,,Vinyl Sticker,Duplo
4,3,D0061,,12,Oval Shape,,NA,,,,Vinyl Sticker,Duplo
5,4,D0074,,8,Oval Shape,,NA,,,,Vinyl Sticker,Duplo
5,3,D0075,,10,Oval Shape,,NA,,,,Vinyl Sticker,Duplo
10,8.1343,D0023,,2,Oval with angled notch,,NA,,,,Hand Fans,Duplo
9.102,7.25,D0008,,2,Oval with angled notch (Face Cutout),,NA,,,,Hand Fans,Duplo
10,8.1317,D0032,,2,Palette Shape with angled notch,,NA,,,,Hand Fans,Duplo
8,8,D0010,,2,Palm Shape with angled notch,,NA,,,,Hand Fans,Duplo
8,9,D0116,,2,Paw Shape,,NA,,,,Hand Fans,Duplo
10,6.1287,D0031,,2,Peacock with angled notch,,NA,,,,Hand Fans,Duplo
9,8.1247,D0115,,2,Pumpkin Shaped,,NA,,,,Hand Fans,Duplo
8,8,D0095,,2,RD Diamond Shape,,Round,,,,Hand Fans,Duplo
10,6.25,D0016,,2,Rd Triangle Shape,,NA,,,,Hand Fans,Duplo
2,3,D0004,,25,Rectangle,,Square,,,,Hand Fans,Duplo
4,3,D0037,,12,Rectangle,,Square,,,,Vinyl Sticker,Duplo
3.5,2,D0043,,25,Rectangle,,Square,,,,Vinyl Sticker,Duplo
2,2,D0045,,40,Rectangle,,Square,,,,Vinyl Sticker,Duplo
3.5,8,D0052,,6,Rectangle,,Square,,,,Vinyl Sticker,Duplo
2.5,2.5,D0064,,24,Rectangle,,Square,,,,Paper Sticker,Duplo
4,3,D0066,,12,Rectangle,,Round,,,,Vinyl Sticker,Duplo
4,4,D0067,Pulp Coasters,8,Rectangle,,Square,,,,Vinyl Sticker,Duplo
3.5,4,D0068,,12,Rectangle,,Square,,,,Vinyl Sticker,Duplo
5,5,D0069,,6,Rectangle,,Square,,,,Vinyl Sticker,Duplo
5,3,D0072,,10,Rectangle,,Square,,,,Vinyl Sticker,Duplo
6,4,D0079,,6,Rectangle,,Square,,,,Paper Sticker,Duplo
6.75,6,D0080,,3,Rectangle,,Square,,,,Paper Sticker,Duplo
3.75,4.25,D0083,,8,Rectangle,,Square,,,,Paper Sticker,Duplo
6,6,D0084,,3,Rectangle,,Square,,,,Paper Sticker,Duplo
8.25,4.25,D0085,,4,Rectangle,,Square,,,,Paper Sticker,Duplo
5,6.4688,D0089,,4,Rectangle,,Square,,,,Post Card,Duplo
3,2,D0098,,25,Rectangle,,Round,,,,Vinyl Sticker,Duplo
3.5,3.5,D0100,Pulp Coasters,15,Rectangle,,Square,,,,Vinyl Sticker,Duplo
3.5,3.5,D0101,,15,Rectangle,,Round,,,,Vinyl Sticker,Duplo
7,5,D0104,,4,Rectangle,,Square,,,,Vinyl Sticker,Duplo
6,2,D0111,,15,Rectangle,,Square,,,,Vinyl Sticker,Duplo
5.5,8.5,D0091,,3,Rectangle Folded size (5.5 x 4.25 ),,Square,,,,Post Card,Duplo
3,3,D0041,,15,Rectangle Shape,,Square,,,,Vinyl Sticker,Duplo
2,1.5,D0047,,48,Rectangle Shape,,Square,,,,Luggage tag,Duplo
4,2,D0048,,20,Rectangle Shape,,Square,,,,Vinyl Sticker,Duplo
7.25,8.125,D0006,,2,Rectangle with angled notch,,Round,,,,Hand Fans,Duplo
8,8.1329,D0020,,2,Rectangle with angled notch,,Square,,,,Hand Fans,Duplo
8,8.0658,D0112,,2,Shell Shape,,NA,,,,Hand Fans,Duplo
8,8,D0024,,2,Shield Shape,,NA,,,,Hand Fans,Duplo
2.0519,2,D0058,,30,Shield Shape,,NA,,,,Vinyl Sticker,Duplo
8,8.1509,D0114,,2,Square with Rounded - Custom,,Round,,,,Hand Fans,Duplo
8,8,D0050,,2,Star Shape,,NA,,,,Hand Fans,Duplo
8,7.6743,D0055,,2,Star Shape,,NA,,,,Hand Fans,Duplo
8,8,D0102,,2,Sun Shape,,NA,,,,Hand Fans,Duplo
9.13,6.8,D0117,,5,T shirt Shaped,,NA,,,,Hand Fans,Duplo
7,5,D0078,,2,Table Tent,,Square,,,,Table Tent,Duplo
5.35,5.1594,D0113,,6,Tapered Shape,,NA,,,,Hand Fans,Duplo
8,7.616,D0021,,2,Tapered with angled notch,,NA,,,,Hand Fans,Duplo
9,5.5,D0065,,4,Van shape,,NA,,,,Hand Fans,Duplo
8,9.1483,D0035,,2,Witch Shaped,,NA,,,,Hand Fans,Duplo
